timestamp,DE-LU,FR,ES,NL,BE,AT,PL,CH,DK1,DK2,NO2,SE3,IT-North
2026-10-01T00:00Z,159.8,,186.63,,170.24,187.55,136.86,167.49,142.83,145.56,136.38,36.08,
2026-10-01T00:15Z,158.74,,185.0,,164.28,183.27,135.49,,142.62,145.39,136.2,37.35,
2026-10-01T00:30Z,158.79,,182.0,,162.69,175.38,140.02,,143.14,145.91,136.7,36.0,
2026-10-01T00:45Z,156.4,,180.0,,159.83,172.81,141.44,,143.13,145.91,136.99,36.69,
2026-10-01T01:00Z,161.1,,186.63,,164.55,174.64,143.27,168.0,144.92,145.94,138.37,37.25,
2026-10-01T01:15Z,161.11,,185.0,,164.58,175.52,143.98,,145.01,145.93,138.47,37.0,
2026-10-01T01:30Z,158.71,,184.14,,162.15,176.44,145.11,,144.35,145.93,138.07,36.66,
2026-10-01T01:45Z,157.1,,183.33,,160.28,177.64,145.56,,145.22,145.93,139.25,36.64,
2026-10-01T02:00Z,158.59,,180.17,,161.16,178.4,150.59,173.8,148.47,145.96,142.62,36.38,
2026-10-01T02:15Z,158.04,,179.67,,160.77,181.36,148.44,,148.45,145.95,142.7,36.53,
2026-10-01T02:30Z,155.85,,179.67,,158.34,176.5,145.41,,148.07,145.91,142.56,36.71,
2026-10-01T02:45Z,159.72,,178.19,,162.59,178.32,149.53,,148.42,145.92,142.42,37.22,
2026-10-01T03:00Z,158.06,,169.5,,160.65,177.86,150.17,176.99,148.48,145.98,142.7,38.71,
2026-10-01T03:15Z,158.8,,169.03,,161.57,179.57,151.03,,149.88,147.35,144.15,40.14,
2026-10-01T03:30Z,168.39,,172.54,,171.55,182.79,164.2,,153.38,150.79,146.72,43.92,
2026-10-01T03:45Z,181.29,,185.1,,183.83,198.24,175.5,,173.01,170.08,148.27,47.08,
2026-10-01T04:00Z,177.0,,179.67,,179.21,183.7,175.5,205.0,161.86,164.9,146.68,65.6,
2026-10-01T04:15Z,203.11,,195.63,,203.12,214.04,200.27,,188.87,192.39,147.22,92.41,
2026-10-01T04:30Z,218.61,,199.05,,217.47,223.99,217.26,,207.31,211.16,148.18,114.63,
2026-10-01T04:45Z,233.97,,204.58,,231.72,239.2,232.05,,216.61,220.21,150.01,117.66,
2026-10-01T05:00Z,228.14,,201.75,,226.15,246.45,221.78,232.84,208.98,213.31,147.56,120.16,
2026-10-01T05:15Z,242.75,,210.0,,240.6,254.8,238.73,,224.91,229.13,149.79,119.84,
2026-10-01T05:30Z,243.32,,220.81,,245.08,262.49,236.81,,224.28,228.49,150.64,120.09,
2026-10-01T05:45Z,234.76,,225.19,,236.99,254.66,227.73,,223.23,227.41,151.95,113.56,
2026-10-01T06:00Z,258.14,,225.0,,261.74,268.11,211.97,228.0,232.82,237.08,161.11,143.92,
2026-10-01T06:15Z,235.27,,220.8,,237.47,249.3,229.89,,224.53,228.77,161.22,112.87,
2026-10-01T06:30Z,226.0,,207.46,,227.13,226.94,191.3,,216.73,220.87,160.61,99.99,
2026-10-01T06:45Z,214.02,,191.77,,215.2,214.23,189.2,,203.62,213.95,159.75,94.52,
2026-10-01T07:00Z,238.12,,226.06,,238.12,238.12,238.12,208.4,238.12,227.7,160.77,95.29,
2026-10-01T07:15Z,211.99,,200.0,,224.75,150.52,153.91,,206.89,203.31,159.38,87.3,
2026-10-01T07:30Z,200.44,,181.75,,218.38,124.28,110.3,,192.88,189.5,158.65,82.72,
2026-10-01T07:45Z,182.66,,150.5,,202.08,99.43,86.06,,174.51,171.38,158.44,75.58,
2026-10-01T08:00Z,209.53,,169.46,,234.45,90.61,97.31,204.51,199.67,186.26,158.39,82.68,
2026-10-01T08:15Z,189.53,,132.35,,211.82,83.15,89.14,,180.71,168.66,158.36,74.15,
2026-10-01T08:30Z,173.94,,120.01,,194.33,76.58,82.06,,165.87,154.78,158.13,71.17,
2026-10-01T08:45Z,160.6,,82.74,,181.13,62.59,68.11,,152.47,145.95,150.35,66.88,
2026-10-01T09:00Z,165.28,,100.0,,175.1,92.25,96.36,190.45,159.81,148.56,154.51,77.46,
2026-10-01T09:15Z,158.92,,80.77,,170.21,68.47,88.01,,153.11,145.93,148.21,68.16,
2026-10-01T09:30Z,158.8,,62.0,,179.49,35.69,80.11,,151.65,143.23,146.84,64.76,
2026-10-01T09:45Z,157.42,,57.5,,189.83,9.23,72.91,,148.95,139.77,144.32,63.54,
2026-10-01T10:00Z,160.89,,58.8,,195.0,167.21,0.0,167.55,147.78,138.58,143.23,63.14,
2026-10-01T10:15Z,164.01,,50.0,,183.9,158.1,-11.58,,153.03,143.95,148.13,63.12,
2026-10-01T10:30Z,160.45,,40.02,,190.45,138.74,-34.94,,151.17,143.53,146.38,61.17,
2026-10-01T10:45Z,163.41,,43.22,,166.03,105.0,-78.31,,159.83,153.15,154.47,62.99,
2026-10-01T11:00Z,153.31,,43.81,,163.73,0.0,41.92,166.17,150.41,147.62,145.59,60.39,
2026-10-01T11:15Z,152.45,,43.81,,162.8,0.01,41.55,,149.57,146.8,144.82,59.99,
2026-10-01T11:30Z,151.37,,43.59,,161.39,1.37,40.53,,148.69,145.93,143.98,59.99,
2026-10-01T11:45Z,150.96,,39.17,,160.55,0.99,35.52,,148.68,145.91,143.97,62.46,
2026-10-01T12:00Z,152.14,,38.95,,165.18,9.1,78.18,167.31,146.02,139.14,141.55,58.61,
2026-10-01T12:15Z,147.09,,39.06,,159.67,9.11,75.75,,141.18,133.25,136.86,57.5,
2026-10-01T12:30Z,150.64,,39.06,,162.65,17.01,84.91,,145.14,137.68,140.69,60.0,
2026-10-01T12:45Z,151.47,,39.17,,162.78,26.98,87.89,,146.19,139.06,141.71,62.34,
2026-10-01T13:00Z,150.03,,43.55,,156.3,92.88,100.27,177.99,146.34,142.51,141.83,57.33,
2026-10-01T13:15Z,151.34,,43.95,,155.42,114.2,119.01,,148.94,146.0,144.34,60.67,
2026-10-01T13:30Z,156.05,,41.61,,157.89,139.45,142.41,,154.8,152.15,149.99,62.97,
2026-10-01T13:45Z,170.1,,50.0,,170.1,170.1,170.1,,170.1,170.1,156.01,72.49,
2026-10-01T14:00Z,149.7,,46.89,,149.7,149.7,149.7,198.03,149.7,149.64,150.25,63.38,
2026-10-01T14:15Z,166.6,,57.5,,166.6,166.6,166.6,,166.6,166.56,158.67,83.87,
2026-10-01T14:30Z,196.75,,60.6,,196.75,196.75,186.61,,196.75,196.84,158.85,116.77,
2026-10-01T14:45Z,243.68,,77.92,,243.68,243.68,186.09,,243.68,243.81,160.12,110.65,
2026-10-01T15:00Z,179.92,,59.9,,179.92,179.92,179.92,222.0,179.92,179.92,159.61,102.73,
2026-10-01T15:15Z,224.21,,76.0,,222.69,224.91,142.38,,223.97,224.25,159.71,104.99,
2026-10-01T15:30Z,250.0,,95.0,,250.0,250.0,149.41,,250.0,250.04,159.81,104.99,
2026-10-01T15:45Z,275.0,,120.0,,275.0,275.0,162.74,,275.0,274.83,159.89,105.0,
2026-10-01T16:00Z,246.19,,120.0,,246.19,246.19,172.82,264.08,246.19,246.29,159.72,94.99,
2026-10-01T16:15Z,265.01,,130.27,,265.01,265.01,175.02,,265.01,264.95,159.87,92.96,
2026-10-01T16:30Z,276.58,,156.0,,276.58,276.58,216.36,,276.58,276.45,159.98,84.15,
2026-10-01T16:45Z,310.98,,185.87,,310.98,310.98,243.28,,310.98,311.15,160.07,75.09,
2026-10-01T17:00Z,289.7,,172.21,,289.7,289.7,218.43,289.69,289.7,289.51,158.8,94.99,
2026-10-01T17:15Z,300.22,,191.77,,300.22,300.22,211.94,,300.22,300.01,158.95,91.73,
2026-10-01T17:30Z,314.78,,237.91,,314.78,314.78,188.22,,314.78,314.88,159.09,78.25,
2026-10-01T17:45Z,297.47,,250.06,,297.47,297.47,165.2,,297.47,297.77,159.17,66.38,
2026-10-01T18:00Z,280.0,,238.61,,280.0,280.0,163.74,255.0,280.0,279.81,158.59,85.6,
2026-10-01T18:15Z,268.11,,258.32,,268.11,268.11,112.61,,268.11,267.93,158.63,83.18,
2026-10-01T18:30Z,251.93,,242.02,,251.93,251.93,191.98,,251.93,252.15,158.67,62.54,
2026-10-01T18:45Z,230.01,,230.01,,230.01,230.01,209.34,,230.01,230.17,158.72,40.12,
2026-10-01T19:00Z,250.03,,232.74,,250.03,250.03,127.42,216.8,250.03,250.26,158.34,61.99,
2026-10-01T19:15Z,229.97,,227.6,,229.97,229.97,187.21,,229.97,230.14,158.26,62.09,
2026-10-01T19:30Z,221.13,,221.01,,221.07,221.07,221.44,,221.15,221.32,158.28,57.04,
2026-10-01T19:45Z,204.53,,204.42,,204.47,204.48,204.85,,204.55,204.67,158.29,39.7,
2026-10-01T20:00Z,221.64,,218.27,,221.64,221.64,221.64,199.69,221.64,221.79,158.08,36.32,
2026-10-01T20:15Z,207.5,,207.5,,207.5,207.5,207.5,,207.5,207.6,157.96,36.72,
2026-10-01T20:30Z,203.9,,196.7,,203.9,203.9,203.9,,203.9,203.99,157.45,41.43,
2026-10-01T20:45Z,186.95,,186.95,,186.95,186.95,186.95,,186.95,186.99,157.18,42.89,
2026-10-01T21:00Z,201.71,,188.07,,201.71,201.71,201.71,187.24,201.71,201.83,156.7,36.5,
2026-10-01T21:15Z,190.04,,185.87,,190.04,190.04,190.04,,190.04,190.12,156.41,39.96,
2026-10-01T21:30Z,182.58,,179.84,,182.58,182.58,182.58,,182.58,182.64,156.13,41.96,
2026-10-01T21:45Z,171.38,,171.38,,171.38,171.38,171.38,,171.38,171.41,155.6,45.26,
