location,time,pm10,pm2_5,nitrogen_dioxide,ozone,sulphur_dioxide,carbon_monoxide,us_aqi
AT_Vienna,2026-10-01T00:00Z,16.3,10.1,9.1,59.0,4.8,179.0,52
AU_NSW1_Sydney,2026-10-01T00:00Z,9.4,8.8,13.1,74.0,7.8,95.0,52
AU_QLD1_Brisbane,2026-10-01T00:00Z,9.0,5.7,2.5,66.0,1.4,84.0,45
AU_SA1_Adelaide,2026-10-01T00:00Z,6.8,6.7,11.6,43.0,1.4,173.0,34
AU_TAS1_Hobart,2026-10-01T00:00Z,1.5,1.1,0.7,64.0,0.8,109.0,24
AU_VIC1_Melbourne,2026-10-01T00:00Z,8.0,4.6,7.1,50.0,2.1,135.0,26
BE_Brussels,2026-10-01T00:00Z,7.2,5.6,7.5,50.0,0.5,141.0,36
DE_Berlin,2026-10-01T00:00Z,15.0,7.3,8.2,65.0,2.4,191.0,40
DE_Hamburg,2026-10-01T00:00Z,12.5,7.7,14.9,50.0,3.3,185.0,39
DE_Munich,2026-10-01T00:00Z,25.9,19.5,23.7,29.0,1.4,219.0,67
ES_Madrid,2026-10-01T00:00Z,28.0,15.7,54.6,7.0,3.6,153.0,59
FR_Paris,2026-10-01T00:00Z,9.3,6.5,16.0,42.0,0.7,156.0,39
GB_Glasgow,2026-10-01T00:00Z,10.2,3.9,5.6,54.0,0.4,156.0,29
GB_London,2026-10-01T00:00Z,15.2,6.8,18.1,46.0,1.0,168.0,29
GB_Manchester,2026-10-01T00:00Z,10.3,4.8,12.1,43.0,0.8,178.0,28
NL_Amsterdam,2026-10-01T00:00Z,8.7,7.0,28.0,41.0,0.5,184.0,42
PL_Warsaw,2026-10-01T00:00Z,15.6,10.6,6.0,51.0,2.7,206.0,51
US_AZPS_Phoenix,2026-10-01T00:00Z,7.4,6.1,5.0,115.0,1.0,152.0,53
US_BPAT_Portland,2026-10-01T00:00Z,2.5,2.5,4.0,78.0,1.1,125.0,40
US_CISO_LosAngeles,2026-10-01T00:00Z,22.5,17.1,10.9,103.0,4.3,155.0,68
US_CISO_SanFrancisco,2026-10-01T00:00Z,14.4,10.2,10.0,38.0,1.0,117.0,49
US_DUK_Charlotte,2026-10-01T00:00Z,28.1,27.5,36.6,73.0,1.7,274.0,73
US_ERCO_Dallas,2026-10-01T00:00Z,12.1,9.1,9.3,53.0,1.3,128.0,37
US_ERCO_Houston,2026-10-01T00:00Z,12.7,8.9,10.6,56.0,1.8,141.0,46
US_FPL_Miami,2026-10-01T00:00Z,5.2,3.3,1.1,58.0,0.1,208.0,38
US_ISNE_Boston,2026-10-01T00:00Z,25.5,24.6,53.7,2.0,1.8,450.0,63
US_MISO_Chicago,2026-10-01T00:00Z,22.3,22.1,37.2,50.0,2.7,279.0,40
US_MISO_Minneapolis,2026-10-01T00:00Z,32.6,27.9,48.5,22.0,1.8,340.0,53
US_NEVP_LasVegas,2026-10-01T00:00Z,3.6,2.3,1.4,104.0,0.4,122.0,43
US_NYIS_NewYork,2026-10-01T00:00Z,34.8,34.5,83.9,0.0,4.0,258.0,83
US_PJM_Philadelphia,2026-10-01T00:00Z,20.1,19.9,56.1,17.0,3.0,354.0,73
US_PSCO_Denver,2026-10-01T00:00Z,5.5,5.2,10.2,72.0,1.3,255.0,60
US_SCL_Seattle,2026-10-01T00:00Z,2.7,2.4,5.7,76.0,2.6,147.0,53
US_SOCO_Atlanta,2026-10-01T00:00Z,14.3,12.7,21.0,86.0,1.4,307.0,92
US_SWPP_KansasCity,2026-10-01T00:00Z,16.8,16.1,21.4,49.0,2.0,259.0,59
US_SWPP_OklahomaCity,2026-10-01T00:00Z,5.4,5.1,5.6,51.0,0.3,133.0,31
US_TVA_Nashville,2026-10-01T00:00Z,6.8,6.6,18.9,91.0,1.1,229.0,92
VN_DaNang,2026-10-01T00:00Z,32.5,32.0,19.8,73.0,8.9,1081.0,73
VN_HaNoi,2026-10-01T00:00Z,34.5,31.9,32.1,50.0,32.6,665.0,92
VN_HoChiMinh,2026-10-01T00:00Z,31.8,31.3,37.8,42.0,38.4,1200.0,92
AT_Vienna,2026-10-01T01:00Z,17.1,10.2,8.3,55.0,3.7,177.0,53
AU_NSW1_Sydney,2026-10-01T01:00Z,8.0,7.3,10.5,86.0,6.7,90.0,52
AU_QLD1_Brisbane,2026-10-01T01:00Z,9.5,6.1,2.2,69.0,1.4,73.0,45
AU_SA1_Adelaide,2026-10-01T01:00Z,7.0,6.4,9.2,53.0,1.3,166.0,35
AU_TAS1_Hobart,2026-10-01T01:00Z,1.7,1.3,0.6,63.0,0.8,96.0,25
AU_VIC1_Melbourne,2026-10-01T01:00Z,7.1,4.0,8.6,49.0,2.2,139.0,26
BE_Brussels,2026-10-01T01:00Z,7.2,5.5,7.6,49.0,0.5,141.0,36
DE_Berlin,2026-10-01T01:00Z,16.0,8.8,8.0,61.0,2.5,191.0,40
DE_Hamburg,2026-10-01T01:00Z,13.3,8.3,14.4,48.0,3.4,182.0,39
DE_Munich,2026-10-01T01:00Z,22.4,16.2,24.0,26.0,1.1,217.0,68
ES_Madrid,2026-10-01T01:00Z,26.0,14.8,50.8,8.0,3.6,146.0,59
FR_Paris,2026-10-01T01:00Z,8.0,5.9,11.8,44.0,0.7,152.0,39
GB_Glasgow,2026-10-01T01:00Z,9.7,4.0,5.1,51.0,0.5,158.0,28
GB_London,2026-10-01T01:00Z,14.1,6.0,14.9,48.0,1.0,166.0,30
GB_Manchester,2026-10-01T01:00Z,10.1,5.4,12.4,42.0,0.8,175.0,28
NL_Amsterdam,2026-10-01T01:00Z,9.5,8.0,24.2,41.0,0.5,182.0,42
PL_Warsaw,2026-10-01T01:00Z,15.7,10.8,5.1,51.0,2.8,204.0,51
US_AZPS_Phoenix,2026-10-01T01:00Z,9.8,8.8,22.6,94.0,1.2,243.0,52
US_BPAT_Portland,2026-10-01T01:00Z,2.8,2.7,8.3,70.0,1.1,140.0,39
US_CISO_LosAngeles,2026-10-01T01:00Z,21.7,16.8,13.1,97.0,4.4,161.0,68
US_CISO_SanFrancisco,2026-10-01T01:00Z,14.1,9.9,13.0,32.0,1.0,125.0,49
US_DUK_Charlotte,2026-10-01T01:00Z,31.0,30.5,34.5,70.0,1.7,261.0,64
US_ERCO_Dallas,2026-10-01T01:00Z,12.1,9.2,9.9,54.0,1.3,135.0,37
US_ERCO_Houston,2026-10-01T01:00Z,12.8,9.0,10.5,54.0,1.7,143.0,47
US_FPL_Miami,2026-10-01T01:00Z,5.9,3.7,1.0,59.0,0.2,189.0,38
US_ISNE_Boston,2026-10-01T01:00Z,22.9,22.4,55.5,1.0,1.8,436.0,63
US_MISO_Chicago,2026-10-01T01:00Z,21.7,21.5,38.4,48.0,2.9,264.0,43
US_MISO_Minneapolis,2026-10-01T01:00Z,39.6,35.2,53.1,15.0,2.1,394.0,55
US_NEVP_LasVegas,2026-10-01T01:00Z,3.7,2.4,5.3,94.0,0.5,171.0,47
US_NYIS_NewYork,2026-10-01T01:00Z,32.8,32.1,83.1,1.0,4.0,260.0,82
US_PJM_Philadelphia,2026-10-01T01:00Z,19.2,19.1,50.7,23.0,2.9,339.0,73
US_PSCO_Denver,2026-10-01T01:00Z,11.1,10.8,22.8,54.0,1.4,303.0,60
US_SCL_Seattle,2026-10-01T01:00Z,4.6,3.9,12.8,64.0,2.8,168.0,53
US_SOCO_Atlanta,2026-10-01T01:00Z,13.9,12.4,19.0,84.0,1.4,283.0,83
US_SWPP_KansasCity,2026-10-01T01:00Z,13.7,12.9,19.8,48.0,1.9,244.0,60
US_SWPP_OklahomaCity,2026-10-01T01:00Z,5.3,4.9,5.8,51.0,0.4,130.0,30
US_TVA_Nashville,2026-10-01T01:00Z,6.2,6.1,16.2,89.0,1.1,223.0,85
VN_DaNang,2026-10-01T01:00Z,42.3,41.8,16.7,108.0,12.7,960.0,74
VN_HaNoi,2026-10-01T01:00Z,31.4,27.9,26.8,74.0,31.6,623.0,92
VN_HoChiMinh,2026-10-01T01:00Z,30.4,30.0,36.7,62.0,42.3,1159.0,92
AT_Vienna,2026-10-01T02:00Z,17.1,9.9,7.9,53.0,4.0,173.0,53
AU_NSW1_Sydney,2026-10-01T02:00Z,7.4,6.7,6.8,102.0,5.1,90.0,52
AU_QLD1_Brisbane,2026-10-01T02:00Z,10.1,6.5,1.8,73.0,1.3,75.0,45
AU_SA1_Adelaide,2026-10-01T02:00Z,6.2,5.8,5.9,67.0,1.2,156.0,35
AU_TAS1_Hobart,2026-10-01T02:00Z,2.2,1.6,0.5,62.0,0.7,85.0,26
AU_VIC1_Melbourne,2026-10-01T02:00Z,7.3,4.4,10.8,48.0,2.3,140.0,27
BE_Brussels,2026-10-01T02:00Z,6.5,5.0,8.5,49.0,0.7,144.0,37
DE_Berlin,2026-10-01T02:00Z,16.3,9.2,8.1,58.0,2.8,191.0,40
DE_Hamburg,2026-10-01T02:00Z,14.0,8.6,14.3,48.0,3.6,182.0,40
DE_Munich,2026-10-01T02:00Z,22.1,16.6,20.6,28.0,0.9,217.0,68
ES_Madrid,2026-10-01T02:00Z,25.1,14.5,40.3,14.0,3.5,150.0,59
FR_Paris,2026-10-01T02:00Z,7.3,5.4,7.5,45.0,0.7,152.0,39
GB_Glasgow,2026-10-01T02:00Z,9.5,3.7,4.8,49.0,0.6,158.0,27
GB_London,2026-10-01T02:00Z,13.1,5.2,11.9,50.0,1.0,162.0,30
GB_Manchester,2026-10-01T02:00Z,10.5,4.4,10.7,42.0,0.8,173.0,28
NL_Amsterdam,2026-10-01T02:00Z,9.7,8.9,18.0,40.0,0.5,160.0,42
PL_Warsaw,2026-10-01T02:00Z,14.6,10.3,5.0,51.0,2.8,196.0,51
US_AZPS_Phoenix,2026-10-01T02:00Z,17.8,16.7,47.1,65.0,1.4,363.0,52
US_BPAT_Portland,2026-10-01T02:00Z,4.7,4.7,14.3,58.0,1.2,161.0,38
US_CISO_LosAngeles,2026-10-01T02:00Z,21.0,16.5,16.8,88.0,4.5,174.0,69
US_CISO_SanFrancisco,2026-10-01T02:00Z,13.4,9.6,17.0,25.0,0.9,135.0,50
US_DUK_Charlotte,2026-10-01T02:00Z,28.4,28.1,31.4,66.0,1.7,225.0,60
US_ERCO_Dallas,2026-10-01T02:00Z,9.5,7.7,10.7,55.0,1.4,143.0,37
US_ERCO_Houston,2026-10-01T02:00Z,12.3,8.6,10.3,52.0,1.6,142.0,46
US_FPL_Miami,2026-10-01T02:00Z,6.9,4.4,0.9,60.0,0.2,151.0,37
US_ISNE_Boston,2026-10-01T02:00Z,21.5,21.4,57.5,0.0,1.7,393.0,62
US_MISO_Chicago,2026-10-01T02:00Z,20.8,20.6,39.8,45.0,3.1,233.0,47
US_MISO_Minneapolis,2026-10-01T02:00Z,44.9,40.5,59.2,6.0,2.5,442.0,57
US_NEVP_LasVegas,2026-10-01T02:00Z,4.7,3.7,10.8,80.0,0.5,237.0,48
US_NYIS_NewYork,2026-10-01T02:00Z,29.0,28.2,81.6,2.0,4.1,259.0,82
US_PJM_Philadelphia,2026-10-01T02:00Z,16.8,16.7,43.1,32.0,2.7,292.0,72
US_PSCO_Denver,2026-10-01T02:00Z,16.2,16.0,40.1,30.0,1.5,361.0,60
US_SCL_Seattle,2026-10-01T02:00Z,8.2,7.4,22.6,48.0,3.1,195.0,52
US_SOCO_Atlanta,2026-10-01T02:00Z,13.6,12.2,16.3,82.0,1.3,228.0,71
US_SWPP_KansasCity,2026-10-01T02:00Z,11.2,10.3,17.6,48.0,1.8,214.0,60
US_SWPP_OklahomaCity,2026-10-01T02:00Z,5.2,4.7,6.0,50.0,0.4,127.0,30
US_TVA_Nashville,2026-10-01T02:00Z,4.9,4.8,12.5,87.0,1.0,202.0,76
VN_DaNang,2026-10-01T02:00Z,26.8,26.3,12.3,158.0,17.9,771.0,75
VN_HaNoi,2026-10-01T02:00Z,29.6,25.1,19.3,109.0,30.2,543.0,93
VN_HoChiMinh,2026-10-01T02:00Z,31.0,30.5,35.1,91.0,47.6,1046.0,92
AT_Vienna,2026-10-01T03:00Z,17.1,9.7,8.2,54.0,4.3,172.0,53
AU_NSW1_Sydney,2026-10-01T03:00Z,8.4,7.0,4.2,113.0,3.9,93.0,52
AU_QLD1_Brisbane,2026-10-01T03:00Z,10.3,6.6,1.5,75.0,1.3,78.0,45
AU_SA1_Adelaide,2026-10-01T03:00Z,5.5,5.3,4.0,76.0,1.2,147.0,36
AU_TAS1_Hobart,2026-10-01T03:00Z,2.7,1.9,0.5,60.0,0.7,78.0,27
AU_VIC1_Melbourne,2026-10-01T03:00Z,8.4,5.5,12.4,48.0,2.4,136.0,27
BE_Brussels,2026-10-01T03:00Z,6.3,5.5,9.0,44.0,0.8,151.0,37
DE_Berlin,2026-10-01T03:00Z,16.1,9.7,9.3,56.0,3.3,192.0,40
DE_Hamburg,2026-10-01T03:00Z,14.6,8.8,14.8,45.0,3.9,183.0,40
DE_Munich,2026-10-01T03:00Z,22.8,19.5,18.7,30.0,0.8,206.0,69
ES_Madrid,2026-10-01T03:00Z,25.8,13.9,30.2,16.0,2.9,131.0,60
FR_Paris,2026-10-01T03:00Z,7.4,4.6,6.4,49.0,0.8,156.0,39
GB_Glasgow,2026-10-01T03:00Z,8.9,3.6,5.3,46.0,0.6,159.0,26
GB_London,2026-10-01T03:00Z,11.9,5.0,11.3,51.0,1.0,161.0,30
GB_Manchester,2026-10-01T03:00Z,9.7,4.3,8.8,40.0,0.7,169.0,27
NL_Amsterdam,2026-10-01T03:00Z,8.3,6.3,16.6,41.0,0.5,158.0,43
PL_Warsaw,2026-10-01T03:00Z,14.1,10.6,5.9,48.0,3.0,194.0,51
US_AZPS_Phoenix,2026-10-01T03:00Z,22.9,21.9,66.4,42.0,1.6,436.0,53
US_BPAT_Portland,2026-10-01T03:00Z,6.1,6.0,19.1,49.0,1.2,176.0,38
US_CISO_LosAngeles,2026-10-01T03:00Z,20.7,16.7,23.9,75.0,4.7,188.0,69
US_CISO_SanFrancisco,2026-10-01T03:00Z,14.2,10.0,19.5,20.0,0.9,139.0,50
US_DUK_Charlotte,2026-10-01T03:00Z,24.8,24.4,28.2,62.0,1.6,197.0,61
US_ERCO_Dallas,2026-10-01T03:00Z,8.4,7.0,11.1,57.0,1.5,147.0,37
US_ERCO_Houston,2026-10-01T03:00Z,12.0,8.3,10.0,50.0,1.5,140.0,46
US_FPL_Miami,2026-10-01T03:00Z,7.7,4.9,0.8,61.0,0.3,121.0,37
US_ISNE_Boston,2026-10-01T03:00Z,20.4,20.3,56.5,0.0,1.6,349.0,62
US_MISO_Chicago,2026-10-01T03:00Z,20.1,19.9,39.5,45.0,3.2,213.0,50
US_MISO_Minneapolis,2026-10-01T03:00Z,47.7,43.4,62.8,0.0,2.7,476.0,59
US_NEVP_LasVegas,2026-10-01T03:00Z,6.0,5.1,16.3,66.0,0.6,284.0,47
US_NYIS_NewYork,2026-10-01T03:00Z,24.2,23.3,77.8,4.0,4.0,260.0,81
US_PJM_Philadelphia,2026-10-01T03:00Z,15.0,14.9,35.7,39.0,2.5,250.0,71
US_PSCO_Denver,2026-10-01T03:00Z,18.2,18.0,51.8,13.0,1.6,421.0,61
US_SCL_Seattle,2026-10-01T03:00Z,8.9,8.3,30.2,36.0,3.4,216.0,52
US_SOCO_Atlanta,2026-10-01T03:00Z,13.6,12.3,13.6,80.0,1.3,188.0,58
US_SWPP_KansasCity,2026-10-01T03:00Z,10.6,9.7,15.3,48.0,1.7,186.0,60
US_SWPP_OklahomaCity,2026-10-01T03:00Z,5.0,4.6,6.0,50.0,0.5,125.0,30
US_TVA_Nashville,2026-10-01T03:00Z,3.9,3.8,9.4,85.0,1.0,183.0,64
VN_DaNang,2026-10-01T03:00Z,24.5,23.9,8.7,196.0,21.4,610.0,76
VN_HaNoi,2026-10-01T03:00Z,32.6,27.4,13.2,142.0,28.7,482.0,93
VN_HoChiMinh,2026-10-01T03:00Z,29.8,29.3,32.1,119.0,50.0,955.0,93
AT_Vienna,2026-10-01T04:00Z,17.1,9.4,9.4,52.0,4.0,175.0,53
AU_NSW1_Sydney,2026-10-01T04:00Z,9.4,7.6,3.0,116.0,3.2,101.0,52
AU_QLD1_Brisbane,2026-10-01T04:00Z,10.2,6.5,1.4,75.0,1.3,76.0,46
AU_SA1_Adelaide,2026-10-01T04:00Z,4.7,4.6,4.4,74.0,1.3,138.0,37
AU_TAS1_Hobart,2026-10-01T04:00Z,3.3,2.2,0.6,58.0,0.7,73.0,27
AU_VIC1_Melbourne,2026-10-01T04:00Z,8.6,6.3,13.0,49.0,2.3,122.0,28
BE_Brussels,2026-10-01T04:00Z,7.7,6.7,11.2,42.0,0.8,155.0,37
DE_Berlin,2026-10-01T04:00Z,15.7,10.3,9.6,53.0,4.1,193.0,41
DE_Hamburg,2026-10-01T04:00Z,15.6,9.4,16.4,40.0,4.0,186.0,41
DE_Munich,2026-10-01T04:00Z,20.7,18.8,19.3,26.0,0.9,203.0,69
ES_Madrid,2026-10-01T04:00Z,21.8,14.2,20.3,23.0,2.3,122.0,60
FR_Paris,2026-10-01T04:00Z,9.1,4.5,12.5,44.0,1.1,165.0,39
GB_Glasgow,2026-10-01T04:00Z,9.2,3.5,5.9,43.0,0.7,163.0,25
GB_London,2026-10-01T04:00Z,11.8,5.4,11.9,50.0,1.1,161.0,30
GB_Manchester,2026-10-01T04:00Z,9.5,4.5,10.3,36.0,0.8,171.0,27
NL_Amsterdam,2026-10-01T04:00Z,8.5,5.8,18.3,34.0,0.8,160.0,42
PL_Warsaw,2026-10-01T04:00Z,14.7,11.0,7.4,45.0,3.4,194.0,51
US_AZPS_Phoenix,2026-10-01T04:00Z,25.5,24.7,76.8,28.0,1.7,420.0,54
US_BPAT_Portland,2026-10-01T04:00Z,6.7,6.6,21.6,44.0,1.3,178.0,37
US_CISO_LosAngeles,2026-10-01T04:00Z,22.0,18.0,37.6,57.0,5.1,198.0,70
US_CISO_SanFrancisco,2026-10-01T04:00Z,14.5,10.1,18.9,20.0,0.9,132.0,50
US_DUK_Charlotte,2026-10-01T04:00Z,23.1,22.8,25.1,59.0,1.5,191.0,62
US_ERCO_Dallas,2026-10-01T04:00Z,8.7,7.3,10.9,61.0,1.7,144.0,36
US_ERCO_Houston,2026-10-01T04:00Z,11.7,8.1,9.4,49.0,1.4,136.0,47
US_FPL_Miami,2026-10-01T04:00Z,8.3,5.3,0.8,61.0,0.3,112.0,36
US_ISNE_Boston,2026-10-01T04:00Z,18.2,18.1,49.7,7.0,1.4,308.0,61
US_MISO_Chicago,2026-10-01T04:00Z,19.8,19.7,35.8,50.0,3.0,217.0,51
US_MISO_Minneapolis,2026-10-01T04:00Z,49.4,45.1,61.5,0.0,2.6,495.0,61
US_NEVP_LasVegas,2026-10-01T04:00Z,7.2,6.3,21.8,54.0,0.7,293.0,45
US_NYIS_NewYork,2026-10-01T04:00Z,20.7,20.0,70.1,8.0,3.7,268.0,79
US_PJM_Philadelphia,2026-10-01T04:00Z,15.0,14.9,28.8,44.0,2.2,223.0,71
US_PSCO_Denver,2026-10-01T04:00Z,18.4,18.2,52.8,11.0,1.6,494.0,61
US_SCL_Seattle,2026-10-01T04:00Z,8.5,8.1,33.4,31.0,3.9,223.0,52
US_SOCO_Atlanta,2026-10-01T04:00Z,13.6,12.4,11.2,81.0,1.3,184.0,49
US_SWPP_KansasCity,2026-10-01T04:00Z,9.5,8.8,13.2,49.0,1.6,168.0,60
US_SWPP_OklahomaCity,2026-10-01T04:00Z,5.1,4.7,5.7,50.0,0.5,124.0,29
US_TVA_Nashville,2026-10-01T04:00Z,3.3,3.2,7.6,83.0,1.0,171.0,52
VN_DaNang,2026-10-01T04:00Z,27.1,26.4,6.7,215.0,21.7,510.0,76
VN_HaNoi,2026-10-01T04:00Z,31.4,28.1,9.4,174.0,27.2,462.0,92
VN_HoChiMinh,2026-10-01T04:00Z,28.3,27.8,26.1,147.0,47.1,910.0,93
AT_Vienna,2026-10-01T05:00Z,17.6,9.7,12.2,45.0,3.4,179.0,53
AU_NSW1_Sydney,2026-10-01T05:00Z,9.3,7.5,2.8,115.0,2.9,113.0,52
AU_QLD1_Brisbane,2026-10-01T05:00Z,9.8,6.2,1.4,73.0,1.2,76.0,46
AU_SA1_Adelaide,2026-10-01T05:00Z,4.8,4.8,6.2,66.0,1.5,132.0,38
AU_TAS1_Hobart,2026-10-01T05:00Z,3.9,2.6,0.8,56.0,0.7,72.0,28
AU_VIC1_Melbourne,2026-10-01T05:00Z,8.1,6.6,13.1,50.0,2.1,103.0,29
BE_Brussels,2026-10-01T05:00Z,9.9,7.6,16.2,34.0,0.8,167.0,37
DE_Berlin,2026-10-01T05:00Z,15.7,11.3,13.4,47.0,4.4,204.0,41
DE_Hamburg,2026-10-01T05:00Z,17.0,10.7,19.7,34.0,4.3,202.0,41
DE_Munich,2026-10-01T05:00Z,20.8,19.3,23.9,21.0,1.1,212.0,69
ES_Madrid,2026-10-01T05:00Z,24.5,14.0,22.4,22.0,2.2,130.0,60
FR_Paris,2026-10-01T05:00Z,10.6,5.9,25.7,33.0,1.8,183.0,39
GB_Glasgow,2026-10-01T05:00Z,10.2,3.7,7.0,39.0,0.7,164.0,24
GB_London,2026-10-01T05:00Z,11.9,5.6,14.1,46.0,1.2,164.0,30
GB_Manchester,2026-10-01T05:00Z,10.1,4.9,12.4,35.0,1.0,169.0,27
NL_Amsterdam,2026-10-01T05:00Z,11.2,7.9,30.9,23.0,1.4,190.0,42
PL_Warsaw,2026-10-01T05:00Z,14.9,11.6,11.2,42.0,4.7,194.0,51
US_AZPS_Phoenix,2026-10-01T05:00Z,27.6,27.1,82.0,20.0,1.6,358.0,55
US_BPAT_Portland,2026-10-01T05:00Z,7.5,7.4,22.8,40.0,1.3,173.0,37
US_CISO_LosAngeles,2026-10-01T05:00Z,24.6,20.6,54.7,35.0,5.5,207.0,70
US_CISO_SanFrancisco,2026-10-01T05:00Z,14.4,10.0,16.7,24.0,0.8,120.0,50
US_DUK_Charlotte,2026-10-01T05:00Z,21.1,20.8,21.9,57.0,1.4,193.0,63
US_ERCO_Dallas,2026-10-01T05:00Z,9.2,7.6,10.3,65.0,1.9,137.0,35
US_ERCO_Houston,2026-10-01T05:00Z,11.5,7.9,8.7,48.0,1.4,130.0,47
US_FPL_Miami,2026-10-01T05:00Z,8.3,5.4,0.9,60.0,0.4,111.0,36
US_ISNE_Boston,2026-10-01T05:00Z,15.8,15.7,39.8,16.0,1.1,265.0,61
US_MISO_Chicago,2026-10-01T05:00Z,19.4,19.2,30.4,57.0,2.7,231.0,52
US_MISO_Minneapolis,2026-10-01T05:00Z,47.7,43.7,57.7,0.0,2.2,501.0,64
US_NEVP_LasVegas,2026-10-01T05:00Z,8.6,7.6,27.3,42.0,0.7,283.0,42
US_NYIS_NewYork,2026-10-01T05:00Z,18.3,17.8,60.1,13.0,3.4,279.0,78
US_PJM_Philadelphia,2026-10-01T05:00Z,14.4,14.3,22.1,48.0,1.9,200.0,70
US_PSCO_Denver,2026-10-01T05:00Z,17.7,17.6,48.3,16.0,1.6,569.0,61
US_SCL_Seattle,2026-10-01T05:00Z,8.8,8.6,34.4,29.0,4.4,222.0,52
US_SOCO_Atlanta,2026-10-01T05:00Z,13.5,12.3,9.0,83.0,1.2,195.0,46
US_SWPP_KansasCity,2026-10-01T05:00Z,7.7,7.2,11.1,51.0,1.5,152.0,59
US_SWPP_OklahomaCity,2026-10-01T05:00Z,5.0,4.6,5.2,50.0,0.5,123.0,29
US_TVA_Nashville,2026-10-01T05:00Z,3.0,3.0,6.4,82.0,0.9,161.0,47
VN_DaNang,2026-10-01T05:00Z,27.8,27.1,5.4,224.0,20.2,438.0,76
VN_HaNoi,2026-10-01T05:00Z,32.1,30.2,7.0,204.0,25.7,461.0,93
VN_HoChiMinh,2026-10-01T05:00Z,28.5,28.0,18.8,174.0,41.4,887.0,94
AT_Vienna,2026-10-01T06:00Z,17.7,10.5,15.2,39.0,3.4,191.0,53
AU_NSW1_Sydney,2026-10-01T06:00Z,9.2,7.3,4.3,109.0,2.9,121.0,51
AU_QLD1_Brisbane,2026-10-01T06:00Z,9.4,5.8,2.1,70.0,1.2,84.0,46
AU_SA1_Adelaide,2026-10-01T06:00Z,4.6,4.6,8.3,59.0,1.6,139.0,38
AU_TAS1_Hobart,2026-10-01T06:00Z,4.8,3.2,1.0,54.0,0.7,75.0,28
AU_VIC1_Melbourne,2026-10-01T06:00Z,5.6,4.9,13.0,50.0,1.9,98.0,30
BE_Brussels,2026-10-01T06:00Z,11.9,7.4,26.7,23.0,1.0,185.0,37
DE_Berlin,2026-10-01T06:00Z,16.1,12.1,20.3,44.0,5.1,218.0,41
DE_Hamburg,2026-10-01T06:00Z,19.1,12.0,26.6,26.0,4.7,212.0,42
DE_Munich,2026-10-01T06:00Z,21.1,19.2,29.3,21.0,1.2,247.0,69
ES_Madrid,2026-10-01T06:00Z,25.9,13.7,31.8,15.0,2.8,140.0,60
FR_Paris,2026-10-01T06:00Z,15.7,7.2,39.3,21.0,2.8,272.0,39
GB_Glasgow,2026-10-01T06:00Z,11.4,4.2,12.1,35.0,0.9,175.0,23
GB_London,2026-10-01T06:00Z,12.0,6.8,26.4,35.0,1.7,176.0,31
GB_Manchester,2026-10-01T06:00Z,11.9,5.6,19.5,28.0,1.3,189.0,26
NL_Amsterdam,2026-10-01T06:00Z,12.5,9.7,42.9,9.0,2.7,235.0,42
PL_Warsaw,2026-10-01T06:00Z,14.8,11.8,15.5,35.0,5.8,200.0,51
US_AZPS_Phoenix,2026-10-01T06:00Z,29.1,28.8,81.5,17.0,1.6,298.0,56
US_BPAT_Portland,2026-10-01T06:00Z,8.3,8.2,23.2,38.0,1.4,171.0,37
US_CISO_LosAngeles,2026-10-01T06:00Z,27.4,23.4,68.2,18.0,5.8,225.0,70
US_CISO_SanFrancisco,2026-10-01T06:00Z,14.2,9.8,14.6,27.0,0.8,111.0,50
US_DUK_Charlotte,2026-10-01T06:00Z,18.0,17.7,18.9,56.0,1.3,194.0,63
US_ERCO_Dallas,2026-10-01T06:00Z,9.1,7.4,9.7,66.0,2.1,130.0,35
US_ERCO_Houston,2026-10-01T06:00Z,11.5,7.9,7.9,47.0,1.3,125.0,47
US_FPL_Miami,2026-10-01T06:00Z,8.1,5.2,1.0,59.0,0.4,111.0,35
US_ISNE_Boston,2026-10-01T06:00Z,13.6,13.5,31.3,24.0,0.9,230.0,61
US_MISO_Chicago,2026-10-01T06:00Z,18.5,18.2,26.0,62.0,2.5,244.0,53
US_MISO_Minneapolis,2026-10-01T06:00Z,43.1,39.1,54.2,1.0,1.9,490.0,66
US_NEVP_LasVegas,2026-10-01T06:00Z,10.2,9.2,31.4,32.0,0.7,271.0,38
US_NYIS_NewYork,2026-10-01T06:00Z,17.4,17.3,51.4,17.0,3.1,280.0,76
US_PJM_Philadelphia,2026-10-01T06:00Z,13.4,13.4,17.1,50.0,1.7,184.0,68
US_PSCO_Denver,2026-10-01T06:00Z,16.2,16.0,43.2,21.0,1.5,608.0,61
US_SCL_Seattle,2026-10-01T06:00Z,9.2,8.9,35.1,28.0,4.9,221.0,52
US_SOCO_Atlanta,2026-10-01T06:00Z,13.3,12.0,7.3,83.0,1.2,203.0,47
US_SWPP_KansasCity,2026-10-01T06:00Z,5.9,5.5,9.1,54.0,1.4,139.0,59
US_SWPP_OklahomaCity,2026-10-01T06:00Z,4.2,4.0,4.7,50.0,0.5,121.0,29
US_TVA_Nashville,2026-10-01T06:00Z,2.9,2.9,5.5,81.0,0.9,157.0,43
VN_DaNang,2026-10-01T06:00Z,25.3,24.3,4.8,222.0,18.1,399.0,102
VN_HaNoi,2026-10-01T06:00Z,32.7,31.2,5.9,223.0,24.5,472.0,93
VN_HoChiMinh,2026-10-01T06:00Z,29.9,29.5,14.9,188.0,36.2,914.0,94
AT_Vienna,2026-10-01T07:00Z,16.6,9.3,10.9,47.0,4.4,180.0,53
AU_NSW1_Sydney,2026-10-01T07:00Z,9.1,7.2,8.7,95.0,3.3,120.0,51
AU_QLD1_Brisbane,2026-10-01T07:00Z,9.1,5.6,3.9,65.0,1.3,110.0,46
AU_SA1_Adelaide,2026-10-01T07:00Z,3.5,3.4,10.7,53.0,1.7,173.0,39
AU_TAS1_Hobart,2026-10-01T07:00Z,5.3,3.5,1.3,52.0,0.7,85.0,28
AU_VIC1_Melbourne,2026-10-01T07:00Z,4.1,3.8,12.7,49.0,1.7,121.0,30
BE_Brussels,2026-10-01T07:00Z,10.7,7.4,28.0,31.0,1.1,188.0,38
DE_Berlin,2026-10-01T07:00Z,16.5,11.4,17.1,44.0,5.5,216.0,42
DE_Hamburg,2026-10-01T07:00Z,20.5,12.5,26.6,31.0,5.0,231.0,43
DE_Munich,2026-10-01T07:00Z,21.7,18.5,26.2,28.0,1.6,250.0,69
ES_Madrid,2026-10-01T07:00Z,22.1,13.6,32.1,10.0,3.0,142.0,60
FR_Paris,2026-10-01T07:00Z,16.9,8.9,50.2,17.0,2.9,286.0,39
GB_Glasgow,2026-10-01T07:00Z,12.0,4.7,15.4,33.0,1.2,191.0,22
GB_London,2026-10-01T07:00Z,13.1,6.8,36.2,27.0,2.0,200.0,31
GB_Manchester,2026-10-01T07:00Z,13.4,6.2,28.3,23.0,1.7,216.0,26
NL_Amsterdam,2026-10-01T07:00Z,15.2,10.5,48.0,10.0,3.0,271.0,43
PL_Warsaw,2026-10-01T07:00Z,14.3,11.0,13.5,41.0,6.1,198.0,51
US_AZPS_Phoenix,2026-10-01T07:00Z,27.6,27.5,72.3,22.0,1.6,255.0,57
US_BPAT_Portland,2026-10-01T07:00Z,9.3,9.1,22.4,36.0,1.4,175.0,37
US_CISO_LosAngeles,2026-10-01T07:00Z,30.5,26.4,75.0,8.0,5.8,253.0,71
US_CISO_SanFrancisco,2026-10-01T07:00Z,13.9,9.6,13.1,30.0,0.8,109.0,51
US_DUK_Charlotte,2026-10-01T07:00Z,13.8,13.5,15.5,56.0,1.2,190.0,63
US_ERCO_Dallas,2026-10-01T07:00Z,8.3,6.8,9.2,62.0,2.1,123.0,35
US_ERCO_Houston,2026-10-01T07:00Z,11.7,7.8,6.9,47.0,1.2,120.0,48
US_FPL_Miami,2026-10-01T07:00Z,7.9,5.1,1.0,57.0,0.4,110.0,34
US_ISNE_Boston,2026-10-01T07:00Z,12.1,12.0,25.2,30.0,0.9,204.0,61
US_MISO_Chicago,2026-10-01T07:00Z,18.3,18.0,23.7,65.0,2.4,250.0,54
US_MISO_Minneapolis,2026-10-01T07:00Z,37.7,34.2,52.9,0.0,1.7,457.0,68
US_NEVP_LasVegas,2026-10-01T07:00Z,11.5,10.5,33.4,24.0,0.7,262.0,37
US_NYIS_NewYork,2026-10-01T07:00Z,17.8,17.8,44.8,21.0,3.1,262.0,75
US_PJM_Philadelphia,2026-10-01T07:00Z,12.0,12.0,14.4,51.0,1.6,178.0,67
US_PSCO_Denver,2026-10-01T07:00Z,14.8,14.6,38.7,25.0,1.4,588.0,60
US_SCL_Seattle,2026-10-01T07:00Z,9.3,9.1,35.9,26.0,5.2,221.0,51
US_SOCO_Atlanta,2026-10-01T07:00Z,13.2,11.7,6.1,79.0,1.2,198.0,48
US_SWPP_KansasCity,2026-10-01T07:00Z,5.0,4.4,7.0,60.0,1.3,127.0,58
US_SWPP_OklahomaCity,2026-10-01T07:00Z,4.0,3.8,4.2,51.0,0.5,118.0,29
US_TVA_Nashville,2026-10-01T07:00Z,3.2,3.2,4.8,80.0,0.9,164.0,41
VN_DaNang,2026-10-01T07:00Z,21.1,19.9,4.9,204.0,15.3,386.0,135
VN_HaNoi,2026-10-01T07:00Z,33.6,32.2,6.0,228.0,23.3,495.0,93
VN_HoChiMinh,2026-10-01T07:00Z,31.5,31.1,16.6,180.0,32.1,1031.0,94
AT_Vienna,2026-10-01T08:00Z,15.1,8.0,8.8,57.0,5.2,174.0,53
AU_NSW1_Sydney,2026-10-01T08:00Z,11.5,9.4,14.8,77.0,4.1,115.0,51
AU_QLD1_Brisbane,2026-10-01T08:00Z,9.2,5.7,6.4,58.0,1.4,144.0,46
AU_SA1_Adelaide,2026-10-01T08:00Z,2.8,2.7,13.5,48.0,1.8,222.0,40
AU_TAS1_Hobart,2026-10-01T08:00Z,5.6,3.7,1.6,50.0,0.8,99.0,27
AU_VIC1_Melbourne,2026-10-01T08:00Z,3.7,3.3,12.2,48.0,1.6,157.0,31
BE_Brussels,2026-10-01T08:00Z,9.9,6.2,21.2,35.0,1.3,181.0,38
DE_Berlin,2026-10-01T08:00Z,17.3,10.3,12.2,57.0,5.7,202.0,42
DE_Hamburg,2026-10-01T08:00Z,21.6,13.5,24.9,28.0,5.7,243.0,45
DE_Munich,2026-10-01T08:00Z,20.9,17.3,21.6,41.0,1.9,245.0,69
ES_Madrid,2026-10-01T08:00Z,18.1,10.8,23.5,26.0,2.4,132.0,60
FR_Paris,2026-10-01T08:00Z,16.8,7.3,28.1,42.0,1.7,235.0,39
GB_Glasgow,2026-10-01T08:00Z,11.5,4.5,13.4,37.0,1.2,198.0,21
GB_London,2026-10-01T08:00Z,12.2,6.4,29.2,37.0,2.0,195.0,31
GB_Manchester,2026-10-01T08:00Z,13.7,6.1,23.4,31.0,1.6,213.0,26
NL_Amsterdam,2026-10-01T08:00Z,12.2,10.1,46.1,18.0,1.9,244.0,43
PL_Warsaw,2026-10-01T08:00Z,12.0,9.7,9.8,47.0,4.7,192.0,51
US_AZPS_Phoenix,2026-10-01T08:00Z,25.3,25.0,57.4,31.0,1.5,214.0,58
US_BPAT_Portland,2026-10-01T08:00Z,9.4,9.2,20.7,36.0,1.4,182.0,37
US_CISO_LosAngeles,2026-10-01T08:00Z,33.6,29.6,78.1,3.0,5.7,289.0,71
US_CISO_SanFrancisco,2026-10-01T08:00Z,13.4,9.3,11.7,32.0,0.9,111.0,51
US_DUK_Charlotte,2026-10-01T08:00Z,10.8,10.4,12.2,56.0,1.2,185.0,63
US_ERCO_Dallas,2026-10-01T08:00Z,7.7,6.3,8.8,54.0,2.1,117.0,34
US_ERCO_Houston,2026-10-01T08:00Z,12.0,7.9,5.9,47.0,1.1,115.0,48
US_FPL_Miami,2026-10-01T08:00Z,8.0,5.2,0.9,54.0,0.3,111.0,33
US_ISNE_Boston,2026-10-01T08:00Z,11.7,11.6,20.5,34.0,1.0,187.0,61
US_MISO_Chicago,2026-10-01T08:00Z,18.5,18.2,22.4,65.0,2.4,255.0,55
US_MISO_Minneapolis,2026-10-01T08:00Z,36.2,32.5,51.8,0.0,1.4,408.0,70
US_NEVP_LasVegas,2026-10-01T08:00Z,12.3,11.4,33.9,17.0,0.6,250.0,37
US_NYIS_NewYork,2026-10-01T08:00Z,19.4,19.4,39.5,24.0,3.1,235.0,73
US_PJM_Philadelphia,2026-10-01T08:00Z,10.8,10.8,13.3,51.0,1.6,180.0,65
US_PSCO_Denver,2026-10-01T08:00Z,13.8,13.5,33.7,29.0,1.4,533.0,60
US_SCL_Seattle,2026-10-01T08:00Z,9.3,9.1,36.5,25.0,5.4,220.0,51
US_SOCO_Atlanta,2026-10-01T08:00Z,12.4,10.9,5.5,74.0,1.2,189.0,49
US_SWPP_KansasCity,2026-10-01T08:00Z,4.5,3.9,4.9,67.0,1.3,117.0,57
US_SWPP_OklahomaCity,2026-10-01T08:00Z,4.0,3.8,3.6,53.0,0.4,115.0,28
US_TVA_Nashville,2026-10-01T08:00Z,4.2,4.0,4.4,80.0,1.0,177.0,39
VN_DaNang,2026-10-01T08:00Z,16.9,15.4,5.6,176.0,12.0,405.0,161
VN_HaNoi,2026-10-01T08:00Z,33.1,31.8,7.6,221.0,22.3,529.0,123
VN_HoChiMinh,2026-10-01T08:00Z,33.2,32.8,21.7,158.0,28.6,1197.0,94
AT_Vienna,2026-10-01T09:00Z,12.8,7.1,6.0,71.0,6.4,170.0,53
AU_NSW1_Sydney,2026-10-01T09:00Z,12.2,10.1,19.1,62.0,4.8,112.0,50
AU_QLD1_Brisbane,2026-10-01T09:00Z,10.2,6.7,8.6,53.0,1.5,166.0,46
AU_SA1_Adelaide,2026-10-01T09:00Z,3.6,3.5,15.6,43.0,1.9,257.0,40
AU_TAS1_Hobart,2026-10-01T09:00Z,5.3,3.5,1.9,48.0,0.8,112.0,26
AU_VIC1_Melbourne,2026-10-01T09:00Z,3.9,3.5,12.1,47.0,1.6,185.0,31
BE_Brussels,2026-10-01T09:00Z,12.1,6.2,17.4,41.0,1.2,172.0,38
DE_Berlin,2026-10-01T09:00Z,17.6,10.6,9.0,62.0,5.8,197.0,43
DE_Hamburg,2026-10-01T09:00Z,22.0,13.5,24.8,30.0,6.0,245.0,46
DE_Munich,2026-10-01T09:00Z,21.8,17.8,11.7,57.0,1.6,203.0,69
ES_Madrid,2026-10-01T09:00Z,17.1,9.0,16.0,34.0,1.8,127.0,59
FR_Paris,2026-10-01T09:00Z,16.2,5.8,17.7,50.0,1.2,210.0,39
GB_Glasgow,2026-10-01T09:00Z,12.4,4.1,7.4,45.0,0.7,185.0,21
GB_London,2026-10-01T09:00Z,11.4,5.4,24.6,42.0,1.3,195.0,31
GB_Manchester,2026-10-01T09:00Z,11.5,5.1,13.7,41.0,1.5,204.0,26
NL_Amsterdam,2026-10-01T09:00Z,13.8,9.0,38.8,30.0,1.4,234.0,44
PL_Warsaw,2026-10-01T09:00Z,9.6,7.6,7.6,57.0,5.1,182.0,51
US_AZPS_Phoenix,2026-10-01T09:00Z,19.9,19.7,44.6,38.0,1.4,185.0,59
US_BPAT_Portland,2026-10-01T09:00Z,9.0,8.8,19.2,35.0,1.4,185.0,37
US_CISO_LosAngeles,2026-10-01T09:00Z,36.8,32.8,79.6,0.0,5.5,330.0,72
US_CISO_SanFrancisco,2026-10-01T09:00Z,12.8,8.9,10.7,34.0,0.9,112.0,51
US_DUK_Charlotte,2026-10-01T09:00Z,10.2,9.5,10.9,55.0,1.2,185.0,63
US_ERCO_Dallas,2026-10-01T09:00Z,6.9,5.6,8.7,48.0,2.1,112.0,34
US_ERCO_Houston,2026-10-01T09:00Z,12.6,8.2,5.4,46.0,1.1,112.0,48
US_FPL_Miami,2026-10-01T09:00Z,8.6,5.6,0.9,52.0,0.3,112.0,32
US_ISNE_Boston,2026-10-01T09:00Z,12.5,12.4,18.4,36.0,1.2,185.0,61
US_MISO_Chicago,2026-10-01T09:00Z,18.0,17.8,22.0,65.0,2.5,257.0,56
US_MISO_Minneapolis,2026-10-01T09:00Z,34.7,31.2,48.1,2.0,1.3,349.0,71
US_NEVP_LasVegas,2026-10-01T09:00Z,12.9,12.0,33.5,12.0,0.5,239.0,36
US_NYIS_NewYork,2026-10-01T09:00Z,19.4,19.4,36.6,26.0,3.2,221.0,72
US_PJM_Philadelphia,2026-10-01T09:00Z,10.4,10.4,13.6,50.0,1.6,185.0,64
US_PSCO_Denver,2026-10-01T09:00Z,13.8,13.6,30.0,31.0,1.3,476.0,59
US_SCL_Seattle,2026-10-01T09:00Z,9.4,9.1,37.3,23.0,5.5,221.0,50
US_SOCO_Atlanta,2026-10-01T09:00Z,11.9,10.5,6.0,68.0,1.2,185.0,50
US_SWPP_KansasCity,2026-10-01T09:00Z,4.1,3.4,3.6,72.0,1.2,112.0,57
US_SWPP_OklahomaCity,2026-10-01T09:00Z,3.4,3.3,3.2,53.0,0.4,112.0,28
US_TVA_Nashville,2026-10-01T09:00Z,5.8,5.4,4.2,79.0,1.1,185.0,39
VN_DaNang,2026-10-01T09:00Z,19.7,15.1,6.3,150.0,9.5,476.0,177
VN_HaNoi,2026-10-01T09:00Z,34.2,32.7,11.1,204.0,23.0,568.0,157
VN_HoChiMinh,2026-10-01T09:00Z,32.0,31.8,28.2,134.0,27.4,1315.0,105
AT_Vienna,2026-10-01T10:00Z,10.7,6.7,4.6,78.0,6.2,164.0,53
AU_NSW1_Sydney,2026-10-01T10:00Z,11.7,9.8,19.8,55.0,5.3,115.0,50
AU_QLD1_Brisbane,2026-10-01T10:00Z,11.4,7.6,10.3,49.0,1.7,165.0,47
AU_SA1_Adelaide,2026-10-01T10:00Z,5.0,4.9,16.5,39.0,2.1,268.0,39
AU_TAS1_Hobart,2026-10-01T10:00Z,4.2,2.8,1.9,46.0,0.8,124.0,26
AU_VIC1_Melbourne,2026-10-01T10:00Z,4.9,4.5,13.1,46.0,1.8,196.0,30
BE_Brussels,2026-10-01T10:00Z,15.7,6.2,12.5,46.0,1.1,173.0,38
DE_Berlin,2026-10-01T10:00Z,17.9,10.7,8.0,71.0,5.9,192.0,44
DE_Hamburg,2026-10-01T10:00Z,21.6,13.8,25.3,31.0,6.4,250.0,47
DE_Munich,2026-10-01T10:00Z,22.3,16.9,9.0,72.0,1.6,197.0,69
ES_Madrid,2026-10-01T10:00Z,17.1,9.1,9.7,45.0,1.3,120.0,59
FR_Paris,2026-10-01T10:00Z,14.2,5.2,12.0,57.0,0.9,201.0,39
GB_Glasgow,2026-10-01T10:00Z,10.6,4.0,5.5,55.0,0.7,182.0,22
GB_London,2026-10-01T10:00Z,10.1,5.0,15.4,45.0,1.1,191.0,31
GB_Manchester,2026-10-01T10:00Z,11.0,4.2,10.5,43.0,1.3,191.0,26
NL_Amsterdam,2026-10-01T10:00Z,13.7,9.2,30.4,37.0,1.7,214.0,45
PL_Warsaw,2026-10-01T10:00Z,9.5,7.8,5.8,65.0,3.7,182.0,51
US_AZPS_Phoenix,2026-10-01T10:00Z,17.2,17.1,37.2,39.0,1.3,170.0,60
US_BPAT_Portland,2026-10-01T10:00Z,8.8,8.6,18.3,34.0,1.4,178.0,37
US_CISO_LosAngeles,2026-10-01T10:00Z,39.7,35.7,79.8,0.0,5.3,377.0,73
US_CISO_SanFrancisco,2026-10-01T10:00Z,12.0,8.4,10.3,35.0,0.9,112.0,51
US_DUK_Charlotte,2026-10-01T10:00Z,11.4,10.2,13.7,48.0,1.2,197.0,62
US_ERCO_Dallas,2026-10-01T10:00Z,6.8,5.4,8.9,44.0,2.3,109.0,34
US_ERCO_Houston,2026-10-01T10:00Z,13.0,8.5,6.0,44.0,1.1,114.0,48
US_FPL_Miami,2026-10-01T10:00Z,8.4,5.5,0.9,51.0,0.3,115.0,31
US_ISNE_Boston,2026-10-01T10:00Z,14.5,14.4,20.6,32.0,1.6,208.0,61
US_MISO_Chicago,2026-10-01T10:00Z,16.9,16.7,22.8,62.0,2.8,257.0,58
US_MISO_Minneapolis,2026-10-01T10:00Z,30.4,27.5,39.1,11.0,1.3,273.0,73
US_NEVP_LasVegas,2026-10-01T10:00Z,13.0,12.0,32.2,9.0,0.5,226.0,36
US_NYIS_NewYork,2026-10-01T10:00Z,19.3,19.3,37.5,25.0,3.2,232.0,71
US_PJM_Philadelphia,2026-10-01T10:00Z,10.6,10.6,16.1,48.0,1.7,194.0,62
US_PSCO_Denver,2026-10-01T10:00Z,14.1,13.8,28.7,29.0,1.2,423.0,58
US_SCL_Seattle,2026-10-01T10:00Z,9.5,9.3,39.0,20.0,5.6,226.0,49
US_SOCO_Atlanta,2026-10-01T10:00Z,11.9,10.4,8.8,59.0,1.2,193.0,50
US_SWPP_KansasCity,2026-10-01T10:00Z,3.6,3.1,3.3,72.0,1.1,114.0,56
US_SWPP_OklahomaCity,2026-10-01T10:00Z,2.8,2.7,3.1,52.0,0.4,111.0,27
US_TVA_Nashville,2026-10-01T10:00Z,7.5,7.0,4.5,78.0,1.2,181.0,38
VN_DaNang,2026-10-01T10:00Z,17.1,13.1,7.0,131.0,8.6,650.0,184
VN_HaNoi,2026-10-01T10:00Z,37.5,35.5,18.1,171.0,26.7,613.0,177
VN_HoChiMinh,2026-10-01T10:00Z,30.5,30.3,37.3,111.0,30.6,1329.0,120
AT_Vienna,2026-10-01T11:00Z,9.3,6.5,4.1,85.0,6.2,161.0,53
AU_NSW1_Sydney,2026-10-01T11:00Z,11.1,9.5,18.8,51.0,5.7,121.0,50
AU_QLD1_Brisbane,2026-10-01T11:00Z,12.3,8.4,11.7,47.0,1.9,151.0,47
AU_SA1_Adelaide,2026-10-01T11:00Z,5.6,5.5,16.8,35.0,2.4,265.0,39
AU_TAS1_Hobart,2026-10-01T11:00Z,3.3,2.2,1.9,45.0,0.9,136.0,25
AU_VIC1_Melbourne,2026-10-01T11:00Z,4.9,4.5,14.6,46.0,2.1,198.0,30
BE_Brussels,2026-10-01T11:00Z,15.3,6.1,9.9,50.0,0.9,176.0,38
DE_Berlin,2026-10-01T11:00Z,17.0,10.1,7.0,76.0,5.8,192.0,45
DE_Hamburg,2026-10-01T11:00Z,21.1,14.2,26.7,40.0,6.7,259.0,49
DE_Munich,2026-10-01T11:00Z,22.8,17.3,7.8,88.0,1.6,197.0,68
ES_Madrid,2026-10-01T11:00Z,19.8,9.4,9.4,55.0,1.3,119.0,58
FR_Paris,2026-10-01T11:00Z,11.1,4.6,9.5,63.0,0.8,199.0,38
GB_Glasgow,2026-10-01T11:00Z,12.1,4.0,4.2,60.0,0.5,180.0,22
GB_London,2026-10-01T11:00Z,8.9,4.4,13.0,49.0,0.9,184.0,30
GB_Manchester,2026-10-01T11:00Z,9.6,4.0,8.1,51.0,1.0,187.0,26
NL_Amsterdam,2026-10-01T11:00Z,14.8,7.0,20.8,44.0,1.4,191.0,45
PL_Warsaw,2026-10-01T11:00Z,8.5,7.2,5.0,71.0,3.1,187.0,51
US_AZPS_Phoenix,2026-10-01T11:00Z,15.3,15.2,32.0,36.0,1.2,167.0,60
US_BPAT_Portland,2026-10-01T11:00Z,8.7,8.5,17.5,34.0,1.4,168.0,37
US_CISO_LosAngeles,2026-10-01T11:00Z,42.0,38.2,78.3,0.0,5.1,428.0,75
US_CISO_SanFrancisco,2026-10-01T11:00Z,11.4,8.1,10.2,35.0,0.9,112.0,51
US_DUK_Charlotte,2026-10-01T11:00Z,13.1,11.6,18.4,39.0,1.3,215.0,62
US_ERCO_Dallas,2026-10-01T11:00Z,6.7,5.3,9.5,40.0,2.6,107.0,33
US_ERCO_Houston,2026-10-01T11:00Z,13.4,8.8,7.1,42.0,1.2,118.0,48
US_FPL_Miami,2026-10-01T11:00Z,8.1,5.4,0.9,52.0,0.2,119.0,30
US_ISNE_Boston,2026-10-01T11:00Z,18.0,18.0,25.4,26.0,2.0,246.0,61
US_MISO_Chicago,2026-10-01T11:00Z,15.4,15.2,24.4,57.0,3.1,255.0,59
US_MISO_Minneapolis,2026-10-01T11:00Z,21.2,19.4,27.5,23.0,1.4,188.0,74
US_NEVP_LasVegas,2026-10-01T11:00Z,12.8,11.7,29.9,9.0,0.4,214.0,37
US_NYIS_NewYork,2026-10-01T11:00Z,19.7,19.7,40.7,22.0,3.2,256.0,70
US_PJM_Philadelphia,2026-10-01T11:00Z,11.6,11.6,19.9,46.0,1.8,205.0,60
US_PSCO_Denver,2026-10-01T11:00Z,13.9,13.6,28.8,24.0,1.1,367.0,58
US_SCL_Seattle,2026-10-01T11:00Z,10.0,9.8,41.0,17.0,5.6,233.0,48
US_SOCO_Atlanta,2026-10-01T11:00Z,12.3,10.8,12.7,51.0,1.3,207.0,51
US_SWPP_KansasCity,2026-10-01T11:00Z,2.8,2.5,3.7,69.0,0.9,121.0,55
US_SWPP_OklahomaCity,2026-10-01T11:00Z,2.3,2.2,3.2,49.0,0.3,111.0,25
US_TVA_Nashville,2026-10-01T11:00Z,8.9,8.1,5.1,76.0,1.2,173.0,38
VN_DaNang,2026-10-01T11:00Z,15.2,11.7,7.8,116.0,8.7,876.0,180
VN_HaNoi,2026-10-01T11:00Z,40.7,38.8,27.1,127.0,32.0,663.0,187
VN_HoChiMinh,2026-10-01T11:00Z,36.0,35.7,47.8,87.0,36.1,1295.0,124
AT_Vienna,2026-10-01T12:00Z,8.7,6.3,3.8,87.0,5.4,158.0,53
AU_NSW1_Sydney,2026-10-01T12:00Z,13.3,11.6,19.0,48.0,5.9,121.0,50
AU_QLD1_Brisbane,2026-10-01T12:00Z,11.8,8.0,10.8,47.0,1.8,140.0,47
AU_SA1_Adelaide,2026-10-01T12:00Z,7.9,7.9,24.3,28.0,2.6,258.0,39
AU_TAS1_Hobart,2026-10-01T12:00Z,3.9,2.8,3.2,41.0,1.1,140.0,24
AU_VIC1_Melbourne,2026-10-01T12:00Z,8.7,8.0,23.8,32.0,3.2,194.0,30
BE_Brussels,2026-10-01T12:00Z,13.3,5.6,10.4,54.0,0.8,176.0,38
DE_Berlin,2026-10-01T12:00Z,16.1,9.5,7.6,81.0,5.4,191.0,46
DE_Hamburg,2026-10-01T12:00Z,20.9,14.5,28.7,39.0,7.2,257.0,50
DE_Munich,2026-10-01T12:00Z,22.4,17.8,7.9,99.0,1.5,197.0,68
ES_Madrid,2026-10-01T12:00Z,24.5,9.0,9.1,58.0,1.4,117.0,58
FR_Paris,2026-10-01T12:00Z,10.2,4.2,7.8,67.0,0.7,193.0,38
GB_Glasgow,2026-10-01T12:00Z,11.6,4.0,3.9,63.0,0.5,180.0,22
GB_London,2026-10-01T12:00Z,8.0,3.8,11.2,54.0,0.9,177.0,30
GB_Manchester,2026-10-01T12:00Z,10.0,3.9,7.0,54.0,0.9,185.0,26
NL_Amsterdam,2026-10-01T12:00Z,11.9,5.3,16.8,49.0,0.6,187.0,45
PL_Warsaw,2026-10-01T12:00Z,8.7,7.0,4.4,78.0,3.0,192.0,52
US_AZPS_Phoenix,2026-10-01T12:00Z,18.7,18.6,50.4,12.0,1.0,176.0,60
US_BPAT_Portland,2026-10-01T12:00Z,10.1,9.9,18.6,31.0,1.3,167.0,38
US_CISO_LosAngeles,2026-10-01T12:00Z,37.1,34.6,78.9,0.0,3.6,477.0,76
US_CISO_SanFrancisco,2026-10-01T12:00Z,13.0,9.5,11.9,36.0,0.7,112.0,51
US_DUK_Charlotte,2026-10-01T12:00Z,34.7,32.6,28.3,32.0,1.5,222.0,61
US_ERCO_Dallas,2026-10-01T12:00Z,5.6,4.4,9.4,33.0,2.3,112.0,33
US_ERCO_Houston,2026-10-01T12:00Z,8.9,6.2,7.3,39.0,1.2,121.0,49
US_FPL_Miami,2026-10-01T12:00Z,6.7,4.4,1.0,53.0,0.2,121.0,30
US_ISNE_Boston,2026-10-01T12:00Z,22.3,22.1,36.0,13.0,1.8,276.0,61
US_MISO_Chicago,2026-10-01T12:00Z,18.0,17.9,37.5,48.0,3.5,249.0,60
US_MISO_Minneapolis,2026-10-01T12:00Z,10.0,9.7,23.2,29.0,1.5,130.0,74
US_NEVP_LasVegas,2026-10-01T12:00Z,12.0,10.8,25.6,15.0,0.5,213.0,37
US_NYIS_NewYork,2026-10-01T12:00Z,30.6,30.5,44.5,18.0,3.3,276.0,69
US_PJM_Philadelphia,2026-10-01T12:00Z,19.2,19.2,22.6,41.0,1.8,213.0,59
US_PSCO_Denver,2026-10-01T12:00Z,5.7,5.5,14.0,52.0,0.9,322.0,58
US_SCL_Seattle,2026-10-01T12:00Z,10.4,10.2,39.0,17.0,4.9,240.0,47
US_SOCO_Atlanta,2026-10-01T12:00Z,13.3,11.9,13.4,45.0,1.2,213.0,51
US_SWPP_KansasCity,2026-10-01T12:00Z,2.9,2.6,5.7,65.0,0.8,130.0,54
US_SWPP_OklahomaCity,2026-10-01T12:00Z,3.9,3.8,5.3,41.0,0.4,112.0,24
US_TVA_Nashville,2026-10-01T12:00Z,7.6,7.0,5.4,74.0,1.2,167.0,37
VN_DaNang,2026-10-01T12:00Z,13.2,9.4,8.7,104.0,9.1,1024.0,167
VN_HaNoi,2026-10-01T12:00Z,35.9,33.4,31.7,93.0,33.2,705.0,185
VN_HoChiMinh,2026-10-01T12:00Z,39.2,38.8,51.4,72.0,36.3,1288.0,117
AT_Vienna,2026-10-01T13:00Z,8.4,6.2,4.0,88.0,5.1,158.0,53
AU_NSW1_Sydney,2026-10-01T13:00Z,13.2,11.8,20.1,43.0,6.3,111.0,51
AU_QLD1_Brisbane,2026-10-01T13:00Z,13.0,9.1,12.3,45.0,1.9,135.0,47
AU_SA1_Adelaide,2026-10-01T13:00Z,7.8,7.8,24.7,25.0,2.6,246.0,39
AU_TAS1_Hobart,2026-10-01T13:00Z,4.4,3.2,3.4,40.0,1.1,132.0,23
AU_VIC1_Melbourne,2026-10-01T13:00Z,6.4,5.8,20.8,36.0,2.8,183.0,30
BE_Brussels,2026-10-01T13:00Z,11.0,5.6,10.3,59.0,0.7,179.0,37
DE_Berlin,2026-10-01T13:00Z,16.3,9.6,8.0,86.0,5.1,196.0,47
DE_Hamburg,2026-10-01T13:00Z,17.8,12.3,32.3,38.0,6.0,259.0,51
DE_Munich,2026-10-01T13:00Z,22.0,16.5,8.3,104.0,1.6,207.0,68
ES_Madrid,2026-10-01T13:00Z,26.2,10.0,10.5,63.0,1.2,120.0,58
FR_Paris,2026-10-01T13:00Z,9.4,3.9,6.7,68.0,0.7,190.0,37
GB_Glasgow,2026-10-01T13:00Z,11.3,4.0,3.7,66.0,0.4,181.0,22
GB_London,2026-10-01T13:00Z,7.9,3.6,10.3,58.0,0.9,181.0,30
GB_Manchester,2026-10-01T13:00Z,8.8,3.9,5.9,59.0,0.7,184.0,26
NL_Amsterdam,2026-10-01T13:00Z,11.9,4.6,13.1,55.0,0.4,181.0,45
PL_Warsaw,2026-10-01T13:00Z,9.9,7.6,5.1,78.0,2.8,197.0,52
US_AZPS_Phoenix,2026-10-01T13:00Z,16.6,16.5,44.0,12.0,0.9,210.0,61
US_BPAT_Portland,2026-10-01T13:00Z,11.0,10.9,18.5,31.0,1.3,188.0,38
US_CISO_LosAngeles,2026-10-01T13:00Z,37.6,35.3,75.8,0.0,3.5,537.0,77
US_CISO_SanFrancisco,2026-10-01T13:00Z,13.2,9.7,12.0,35.0,0.7,111.0,51
US_DUK_Charlotte,2026-10-01T13:00Z,29.9,28.6,21.6,56.0,1.6,209.0,62
US_ERCO_Dallas,2026-10-01T13:00Z,5.2,4.2,10.8,32.0,2.1,130.0,33
US_ERCO_Houston,2026-10-01T13:00Z,9.2,6.6,7.0,41.0,1.3,122.0,48
US_FPL_Miami,2026-10-01T13:00Z,7.0,4.6,0.9,52.0,0.2,119.0,28
US_ISNE_Boston,2026-10-01T13:00Z,24.2,24.0,35.4,14.0,2.0,290.0,61
US_MISO_Chicago,2026-10-01T13:00Z,17.0,16.9,37.0,47.0,3.3,237.0,61
US_MISO_Minneapolis,2026-10-01T13:00Z,4.8,4.6,19.8,35.0,1.5,120.0,74
US_NEVP_LasVegas,2026-10-01T13:00Z,12.1,10.6,23.7,14.0,0.5,238.0,37
US_NYIS_NewYork,2026-10-01T13:00Z,34.0,33.9,43.6,22.0,3.4,287.0,69
US_PJM_Philadelphia,2026-10-01T13:00Z,18.7,18.6,20.1,46.0,2.0,213.0,58
US_PSCO_Denver,2026-10-01T13:00Z,5.9,5.7,14.5,53.0,0.9,296.0,57
US_SCL_Seattle,2026-10-01T13:00Z,10.4,10.1,39.2,16.0,4.8,248.0,47
US_SOCO_Atlanta,2026-10-01T13:00Z,14.0,12.5,10.7,61.0,1.3,205.0,51
US_SWPP_KansasCity,2026-10-01T13:00Z,2.8,2.7,8.8,60.0,0.8,142.0,53
US_SWPP_OklahomaCity,2026-10-01T13:00Z,3.2,3.1,6.1,39.0,0.4,115.0,23
US_TVA_Nashville,2026-10-01T13:00Z,9.0,8.2,4.8,83.0,1.2,169.0,37
VN_DaNang,2026-10-01T13:00Z,13.6,10.0,8.4,100.0,9.2,1015.0,149
VN_HaNoi,2026-10-01T13:00Z,35.7,32.0,33.0,76.0,33.0,732.0,172
VN_HoChiMinh,2026-10-01T13:00Z,34.6,34.3,49.3,64.0,34.7,1366.0,101
AT_Vienna,2026-10-01T14:00Z,8.6,6.4,4.4,89.0,4.4,159.0,53
AU_NSW1_Sydney,2026-10-01T14:00Z,13.4,12.0,21.6,36.0,6.8,96.0,51
AU_QLD1_Brisbane,2026-10-01T14:00Z,13.7,9.8,14.4,42.0,2.0,131.0,46
AU_SA1_Adelaide,2026-10-01T14:00Z,8.1,8.0,25.2,20.0,2.6,229.0,38
AU_TAS1_Hobart,2026-10-01T14:00Z,4.7,3.3,3.7,39.0,1.2,118.0,22
AU_VIC1_Melbourne,2026-10-01T14:00Z,6.0,5.4,16.5,41.0,2.2,167.0,30
BE_Brussels,2026-10-01T14:00Z,10.9,5.6,9.6,62.0,0.7,179.0,37
DE_Berlin,2026-10-01T14:00Z,17.0,9.8,9.1,88.0,4.9,200.0,48
DE_Hamburg,2026-10-01T14:00Z,17.2,12.8,40.7,44.0,5.8,270.0,51
DE_Munich,2026-10-01T14:00Z,25.7,17.2,10.0,107.0,1.6,224.0,68
ES_Madrid,2026-10-01T14:00Z,24.7,9.8,10.9,65.0,1.4,124.0,58
FR_Paris,2026-10-01T14:00Z,9.5,3.9,6.7,64.0,0.7,188.0,37
GB_Glasgow,2026-10-01T14:00Z,11.1,4.2,3.3,67.0,0.4,182.0,23
GB_London,2026-10-01T14:00Z,7.6,3.7,9.3,63.0,0.9,180.0,30
GB_Manchester,2026-10-01T14:00Z,7.8,3.8,6.3,62.0,0.7,186.0,27
NL_Amsterdam,2026-10-01T14:00Z,11.8,4.9,16.1,56.0,0.4,185.0,44
PL_Warsaw,2026-10-01T14:00Z,12.0,7.4,5.1,78.0,3.0,202.0,52
US_AZPS_Phoenix,2026-10-01T14:00Z,16.7,16.6,35.0,13.0,0.9,257.0,62
US_BPAT_Portland,2026-10-01T14:00Z,11.4,11.3,18.3,30.0,1.2,219.0,38
US_CISO_LosAngeles,2026-10-01T14:00Z,39.1,37.1,71.0,0.0,3.4,595.0,78
US_CISO_SanFrancisco,2026-10-01T14:00Z,13.4,10.0,12.1,34.0,0.8,110.0,51
US_DUK_Charlotte,2026-10-01T14:00Z,25.1,21.8,12.3,90.0,1.8,186.0,63
US_ERCO_Dallas,2026-10-01T14:00Z,5.2,4.5,12.7,31.0,1.9,153.0,33
US_ERCO_Houston,2026-10-01T14:00Z,11.3,7.8,6.7,44.0,1.5,122.0,47
US_FPL_Miami,2026-10-01T14:00Z,6.6,4.3,0.9,52.0,0.1,115.0,27
US_ISNE_Boston,2026-10-01T14:00Z,24.2,24.0,34.5,16.0,2.3,296.0,61
US_MISO_Chicago,2026-10-01T14:00Z,16.9,16.8,36.2,47.0,2.9,221.0,61
US_MISO_Minneapolis,2026-10-01T14:00Z,4.4,3.9,15.2,44.0,1.5,136.0,74
US_NEVP_LasVegas,2026-10-01T14:00Z,12.9,11.3,21.0,14.0,0.5,274.0,37
US_NYIS_NewYork,2026-10-01T14:00Z,30.4,30.3,42.2,27.0,3.6,294.0,70
US_PJM_Philadelphia,2026-10-01T14:00Z,16.3,16.1,16.6,54.0,2.2,208.0,58
US_PSCO_Denver,2026-10-01T14:00Z,6.6,6.4,15.1,54.0,1.0,280.0,56
US_SCL_Seattle,2026-10-01T14:00Z,10.9,10.6,39.2,16.0,4.8,256.0,46
US_SOCO_Atlanta,2026-10-01T14:00Z,14.4,11.9,6.9,83.0,1.4,190.0,52
US_SWPP_KansasCity,2026-10-01T14:00Z,3.1,3.0,13.1,53.0,0.8,157.0,52
US_SWPP_OklahomaCity,2026-10-01T14:00Z,2.6,2.6,7.3,37.0,0.5,118.0,22
US_TVA_Nashville,2026-10-01T14:00Z,10.3,9.3,3.9,95.0,1.2,174.0,37
VN_DaNang,2026-10-01T14:00Z,14.2,10.4,8.1,96.0,9.4,928.0,122
VN_HaNoi,2026-10-01T14:00Z,34.1,30.7,34.9,53.0,32.7,751.0,152
VN_HoChiMinh,2026-10-01T14:00Z,30.7,30.6,46.5,54.0,32.3,1470.0,93
AT_Vienna,2026-10-01T15:00Z,9.5,6.9,5.3,88.0,4.5,164.0,53
AU_NSW1_Sydney,2026-10-01T15:00Z,12.7,11.4,22.9,29.0,7.2,84.0,51
AU_QLD1_Brisbane,2026-10-01T15:00Z,14.6,10.6,16.0,40.0,2.1,130.0,46
AU_SA1_Adelaide,2026-10-01T15:00Z,8.4,8.4,24.8,16.0,2.4,212.0,38
AU_TAS1_Hobart,2026-10-01T15:00Z,5.1,3.6,4.0,37.0,1.2,103.0,21
AU_VIC1_Melbourne,2026-10-01T15:00Z,5.3,4.8,12.8,45.0,1.9,148.0,30
BE_Brussels,2026-10-01T15:00Z,10.9,5.6,12.4,63.0,0.7,185.0,37
DE_Berlin,2026-10-01T15:00Z,17.0,9.9,11.8,85.0,4.9,204.0,49
DE_Hamburg,2026-10-01T15:00Z,17.4,12.5,40.2,40.0,5.5,293.0,52
DE_Munich,2026-10-01T15:00Z,31.5,18.0,13.3,107.0,1.8,234.0,67
ES_Madrid,2026-10-01T15:00Z,23.2,10.0,11.3,70.0,1.4,124.0,57
FR_Paris,2026-10-01T15:00Z,9.4,4.2,8.7,64.0,0.8,189.0,36
GB_Glasgow,2026-10-01T15:00Z,10.8,4.4,3.7,68.0,0.4,186.0,25
GB_London,2026-10-01T15:00Z,8.0,4.0,10.2,62.0,0.8,182.0,30
GB_Manchester,2026-10-01T15:00Z,7.6,3.3,6.7,63.0,0.7,187.0,27
NL_Amsterdam,2026-10-01T15:00Z,11.9,4.3,18.9,56.0,0.4,189.0,43
PL_Warsaw,2026-10-01T15:00Z,12.5,8.7,7.4,73.0,3.3,212.0,52
US_AZPS_Phoenix,2026-10-01T15:00Z,16.6,16.5,26.6,22.0,0.9,280.0,62
US_BPAT_Portland,2026-10-01T15:00Z,12.0,11.9,17.5,32.0,1.2,239.0,39
US_CISO_LosAngeles,2026-10-01T15:00Z,41.1,39.6,63.8,7.0,3.6,604.0,80
US_CISO_SanFrancisco,2026-10-01T15:00Z,14.1,10.8,12.0,35.0,0.9,112.0,51
US_DUK_Charlotte,2026-10-01T15:00Z,24.4,20.1,5.2,116.0,1.9,166.0,63
US_ERCO_Dallas,2026-10-01T15:00Z,4.7,4.0,13.6,31.0,1.7,166.0,32
US_ERCO_Houston,2026-10-01T15:00Z,10.7,7.3,6.1,48.0,1.7,121.0,46
US_FPL_Miami,2026-10-01T15:00Z,6.5,4.1,0.8,50.0,0.1,112.0,26
US_ISNE_Boston,2026-10-01T15:00Z,25.0,24.9,32.7,21.0,2.5,294.0,62
US_MISO_Chicago,2026-10-01T15:00Z,17.6,17.5,34.2,49.0,2.7,207.0,62
US_MISO_Minneapolis,2026-10-01T15:00Z,4.9,4.2,11.3,52.0,1.6,148.0,73
US_NEVP_LasVegas,2026-10-01T15:00Z,14.2,12.9,17.8,20.0,0.6,285.0,37
US_NYIS_NewYork,2026-10-01T15:00Z,28.6,28.5,39.7,36.0,3.7,294.0,72
US_PJM_Philadelphia,2026-10-01T15:00Z,13.1,13.0,13.3,66.0,2.4,203.0,58
US_PSCO_Denver,2026-10-01T15:00Z,5.8,5.6,14.5,56.0,1.0,258.0,55
US_SCL_Seattle,2026-10-01T15:00Z,13.2,13.0,37.5,18.0,4.9,262.0,46
US_SOCO_Atlanta,2026-10-01T15:00Z,13.8,10.9,3.9,100.0,1.4,175.0,52
US_SWPP_KansasCity,2026-10-01T15:00Z,3.5,3.4,16.1,48.0,0.9,166.0,51
US_SWPP_OklahomaCity,2026-10-01T15:00Z,2.1,2.1,7.9,36.0,0.5,121.0,22
US_TVA_Nashville,2026-10-01T15:00Z,11.2,9.9,3.1,104.0,1.2,175.0,37
VN_DaNang,2026-10-01T15:00Z,15.0,11.3,8.1,91.0,9.1,873.0,96
VN_HaNoi,2026-10-01T15:00Z,33.3,30.5,36.2,36.0,32.3,768.0,116
VN_HoChiMinh,2026-10-01T15:00Z,24.9,24.8,44.2,44.0,30.2,1507.0,93
AT_Vienna,2026-10-01T16:00Z,10.1,7.4,7.5,86.0,5.0,168.0,52
AU_NSW1_Sydney,2026-10-01T16:00Z,12.1,10.9,23.7,24.0,7.2,77.0,51
AU_QLD1_Brisbane,2026-10-01T16:00Z,15.2,11.4,16.6,38.0,2.1,130.0,46
AU_SA1_Adelaide,2026-10-01T16:00Z,10.2,10.0,22.9,14.0,2.0,197.0,38
AU_TAS1_Hobart,2026-10-01T16:00Z,5.6,3.9,4.2,35.0,1.2,88.0,20
AU_VIC1_Melbourne,2026-10-01T16:00Z,4.8,4.3,10.3,48.0,2.0,125.0,29
BE_Brussels,2026-10-01T16:00Z,12.9,6.0,14.5,59.0,0.8,189.0,37
DE_Berlin,2026-10-01T16:00Z,17.4,10.1,17.4,77.0,4.9,215.0,50
DE_Hamburg,2026-10-01T16:00Z,16.7,11.7,39.4,33.0,5.1,306.0,52
DE_Munich,2026-10-01T16:00Z,33.7,21.1,17.7,91.0,2.0,274.0,67
ES_Madrid,2026-10-01T16:00Z,22.6,10.2,14.6,70.0,1.7,128.0,57
FR_Paris,2026-10-01T16:00Z,9.9,4.3,15.0,60.0,1.0,211.0,35
GB_Glasgow,2026-10-01T16:00Z,10.6,4.4,4.5,65.0,0.5,187.0,27
GB_London,2026-10-01T16:00Z,9.5,4.5,12.3,58.0,0.9,190.0,30
GB_Manchester,2026-10-01T16:00Z,8.6,3.5,7.9,60.0,0.8,190.0,26
NL_Amsterdam,2026-10-01T16:00Z,10.3,4.8,20.4,48.0,0.4,202.0,43
PL_Warsaw,2026-10-01T16:00Z,16.3,11.1,11.4,65.0,4.1,230.0,52
US_AZPS_Phoenix,2026-10-01T16:00Z,13.2,13.0,19.5,44.0,1.1,255.0,62
US_BPAT_Portland,2026-10-01T16:00Z,11.9,11.7,15.7,37.0,1.3,237.0,40
US_CISO_LosAngeles,2026-10-01T16:00Z,33.5,29.7,52.4,29.0,4.3,522.0,81
US_CISO_SanFrancisco,2026-10-01T16:00Z,14.5,10.7,11.5,38.0,1.1,121.0,52
US_DUK_Charlotte,2026-10-01T16:00Z,21.9,17.6,2.3,127.0,1.8,155.0,64
US_ERCO_Dallas,2026-10-01T16:00Z,4.1,3.6,12.5,33.0,1.6,158.0,32
US_ERCO_Houston,2026-10-01T16:00Z,10.1,7.1,5.2,56.0,1.9,118.0,46
US_FPL_Miami,2026-10-01T16:00Z,6.0,3.8,0.8,47.0,0.1,109.0,25
US_ISNE_Boston,2026-10-01T16:00Z,24.3,24.2,29.5,32.0,2.6,279.0,63
US_MISO_Chicago,2026-10-01T16:00Z,17.8,17.7,29.8,57.0,2.7,197.0,63
US_MISO_Minneapolis,2026-10-01T16:00Z,4.7,4.0,9.1,56.0,1.8,142.0,72
US_NEVP_LasVegas,2026-10-01T16:00Z,13.0,11.1,13.9,38.0,0.7,247.0,38
US_NYIS_NewYork,2026-10-01T16:00Z,27.1,27.0,34.9,51.0,3.8,284.0,73
US_PJM_Philadelphia,2026-10-01T16:00Z,12.3,12.1,10.2,85.0,2.6,197.0,58
US_PSCO_Denver,2026-10-01T16:00Z,3.7,3.5,11.6,61.0,1.0,217.0,54
US_SCL_Seattle,2026-10-01T16:00Z,14.1,13.8,32.6,26.0,5.4,267.0,46
US_SOCO_Atlanta,2026-10-01T16:00Z,13.3,10.4,2.4,109.0,1.3,162.0,52
US_SWPP_KansasCity,2026-10-01T16:00Z,3.8,3.7,16.7,46.0,1.0,165.0,50
US_SWPP_OklahomaCity,2026-10-01T16:00Z,1.4,1.4,7.7,35.0,0.5,122.0,21
US_TVA_Nashville,2026-10-01T16:00Z,10.8,9.3,2.4,108.0,1.0,167.0,39
VN_DaNang,2026-10-01T16:00Z,15.8,12.0,8.8,88.0,7.9,902.0,72
VN_HaNoi,2026-10-01T16:00Z,33.4,30.6,36.6,30.0,31.5,793.0,92
VN_HoChiMinh,2026-10-01T16:00Z,23.1,22.4,43.0,37.0,28.3,1414.0,92
AT_Vienna,2026-10-01T17:00Z,11.0,8.1,10.1,84.0,5.2,173.0,52
AU_NSW1_Sydney,2026-10-01T17:00Z,11.6,10.4,24.3,20.0,7.1,74.0,52
AU_QLD1_Brisbane,2026-10-01T17:00Z,15.4,11.8,16.7,36.0,2.1,133.0,46
AU_SA1_Adelaide,2026-10-01T17:00Z,8.3,8.3,20.0,13.0,1.4,182.0,38
AU_TAS1_Hobart,2026-10-01T17:00Z,6.1,4.3,4.3,33.0,1.1,73.0,19
AU_VIC1_Melbourne,2026-10-01T17:00Z,4.4,3.9,8.3,50.0,2.3,99.0,29
BE_Brussels,2026-10-01T17:00Z,12.9,7.1,23.8,50.0,1.0,194.0,36
DE_Berlin,2026-10-01T17:00Z,19.1,10.4,21.3,72.0,5.1,229.0,50
DE_Hamburg,2026-10-01T17:00Z,16.5,12.0,41.6,29.0,4.4,315.0,52
DE_Munich,2026-10-01T17:00Z,38.6,25.6,29.6,77.0,2.2,307.0,67
ES_Madrid,2026-10-01T17:00Z,23.0,12.1,25.9,56.0,2.2,135.0,57
FR_Paris,2026-10-01T17:00Z,11.6,5.1,27.8,47.0,1.6,231.0,34
GB_Glasgow,2026-10-01T17:00Z,10.5,4.8,7.6,62.0,0.7,189.0,28
GB_London,2026-10-01T17:00Z,11.5,5.0,18.9,49.0,1.3,205.0,30
GB_Manchester,2026-10-01T17:00Z,9.6,4.3,12.8,53.0,1.1,196.0,26
NL_Amsterdam,2026-10-01T17:00Z,11.6,6.0,31.4,41.0,0.7,225.0,42
PL_Warsaw,2026-10-01T17:00Z,18.4,15.4,15.3,56.0,5.1,281.0,52
US_AZPS_Phoenix,2026-10-01T17:00Z,13.1,12.0,13.0,73.0,1.3,206.0,63
US_BPAT_Portland,2026-10-01T17:00Z,10.1,9.9,13.2,45.0,1.4,224.0,41
US_CISO_LosAngeles,2026-10-01T17:00Z,30.4,25.4,38.6,58.0,5.2,391.0,82
US_CISO_SanFrancisco,2026-10-01T17:00Z,15.1,10.9,10.8,43.0,1.4,133.0,52
US_DUK_Charlotte,2026-10-01T17:00Z,19.0,15.3,1.6,130.0,1.6,148.0,64
US_ERCO_Dallas,2026-10-01T17:00Z,4.0,3.4,10.4,37.0,1.5,139.0,32
US_ERCO_Houston,2026-10-01T17:00Z,11.1,8.1,4.1,64.0,2.1,113.0,45
US_FPL_Miami,2026-10-01T17:00Z,5.7,3.5,0.8,44.0,0.1,106.0,25
US_ISNE_Boston,2026-10-01T17:00Z,22.0,21.9,25.5,46.0,2.5,255.0,64
US_MISO_Chicago,2026-10-01T17:00Z,17.7,17.6,24.3,67.0,2.9,189.0,63
US_MISO_Minneapolis,2026-10-01T17:00Z,3.8,3.4,7.6,60.0,2.0,132.0,72
US_NEVP_LasVegas,2026-10-01T17:00Z,11.1,8.8,9.6,62.0,0.8,184.0,38
US_NYIS_NewYork,2026-10-01T17:00Z,27.4,27.2,29.0,68.0,3.9,268.0,75
US_PJM_Philadelphia,2026-10-01T17:00Z,12.9,12.7,7.2,108.0,2.8,190.0,58
US_PSCO_Denver,2026-10-01T17:00Z,2.8,2.7,7.5,67.0,1.0,169.0,53
US_SCL_Seattle,2026-10-01T17:00Z,12.0,11.7,25.9,37.0,6.2,271.0,46
US_SOCO_Atlanta,2026-10-01T17:00Z,11.4,8.9,1.8,114.0,1.1,150.0,52
US_SWPP_KansasCity,2026-10-01T17:00Z,3.9,3.9,16.1,45.0,1.1,158.0,47
US_SWPP_OklahomaCity,2026-10-01T17:00Z,1.4,1.4,7.0,36.0,0.5,123.0,21
US_TVA_Nashville,2026-10-01T17:00Z,10.0,8.3,1.7,109.0,0.8,154.0,40
VN_DaNang,2026-10-01T17:00Z,16.8,13.6,10.0,85.0,6.4,961.0,72
VN_HaNoi,2026-10-01T17:00Z,33.3,30.5,36.4,30.0,30.6,817.0,92
VN_HoChiMinh,2026-10-01T17:00Z,23.3,21.8,42.4,31.0,26.5,1252.0,92
AT_Vienna,2026-10-01T18:00Z,12.2,9.3,11.8,85.0,7.1,179.0,51
AU_NSW1_Sydney,2026-10-01T18:00Z,11.0,10.0,24.2,17.0,7.0,79.0,52
AU_QLD1_Brisbane,2026-10-01T18:00Z,15.5,12.0,16.6,35.0,2.2,145.0,47
AU_SA1_Adelaide,2026-10-01T18:00Z,5.0,4.9,17.3,14.0,1.1,164.0,37
AU_TAS1_Hobart,2026-10-01T18:00Z,6.2,4.5,4.4,31.0,1.0,68.0,18
AU_VIC1_Melbourne,2026-10-01T18:00Z,4.1,3.4,7.1,51.0,2.5,82.0,28
BE_Brussels,2026-10-01T18:00Z,13.6,7.6,26.1,45.0,1.0,194.0,36
DE_Berlin,2026-10-01T18:00Z,19.3,10.7,24.8,68.0,5.3,232.0,51
DE_Hamburg,2026-10-01T18:00Z,15.0,11.9,37.3,25.0,4.6,274.0,53
DE_Munich,2026-10-01T18:00Z,44.4,27.5,36.2,69.0,2.5,310.0,68
ES_Madrid,2026-10-01T18:00Z,23.9,10.7,25.7,54.0,2.1,138.0,57
FR_Paris,2026-10-01T18:00Z,11.6,5.8,41.7,40.0,2.2,220.0,33
GB_Glasgow,2026-10-01T18:00Z,11.2,5.6,11.1,55.0,0.9,193.0,29
GB_London,2026-10-01T18:00Z,13.3,5.5,34.0,37.0,1.5,218.0,30
GB_Manchester,2026-10-01T18:00Z,10.8,4.8,20.1,48.0,1.1,210.0,26
NL_Amsterdam,2026-10-01T18:00Z,13.1,6.5,35.2,35.0,0.6,233.0,42
PL_Warsaw,2026-10-01T18:00Z,22.3,18.8,17.6,54.0,5.7,292.0,53
US_AZPS_Phoenix,2026-10-01T18:00Z,13.4,12.3,8.0,98.0,1.5,168.0,63
US_BPAT_Portland,2026-10-01T18:00Z,7.7,7.4,10.8,53.0,1.4,207.0,41
US_CISO_LosAngeles,2026-10-01T18:00Z,29.3,24.1,26.9,85.0,5.9,287.0,82
US_CISO_SanFrancisco,2026-10-01T18:00Z,15.4,11.2,10.3,48.0,1.6,139.0,52
US_DUK_Charlotte,2026-10-01T18:00Z,17.6,14.2,1.4,131.0,1.4,143.0,65
US_ERCO_Dallas,2026-10-01T18:00Z,4.1,3.5,9.0,41.0,1.5,125.0,32
US_ERCO_Houston,2026-10-01T18:00Z,11.7,8.5,3.3,70.0,2.2,111.0,45
US_FPL_Miami,2026-10-01T18:00Z,5.5,3.3,0.8,41.0,0.1,107.0,24
US_ISNE_Boston,2026-10-01T18:00Z,18.2,18.1,21.6,60.0,2.5,234.0,65
US_MISO_Chicago,2026-10-01T18:00Z,17.1,17.0,20.7,73.0,2.9,182.0,64
US_MISO_Minneapolis,2026-10-01T18:00Z,3.1,2.9,6.6,62.0,2.1,125.0,72
US_NEVP_LasVegas,2026-10-01T18:00Z,12.3,7.3,6.1,81.0,0.9,136.0,39
US_NYIS_NewYork,2026-10-01T18:00Z,25.4,25.3,24.9,84.0,4.0,255.0,76
US_PJM_Philadelphia,2026-10-01T18:00Z,13.5,13.4,5.3,125.0,2.9,186.0,58
US_PSCO_Denver,2026-10-01T18:00Z,2.3,2.3,4.3,73.0,0.9,134.0,53
US_SCL_Seattle,2026-10-01T18:00Z,11.0,10.7,20.7,47.0,6.5,268.0,47
US_SOCO_Atlanta,2026-10-01T18:00Z,10.3,8.0,1.4,116.0,1.0,141.0,52
US_SWPP_KansasCity,2026-10-01T18:00Z,3.8,3.8,15.2,44.0,1.2,154.0,44
US_SWPP_OklahomaCity,2026-10-01T18:00Z,1.6,1.5,6.1,39.0,0.5,123.0,20
US_TVA_Nashville,2026-10-01T18:00Z,9.5,7.9,1.2,110.0,0.6,145.0,42
VN_DaNang,2026-10-01T18:00Z,18.5,15.3,11.0,82.0,5.1,1002.0,73
VN_HaNoi,2026-10-01T18:00Z,33.1,30.4,36.0,30.0,29.9,816.0,92
VN_HoChiMinh,2026-10-01T18:00Z,23.2,21.6,42.5,25.0,25.9,1112.0,91
AT_Vienna,2026-10-01T19:00Z,13.3,10.3,11.5,84.0,7.7,192.0,50
AU_NSW1_Sydney,2026-10-01T19:00Z,11.0,10.2,23.1,15.0,7.1,100.0,52
AU_QLD1_Brisbane,2026-10-01T19:00Z,15.7,12.2,16.5,33.0,2.4,178.0,47
AU_SA1_Adelaide,2026-10-01T19:00Z,3.2,3.1,15.1,18.0,1.1,139.0,36
AU_TAS1_Hobart,2026-10-01T19:00Z,7.3,5.6,4.4,27.0,0.9,84.0,17
AU_VIC1_Melbourne,2026-10-01T19:00Z,4.4,3.5,7.0,51.0,2.5,79.0,28
BE_Brussels,2026-10-01T19:00Z,14.4,9.1,31.8,33.0,1.3,192.0,35
DE_Berlin,2026-10-01T19:00Z,18.5,11.1,24.9,60.0,5.2,215.0,51
DE_Hamburg,2026-10-01T19:00Z,12.0,9.7,37.7,25.0,3.5,282.0,53
DE_Munich,2026-10-01T19:00Z,40.0,29.5,34.0,55.0,2.5,301.0,68
ES_Madrid,2026-10-01T19:00Z,25.0,10.7,29.3,46.0,2.2,135.0,57
FR_Paris,2026-10-01T19:00Z,12.6,6.7,51.1,20.0,2.8,247.0,33
GB_Glasgow,2026-10-01T19:00Z,11.5,5.9,11.9,56.0,1.0,193.0,29
GB_London,2026-10-01T19:00Z,13.8,7.0,47.7,19.0,2.5,227.0,30
GB_Manchester,2026-10-01T19:00Z,10.9,5.7,24.4,37.0,1.4,216.0,26
NL_Amsterdam,2026-10-01T19:00Z,14.1,7.7,44.0,26.0,1.0,231.0,41
PL_Warsaw,2026-10-01T19:00Z,22.5,20.0,15.7,55.0,6.2,288.0,53
US_AZPS_Phoenix,2026-10-01T19:00Z,14.3,12.8,5.0,113.0,1.4,157.0,63
US_BPAT_Portland,2026-10-01T19:00Z,6.7,6.5,8.5,61.0,1.3,187.0,42
US_CISO_LosAngeles,2026-10-01T19:00Z,27.4,22.5,18.9,106.0,6.2,246.0,82
US_CISO_SanFrancisco,2026-10-01T19:00Z,16.2,11.9,10.0,52.0,1.7,134.0,52
US_DUK_Charlotte,2026-10-01T19:00Z,16.9,13.8,0.1,133.0,1.3,135.0,66
US_ERCO_Dallas,2026-10-01T19:00Z,4.4,3.6,8.0,48.0,1.5,124.0,32
US_ERCO_Houston,2026-10-01T19:00Z,11.9,8.4,2.7,70.0,2.1,111.0,45
US_FPL_Miami,2026-10-01T19:00Z,5.1,3.0,0.8,40.0,0.1,113.0,24
US_ISNE_Boston,2026-10-01T19:00Z,16.6,16.6,17.6,76.0,2.4,217.0,66
US_MISO_Chicago,2026-10-01T19:00Z,16.0,15.9,20.9,73.0,2.7,174.0,65
US_MISO_Minneapolis,2026-10-01T19:00Z,3.1,2.7,5.6,65.0,2.1,123.0,71
US_NEVP_LasVegas,2026-10-01T19:00Z,15.1,7.6,3.9,90.0,0.8,120.0,40
US_NYIS_NewYork,2026-10-01T19:00Z,24.0,24.0,22.7,98.0,4.0,246.0,77
US_PJM_Philadelphia,2026-10-01T19:00Z,13.6,13.5,4.5,133.0,3.1,184.0,59
US_PSCO_Denver,2026-10-01T19:00Z,2.3,2.2,2.8,77.0,0.8,121.0,52
US_SCL_Seattle,2026-10-01T19:00Z,9.5,9.2,18.1,54.0,6.1,255.0,48
US_SOCO_Atlanta,2026-10-01T19:00Z,9.3,7.2,0.9,116.0,0.9,136.0,52
US_SWPP_KansasCity,2026-10-01T19:00Z,3.6,3.6,14.2,42.0,1.2,157.0,41
US_SWPP_OklahomaCity,2026-10-01T19:00Z,1.6,1.5,4.5,48.0,0.4,122.0,20
US_TVA_Nashville,2026-10-01T19:00Z,9.3,7.7,0.9,112.0,0.5,141.0,44
VN_DaNang,2026-10-01T19:00Z,20.7,17.3,11.8,77.0,4.4,996.0,73
VN_HaNoi,2026-10-01T19:00Z,34.0,31.2,35.2,29.0,29.7,767.0,92
VN_HoChiMinh,2026-10-01T19:00Z,23.9,22.4,44.1,20.0,26.9,993.0,90
AT_Vienna,2026-10-01T20:00Z,13.8,10.5,10.8,82.0,6.8,190.0,50
AU_NSW1_Sydney,2026-10-01T20:00Z,12.1,11.3,21.3,15.0,7.2,129.0,52
AU_QLD1_Brisbane,2026-10-01T20:00Z,16.9,13.7,16.2,31.0,2.7,220.0,47
AU_SA1_Adelaide,2026-10-01T20:00Z,1.8,1.7,13.0,24.0,1.3,112.0,35
AU_TAS1_Hobart,2026-10-01T20:00Z,7.4,5.9,4.4,23.0,0.7,111.0,16
AU_VIC1_Melbourne,2026-10-01T20:00Z,4.6,3.5,7.6,51.0,2.5,85.0,27
BE_Brussels,2026-10-01T20:00Z,14.1,9.1,31.4,29.0,1.4,189.0,36
DE_Berlin,2026-10-01T20:00Z,17.5,11.5,23.6,57.0,4.9,216.0,51
DE_Hamburg,2026-10-01T20:00Z,10.5,8.2,38.8,27.0,2.9,273.0,53
DE_Munich,2026-10-01T20:00Z,38.0,30.6,36.7,50.0,2.5,305.0,69
ES_Madrid,2026-10-01T20:00Z,18.7,9.6,20.7,50.0,1.8,132.0,57
FR_Paris,2026-10-01T20:00Z,13.3,7.1,46.3,19.0,3.3,248.0,32
GB_Glasgow,2026-10-01T20:00Z,11.2,5.5,11.3,58.0,1.0,185.0,29
GB_London,2026-10-01T20:00Z,13.0,7.6,54.2,8.0,2.6,234.0,30
GB_Manchester,2026-10-01T20:00Z,11.4,6.3,24.6,35.0,1.4,210.0,26
NL_Amsterdam,2026-10-01T20:00Z,14.8,8.8,50.4,16.0,1.0,252.0,41
PL_Warsaw,2026-10-01T20:00Z,21.1,19.1,14.4,54.0,6.0,271.0,54
US_AZPS_Phoenix,2026-10-01T20:00Z,14.7,12.5,3.5,123.0,1.2,157.0,64
US_BPAT_Portland,2026-10-01T20:00Z,5.9,5.7,6.2,69.0,1.2,164.0,42
US_CISO_LosAngeles,2026-10-01T20:00Z,25.5,20.9,12.9,124.0,6.3,232.0,82
US_CISO_SanFrancisco,2026-10-01T20:00Z,17.2,12.9,9.7,56.0,1.6,123.0,52
US_DUK_Charlotte,2026-10-01T20:00Z,16.2,13.3,0.0,132.0,1.3,129.0,66
US_ERCO_Dallas,2026-10-01T20:00Z,6.8,6.0,7.6,55.0,1.7,128.0,31
US_ERCO_Houston,2026-10-01T20:00Z,12.5,8.6,2.4,66.0,1.9,113.0,45
US_FPL_Miami,2026-10-01T20:00Z,5.2,3.0,0.9,40.0,0.1,123.0,24
US_ISNE_Boston,2026-10-01T20:00Z,16.1,16.1,13.6,93.0,2.3,204.0,67
US_MISO_Chicago,2026-10-01T20:00Z,13.9,13.8,23.0,69.0,2.4,167.0,65
US_MISO_Minneapolis,2026-10-01T20:00Z,3.4,2.8,5.1,67.0,2.0,124.0,71
US_NEVP_LasVegas,2026-10-01T20:00Z,16.0,7.7,2.5,93.0,0.6,118.0,42
US_NYIS_NewYork,2026-10-01T20:00Z,23.1,22.9,22.3,110.0,3.9,241.0,78
US_PJM_Philadelphia,2026-10-01T20:00Z,13.8,13.7,4.7,135.0,3.2,185.0,59
US_PSCO_Denver,2026-10-01T20:00Z,2.4,2.3,2.2,80.0,0.7,121.0,51
US_SCL_Seattle,2026-10-01T20:00Z,9.1,8.8,16.9,59.0,5.3,236.0,48
US_SOCO_Atlanta,2026-10-01T20:00Z,8.8,6.8,0.6,114.0,0.9,134.0,52
US_SWPP_KansasCity,2026-10-01T20:00Z,2.6,2.5,13.0,39.0,1.1,161.0,38
US_SWPP_OklahomaCity,2026-10-01T20:00Z,1.6,1.4,2.7,61.0,0.4,122.0,19
US_TVA_Nashville,2026-10-01T20:00Z,9.0,7.5,0.7,113.0,0.5,140.0,46
VN_DaNang,2026-10-01T20:00Z,23.2,19.7,12.4,71.0,4.1,971.0,72
VN_HaNoi,2026-10-01T20:00Z,34.9,31.7,34.2,28.0,29.8,694.0,92
VN_HoChiMinh,2026-10-01T20:00Z,24.3,22.6,46.4,15.0,29.1,895.0,89
AT_Vienna,2026-10-01T21:00Z,14.3,9.8,10.5,80.0,4.9,188.0,49
AU_NSW1_Sydney,2026-10-01T21:00Z,14.3,13.3,19.9,19.0,7.5,149.0,52
AU_QLD1_Brisbane,2026-10-01T21:00Z,17.5,14.6,14.8,33.0,2.9,236.0,48
AU_SA1_Adelaide,2026-10-01T21:00Z,1.8,1.7,10.9,31.0,1.5,94.0,34
AU_TAS1_Hobart,2026-10-01T21:00Z,7.1,5.7,4.0,23.0,0.6,126.0,16
AU_VIC1_Melbourne,2026-10-01T21:00Z,5.2,3.9,8.0,50.0,2.4,92.0,26
BE_Brussels,2026-10-01T21:00Z,14.2,9.3,27.7,29.0,1.1,190.0,36
DE_Berlin,2026-10-01T21:00Z,16.6,11.7,23.0,53.0,4.4,208.0,52
DE_Hamburg,2026-10-01T21:00Z,8.6,6.3,30.9,34.0,2.2,226.0,53
DE_Munich,2026-10-01T21:00Z,39.0,32.9,35.0,46.0,2.6,314.0,70
ES_Madrid,2026-10-01T21:00Z,11.7,9.1,19.2,47.0,2.0,130.0,56
FR_Paris,2026-10-01T21:00Z,13.6,7.8,45.2,22.0,3.3,258.0,32
GB_Glasgow,2026-10-01T21:00Z,10.7,5.0,10.9,57.0,1.0,185.0,29
GB_London,2026-10-01T21:00Z,13.1,6.9,50.0,9.0,2.5,224.0,31
GB_Manchester,2026-10-01T21:00Z,12.6,5.6,21.1,36.0,1.4,209.0,26
NL_Amsterdam,2026-10-01T21:00Z,15.6,9.3,50.4,12.0,0.9,262.0,41
PL_Warsaw,2026-10-01T21:00Z,20.2,18.6,12.5,55.0,5.8,258.0,54
US_AZPS_Phoenix,2026-10-01T21:00Z,14.3,11.7,2.9,130.0,1.1,160.0,64
US_BPAT_Portland,2026-10-01T21:00Z,5.8,5.6,4.6,76.0,1.1,147.0,42
US_CISO_LosAngeles,2026-10-01T21:00Z,24.1,19.8,8.7,136.0,6.1,220.0,82
US_CISO_SanFrancisco,2026-10-01T21:00Z,18.2,14.0,9.8,58.0,1.6,115.0,52
US_DUK_Charlotte,2026-10-01T21:00Z,15.8,13.0,2.0,126.0,1.3,142.0,67
US_ERCO_Dallas,2026-10-01T21:00Z,5.7,5.1,10.0,58.0,1.8,133.0,32
US_ERCO_Houston,2026-10-01T21:00Z,12.7,8.6,3.1,61.0,1.7,124.0,45
US_FPL_Miami,2026-10-01T21:00Z,5.4,3.2,0.9,40.0,0.1,131.0,24
US_ISNE_Boston,2026-10-01T21:00Z,15.8,15.8,11.6,103.0,2.3,199.0,67
US_MISO_Chicago,2026-10-01T21:00Z,13.6,13.5,23.8,64.0,2.1,160.0,65
US_MISO_Minneapolis,2026-10-01T21:00Z,3.6,2.9,5.4,67.0,1.9,128.0,71
US_NEVP_LasVegas,2026-10-01T21:00Z,15.5,7.3,1.6,95.0,0.5,119.0,43
US_NYIS_NewYork,2026-10-01T21:00Z,23.6,23.5,25.9,112.0,3.8,249.0,79
US_PJM_Philadelphia,2026-10-01T21:00Z,14.1,14.0,7.0,130.0,3.2,195.0,60
US_PSCO_Denver,2026-10-01T21:00Z,2.1,2.0,2.0,82.0,0.6,124.0,51
US_SCL_Seattle,2026-10-01T21:00Z,9.1,8.9,16.5,63.0,4.7,220.0,49
US_SOCO_Atlanta,2026-10-01T21:00Z,8.6,6.6,1.8,108.0,0.9,142.0,53
US_SWPP_KansasCity,2026-10-01T21:00Z,2.5,2.5,11.5,38.0,1.0,163.0,35
US_SWPP_OklahomaCity,2026-10-01T21:00Z,2.6,2.1,2.2,69.0,0.3,126.0,19
US_TVA_Nashville,2026-10-01T21:00Z,8.6,7.2,1.5,111.0,0.5,144.0,48
VN_DaNang,2026-10-01T21:00Z,25.6,21.7,13.2,67.0,4.2,958.0,72
VN_HaNoi,2026-10-01T21:00Z,33.3,30.0,33.6,29.0,30.1,648.0,92
VN_HoChiMinh,2026-10-01T21:00Z,25.8,24.1,47.4,12.0,31.9,908.0,88
AT_Vienna,2026-10-01T22:00Z,13.4,9.4,9.9,76.0,4.3,181.0,49
AU_NSW1_Sydney,2026-10-01T22:00Z,16.3,14.8,19.4,31.0,8.2,152.0,52
AU_QLD1_Brisbane,2026-10-01T22:00Z,15.8,12.0,11.5,42.0,2.9,203.0,49
AU_SA1_Adelaide,2026-10-01T22:00Z,2.3,2.2,8.5,41.0,1.6,92.0,32
AU_TAS1_Hobart,2026-10-01T22:00Z,9.4,6.1,3.0,31.0,0.6,115.0,17
AU_VIC1_Melbourne,2026-10-01T22:00Z,5.6,4.3,7.9,49.0,2.4,100.0,26
BE_Brussels,2026-10-01T22:00Z,13.7,9.7,24.0,32.0,0.9,187.0,37
DE_Berlin,2026-10-01T22:00Z,16.2,11.3,21.7,51.0,3.7,207.0,52
DE_Hamburg,2026-10-01T22:00Z,7.7,4.4,24.0,40.0,2.0,189.0,53
DE_Munich,2026-10-01T22:00Z,40.6,32.8,28.2,47.0,2.4,292.0,71
ES_Madrid,2026-10-01T22:00Z,10.1,7.0,14.7,56.0,1.0,129.0,56
FR_Paris,2026-10-01T22:00Z,14.0,7.9,46.4,23.0,3.4,268.0,32
GB_Glasgow,2026-10-01T22:00Z,10.5,4.7,9.5,56.0,0.8,182.0,28
GB_London,2026-10-01T22:00Z,13.3,7.3,45.0,11.0,2.5,230.0,31
GB_Manchester,2026-10-01T22:00Z,12.7,5.6,17.3,37.0,1.5,203.0,27
NL_Amsterdam,2026-10-01T22:00Z,16.1,9.8,46.6,10.0,0.7,254.0,41
PL_Warsaw,2026-10-01T22:00Z,17.1,15.5,9.7,56.0,4.3,232.0,55
US_AZPS_Phoenix,2026-10-01T22:00Z,15.5,11.5,1.3,135.0,1.1,153.0,64
US_BPAT_Portland,2026-10-01T22:00Z,5.9,5.7,3.5,82.0,1.0,140.0,42
US_CISO_LosAngeles,2026-10-01T22:00Z,22.2,18.1,5.9,139.0,5.3,197.0,82
US_CISO_SanFrancisco,2026-10-01T22:00Z,18.7,14.6,9.9,59.0,1.6,115.0,52
US_DUK_Charlotte,2026-10-01T22:00Z,16.5,14.0,12.1,109.0,1.4,195.0,76
US_ERCO_Dallas,2026-10-01T22:00Z,4.8,4.5,18.3,51.0,2.0,140.0,32
US_ERCO_Houston,2026-10-01T22:00Z,12.9,8.7,5.5,55.0,1.6,156.0,45
US_FPL_Miami,2026-10-01T22:00Z,5.6,3.3,1.0,41.0,0.1,136.0,24
US_ISNE_Boston,2026-10-01T22:00Z,15.5,15.5,12.9,100.0,2.4,212.0,68
US_MISO_Chicago,2026-10-01T22:00Z,14.9,14.8,21.5,59.0,1.6,153.0,66
US_MISO_Minneapolis,2026-10-01T22:00Z,3.9,3.3,7.3,65.0,1.8,138.0,70
US_NEVP_LasVegas,2026-10-01T22:00Z,14.6,6.8,0.8,97.0,0.5,115.0,44
US_NYIS_NewYork,2026-10-01T22:00Z,28.1,27.7,37.7,95.0,3.7,285.0,80
US_PJM_Philadelphia,2026-10-01T22:00Z,16.1,16.1,13.4,114.0,3.0,223.0,60
US_PSCO_Denver,2026-10-01T22:00Z,2.0,1.9,1.7,83.0,0.5,126.0,50
US_SCL_Seattle,2026-10-01T22:00Z,9.3,9.1,15.4,67.0,4.5,204.0,49
US_SOCO_Atlanta,2026-10-01T22:00Z,8.7,6.6,5.7,97.0,0.9,169.0,53
US_SWPP_KansasCity,2026-10-01T22:00Z,2.2,2.1,9.6,40.0,0.8,158.0,33
US_SWPP_OklahomaCity,2026-10-01T22:00Z,2.9,2.3,4.0,70.0,0.3,138.0,21
US_TVA_Nashville,2026-10-01T22:00Z,8.6,7.2,4.0,105.0,0.5,158.0,50
VN_DaNang,2026-10-01T22:00Z,26.2,21.9,14.5,63.0,4.4,988.0,71
VN_HaNoi,2026-10-01T22:00Z,35.2,31.7,34.4,29.0,31.0,663.0,92
VN_HoChiMinh,2026-10-01T22:00Z,28.5,26.7,46.2,9.0,36.4,1152.0,87
AT_Vienna,2026-10-01T23:00Z,12.7,9.5,9.5,73.0,4.0,179.0,48
AU_NSW1_Sydney,2026-10-01T23:00Z,20.0,16.9,19.3,47.0,9.0,147.0,52
AU_QLD1_Brisbane,2026-10-01T23:00Z,14.1,9.6,7.3,55.0,2.8,145.0,49
AU_SA1_Adelaide,2026-10-01T23:00Z,2.3,2.1,6.2,53.0,1.7,99.0,31
AU_TAS1_Hobart,2026-10-01T23:00Z,8.8,5.6,1.8,43.0,0.7,93.0,19
AU_VIC1_Melbourne,2026-10-01T23:00Z,6.1,4.7,7.7,48.0,2.3,108.0,26
BE_Brussels,2026-10-01T23:00Z,13.6,9.9,20.7,31.0,0.8,182.0,37
DE_Berlin,2026-10-01T23:00Z,14.7,11.0,17.9,49.0,3.1,207.0,52
DE_Hamburg,2026-10-01T23:00Z,8.8,5.1,24.0,38.0,2.6,168.0,53
DE_Munich,2026-10-01T23:00Z,35.4,30.3,21.9,48.0,1.8,264.0,73
ES_Madrid,2026-10-01T23:00Z,10.0,6.3,11.5,54.0,1.0,127.0,55
FR_Paris,2026-10-01T23:00Z,14.2,8.6,43.6,21.0,3.1,271.0,32
GB_Glasgow,2026-10-01T23:00Z,10.4,4.3,6.9,55.0,0.6,176.0,28
GB_London,2026-10-01T23:00Z,14.2,8.1,43.7,12.0,2.1,230.0,31
GB_Manchester,2026-10-01T23:00Z,11.6,6.0,13.5,42.0,1.0,196.0,27
NL_Amsterdam,2026-10-01T23:00Z,16.1,10.5,46.2,10.0,0.6,240.0,41
PL_Warsaw,2026-10-01T23:00Z,14.7,13.9,7.6,57.0,3.3,221.0,55
US_AZPS_Phoenix,2026-10-01T23:00Z,17.1,11.5,0.4,136.0,1.1,149.0,65
US_BPAT_Portland,2026-10-01T23:00Z,5.9,5.7,3.1,87.0,1.0,140.0,42
US_CISO_LosAngeles,2026-10-01T23:00Z,20.1,16.2,4.9,136.0,4.3,175.0,82
US_CISO_SanFrancisco,2026-10-01T23:00Z,18.5,14.6,10.2,59.0,1.5,118.0,53
US_DUK_Charlotte,2026-10-01T23:00Z,23.1,20.5,25.8,87.0,1.4,266.0,80
US_ERCO_Dallas,2026-10-01T23:00Z,5.9,5.7,29.5,39.0,2.3,149.0,32
US_ERCO_Houston,2026-10-01T23:00Z,12.7,8.6,8.9,49.0,1.5,197.0,45
US_FPL_Miami,2026-10-01T23:00Z,5.9,3.5,1.1,41.0,0.2,140.0,24
US_ISNE_Boston,2026-10-01T23:00Z,15.4,15.3,16.2,90.0,2.5,235.0,68
US_MISO_Chicago,2026-10-01T23:00Z,9.1,8.9,17.8,54.0,1.1,145.0,66
US_MISO_Minneapolis,2026-10-01T23:00Z,4.3,3.7,10.1,61.0,1.7,151.0,70
US_NEVP_LasVegas,2026-10-01T23:00Z,13.9,6.4,0.6,97.0,0.5,114.0,46
US_NYIS_NewYork,2026-10-01T23:00Z,27.5,26.7,53.6,67.0,3.5,333.0,80
US_PJM_Philadelphia,2026-10-01T23:00Z,17.9,17.8,22.0,92.0,2.7,260.0,60
US_PSCO_Denver,2026-10-01T23:00Z,2.1,2.0,1.8,82.0,0.5,131.0,50
US_SCL_Seattle,2026-10-01T23:00Z,9.8,9.6,15.0,70.0,4.5,192.0,50
US_SOCO_Atlanta,2026-10-01T23:00Z,9.3,7.3,11.0,83.0,1.0,205.0,53
US_SWPP_KansasCity,2026-10-01T23:00Z,1.8,1.8,7.5,44.0,0.6,149.0,31
US_SWPP_OklahomaCity,2026-10-01T23:00Z,3.2,2.6,7.0,68.0,0.3,155.0,23
US_TVA_Nashville,2026-10-01T23:00Z,9.1,7.9,7.3,96.0,0.6,178.0,52
VN_DaNang,2026-10-01T23:00Z,29.5,25.0,15.9,61.0,5.1,1031.0,71
VN_HaNoi,2026-10-01T23:00Z,38.8,35.0,35.7,29.0,32.1,705.0,92
VN_HoChiMinh,2026-10-01T23:00Z,32.5,30.5,43.7,8.0,41.7,1508.0,87
AT_Vienna,2026-10-02T00:00Z,12.5,9.8,8.8,70.0,4.2,180.0,48
AU_NSW1_Sydney,2026-10-02T00:00Z,23.1,18.2,18.9,61.0,9.4,139.0,52
AU_QLD1_Brisbane,2026-10-02T00:00Z,13.4,8.8,4.0,66.0,2.7,100.0,49
AU_SA1_Adelaide,2026-10-02T00:00Z,2.3,2.0,4.3,61.0,1.7,102.0,29
AU_TAS1_Hobart,2026-10-02T00:00Z,7.8,5.0,0.8,52.0,0.8,75.0,19
AU_VIC1_Melbourne,2026-10-02T00:00Z,6.0,4.6,7.4,47.0,2.3,113.0,26
BE_Brussels,2026-10-02T00:00Z,14.4,9.4,19.4,31.0,0.9,197.0,38
DE_Berlin,2026-10-02T00:00Z,14.3,10.8,16.6,46.0,3.0,205.0,53
DE_Hamburg,2026-10-02T00:00Z,9.3,5.6,23.4,37.0,2.6,167.0,53
DE_Munich,2026-10-02T00:00Z,34.3,28.1,16.5,45.0,1.2,243.0,74
ES_Madrid,2026-10-02T00:00Z,6.9,5.3,8.0,54.0,0.8,124.0,54
FR_Paris,2026-10-02T00:00Z,14.4,9.4,38.5,21.0,3.0,268.0,33
GB_Glasgow,2026-10-02T00:00Z,10.4,3.9,5.4,58.0,0.6,168.0,27
GB_London,2026-10-02T00:00Z,14.7,8.1,35.8,21.0,1.7,220.0,31
GB_Manchester,2026-10-02T00:00Z,11.1,5.3,11.6,45.0,0.9,192.0,27
NL_Amsterdam,2026-10-02T00:00Z,15.6,10.7,42.4,11.0,0.5,227.0,42
PL_Warsaw,2026-10-02T00:00Z,15.0,12.6,5.9,57.0,3.1,216.0,55
US_AZPS_Phoenix,2026-10-02T00:00Z,18.3,12.0,5.3,128.0,1.2,175.0,65
US_BPAT_Portland,2026-10-02T00:00Z,5.9,5.7,4.0,87.0,1.0,143.0,43
US_CISO_LosAngeles,2026-10-02T00:00Z,18.0,14.3,6.0,128.0,3.3,170.0,81
US_CISO_SanFrancisco,2026-10-02T00:00Z,17.6,14.1,11.7,56.0,1.4,120.0,53
US_DUK_Charlotte,2026-10-02T00:00Z,29.6,26.9,34.3,70.0,1.5,316.0,74
US_ERCO_Dallas,2026-10-02T00:00Z,9.4,9.3,36.6,30.0,2.5,154.0,32
US_ERCO_Houston,2026-10-02T00:00Z,13.3,9.3,11.4,44.0,1.5,221.0,45
US_FPL_Miami,2026-10-02T00:00Z,6.4,3.8,1.1,42.0,0.2,139.0,24
US_ISNE_Boston,2026-10-02T00:00Z,14.9,14.8,18.5,82.0,2.6,246.0,68
US_MISO_Chicago,2026-10-02T00:00Z,4.1,4.0,15.3,50.0,0.8,141.0,66
US_MISO_Minneapolis,2026-10-02T00:00Z,4.7,4.2,12.5,57.0,1.6,161.0,70
US_NEVP_LasVegas,2026-10-02T00:00Z,13.3,6.1,1.7,93.0,0.5,123.0,47
US_NYIS_NewYork,2026-10-02T00:00Z,25.6,25.0,63.6,47.0,3.4,357.0,80
US_PJM_Philadelphia,2026-10-02T00:00Z,18.3,18.3,27.5,75.0,2.4,280.0,63
US_PSCO_Denver,2026-10-02T00:00Z,2.1,2.0,3.2,78.0,0.5,136.0,49
US_SCL_Seattle,2026-10-02T00:00Z,10.3,10.1,19.1,66.0,4.6,202.0,50
US_SOCO_Atlanta,2026-10-02T00:00Z,11.5,9.5,14.6,72.0,1.0,227.0,53
US_SWPP_KansasCity,2026-10-02T00:00Z,2.1,2.1,6.1,47.0,0.5,143.0,29
US_SWPP_OklahomaCity,2026-10-02T00:00Z,4.6,4.0,9.5,64.0,0.3,168.0,25
US_TVA_Nashville,2026-10-02T00:00Z,10.1,9.1,9.5,88.0,0.6,191.0,50
VN_DaNang,2026-10-02T00:00Z,29.0,24.5,16.3,70.0,7.6,1025.0,70
VN_HaNoi,2026-10-02T00:00Z,36.8,32.8,35.1,37.0,32.6,718.0,92
VN_HoChiMinh,2026-10-02T00:00Z,36.4,34.3,39.8,18.0,43.9,1705.0,87
AT_Vienna,2026-10-02T01:00Z,13.0,9.9,8.3,67.0,4.3,184.0,48
AU_NSW1_Sydney,2026-10-02T01:00Z,25.7,19.3,17.7,72.0,9.0,127.0,53
AU_QLD1_Brisbane,2026-10-02T01:00Z,14.1,9.3,2.6,72.0,2.5,83.0,50
AU_SA1_Adelaide,2026-10-02T01:00Z,2.6,2.1,3.2,64.0,1.4,95.0,28
AU_TAS1_Hobart,2026-10-02T01:00Z,7.8,5.0,0.5,55.0,0.7,70.0,20
AU_VIC1_Melbourne,2026-10-02T01:00Z,5.6,4.2,7.1,47.0,2.2,110.0,26
BE_Brussels,2026-10-02T01:00Z,15.0,9.4,18.3,29.0,0.9,199.0,39
DE_Berlin,2026-10-02T01:00Z,14.2,10.8,14.7,45.0,3.0,203.0,53
DE_Hamburg,2026-10-02T01:00Z,9.0,5.5,21.5,34.0,2.7,168.0,53
DE_Munich,2026-10-02T01:00Z,34.9,26.6,12.2,46.0,1.3,228.0,74
ES_Madrid,2026-10-02T01:00Z,5.5,4.2,5.7,55.0,0.7,127.0,53
FR_Paris,2026-10-02T01:00Z,16.0,10.0,31.5,16.0,2.9,261.0,33
GB_Glasgow,2026-10-02T01:00Z,9.5,3.8,3.6,62.0,0.4,161.0,26
GB_London,2026-10-02T01:00Z,15.0,7.8,32.8,29.0,1.7,201.0,32
GB_Manchester,2026-10-02T01:00Z,11.3,4.7,9.3,48.0,0.8,188.0,27
NL_Amsterdam,2026-10-02T01:00Z,14.5,10.7,42.3,11.0,0.5,218.0,43
PL_Warsaw,2026-10-02T01:00Z,14.7,12.0,5.2,57.0,3.0,206.0,55
US_AZPS_Phoenix,2026-10-02T01:00Z,21.2,16.2,20.8,105.0,1.3,266.0,66
US_BPAT_Portland,2026-10-02T01:00Z,6.5,6.4,7.2,80.0,1.0,152.0,43
US_CISO_LosAngeles,2026-10-02T01:00Z,16.1,12.8,8.8,114.0,2.6,192.0,81
US_CISO_SanFrancisco,2026-10-02T01:00Z,16.9,13.4,15.2,50.0,1.3,120.0,53
US_DUK_Charlotte,2026-10-02T01:00Z,32.5,29.9,33.0,63.0,1.5,325.0,68
US_ERCO_Dallas,2026-10-02T01:00Z,15.5,15.5,35.7,29.0,2.5,152.0,32
US_ERCO_Houston,2026-10-02T01:00Z,13.1,9.6,12.3,43.0,1.5,212.0,45
US_FPL_Miami,2026-10-02T01:00Z,6.9,4.1,1.1,42.0,0.3,131.0,24
US_ISNE_Boston,2026-10-02T01:00Z,14.5,14.3,18.9,81.0,2.7,234.0,67
US_MISO_Chicago,2026-10-02T01:00Z,3.4,3.2,14.9,49.0,0.8,140.0,64
US_MISO_Minneapolis,2026-10-02T01:00Z,4.5,4.2,13.9,55.0,1.6,164.0,68
US_NEVP_LasVegas,2026-10-02T01:00Z,13.0,6.0,5.0,84.0,0.5,150.0,48
US_NYIS_NewYork,2026-10-02T01:00Z,24.1,23.9,62.7,42.0,3.4,331.0,79
US_PJM_Philadelphia,2026-10-02T01:00Z,18.8,18.7,27.4,70.0,2.1,269.0,61
US_PSCO_Denver,2026-10-02T01:00Z,3.6,3.6,7.4,67.0,0.5,142.0,49
US_SCL_Seattle,2026-10-02T01:00Z,13.3,13.1,32.1,48.0,4.6,258.0,51
US_SOCO_Atlanta,2026-10-02T01:00Z,12.5,10.5,15.2,67.0,1.0,224.0,52
US_SWPP_KansasCity,2026-10-02T01:00Z,2.9,2.7,6.1,47.0,0.5,143.0,25
US_SWPP_OklahomaCity,2026-10-02T01:00Z,7.4,7.0,11.0,58.0,0.3,176.0,26
US_TVA_Nashville,2026-10-02T01:00Z,10.7,9.6,9.7,83.0,0.6,193.0,49
VN_DaNang,2026-10-02T01:00Z,30.7,25.8,14.8,96.0,13.6,925.0,69
VN_HaNoi,2026-10-02T01:00Z,35.3,31.0,31.3,56.0,32.1,669.0,92
VN_HoChiMinh,2026-10-02T01:00Z,33.6,30.4,33.8,46.0,40.7,1578.0,87
AT_Vienna,2026-10-02T02:00Z,13.3,10.3,8.6,65.0,3.9,182.0,48
AU_NSW1_Sydney,2026-10-02T02:00Z,27.1,19.7,16.1,81.0,8.1,114.0,54
AU_QLD1_Brisbane,2026-10-02T02:00Z,14.7,9.8,2.1,75.0,2.3,80.0,50
AU_SA1_Adelaide,2026-10-02T02:00Z,2.5,1.9,2.6,65.0,1.0,85.0,27
AU_TAS1_Hobart,2026-10-02T02:00Z,8.2,5.2,0.5,55.0,0.6,70.0,21
AU_VIC1_Melbourne,2026-10-02T02:00Z,5.4,4.1,6.8,47.0,2.2,103.0,26
BE_Brussels,2026-10-02T02:00Z,15.1,9.9,18.9,27.0,0.8,200.0,40
DE_Berlin,2026-10-02T02:00Z,14.0,10.9,14.6,43.0,2.9,203.0,53
DE_Hamburg,2026-10-02T02:00Z,8.8,5.6,21.0,30.0,2.3,171.0,53
DE_Munich,2026-10-02T02:00Z,28.6,20.7,11.2,42.0,1.3,195.0,75
ES_Madrid,2026-10-02T02:00Z,5.5,3.9,4.8,53.0,0.7,129.0,52
FR_Paris,2026-10-02T02:00Z,16.2,11.1,33.9,11.0,3.2,256.0,34
GB_Glasgow,2026-10-02T02:00Z,8.4,3.7,2.7,62.0,0.3,158.0,26
GB_London,2026-10-02T02:00Z,14.9,7.6,26.9,32.0,1.7,195.0,32
GB_Manchester,2026-10-02T02:00Z,11.5,4.9,8.0,50.0,0.8,189.0,27
NL_Amsterdam,2026-10-02T02:00Z,15.0,10.7,46.7,9.0,0.6,215.0,44
PL_Warsaw,2026-10-02T02:00Z,14.1,11.5,5.3,54.0,3.3,198.0,56
US_AZPS_Phoenix,2026-10-02T02:00Z,28.9,22.7,42.0,73.0,1.5,386.0,72
US_BPAT_Portland,2026-10-02T02:00Z,7.9,7.7,11.6,70.0,1.1,164.0,44
US_CISO_LosAngeles,2026-10-02T02:00Z,15.4,12.4,13.7,95.0,2.0,230.0,81
US_CISO_SanFrancisco,2026-10-02T02:00Z,16.1,12.7,19.8,41.0,1.2,119.0,54
US_DUK_Charlotte,2026-10-02T02:00Z,28.2,26.0,26.6,62.0,1.5,311.0,68
US_ERCO_Dallas,2026-10-02T02:00Z,10.5,10.3,30.8,32.0,2.3,146.0,33
US_ERCO_Houston,2026-10-02T02:00Z,12.5,9.0,12.3,43.0,1.5,185.0,45
US_FPL_Miami,2026-10-02T02:00Z,7.2,4.2,1.0,42.0,0.4,118.0,24
US_ISNE_Boston,2026-10-02T02:00Z,14.3,14.2,18.5,81.0,2.7,212.0,66
US_MISO_Chicago,2026-10-02T02:00Z,3.9,3.8,15.7,50.0,0.9,141.0,63
US_MISO_Minneapolis,2026-10-02T02:00Z,4.1,3.9,14.9,52.0,1.7,163.0,65
US_NEVP_LasVegas,2026-10-02T02:00Z,13.0,6.7,9.7,71.0,0.6,188.0,49
US_NYIS_NewYork,2026-10-02T02:00Z,22.5,22.5,56.0,45.0,3.4,280.0,79
US_PJM_Philadelphia,2026-10-02T02:00Z,18.9,18.9,24.2,70.0,1.9,243.0,60
US_PSCO_Denver,2026-10-02T02:00Z,4.5,4.4,12.9,53.0,0.6,148.0,47
US_SCL_Seattle,2026-10-02T02:00Z,22.8,22.7,49.5,23.0,4.7,338.0,52
US_SOCO_Atlanta,2026-10-02T02:00Z,12.5,10.6,14.1,64.0,1.1,208.0,52
US_SWPP_KansasCity,2026-10-02T02:00Z,3.8,3.7,6.8,46.0,0.6,146.0,23
US_SWPP_OklahomaCity,2026-10-02T02:00Z,5.9,5.7,12.0,51.0,0.3,181.0,28
US_TVA_Nashville,2026-10-02T02:00Z,10.6,9.5,8.9,79.0,0.7,188.0,47
VN_DaNang,2026-10-02T02:00Z,33.8,28.8,12.1,133.0,21.3,776.0,68
VN_HaNoi,2026-10-02T02:00Z,35.4,30.6,25.8,82.0,30.9,591.0,92
VN_HoChiMinh,2026-10-02T02:00Z,25.8,22.4,26.4,84.0,34.5,1292.0,87
AT_Vienna,2026-10-02T03:00Z,13.6,10.7,9.6,62.0,3.6,180.0,48
AU_NSW1_Sydney,2026-10-02T03:00Z,27.5,19.8,14.7,86.0,7.2,109.0,55
AU_QLD1_Brisbane,2026-10-02T03:00Z,15.1,10.0,1.9,77.0,2.1,79.0,50
AU_SA1_Adelaide,2026-10-02T03:00Z,2.4,1.8,2.2,64.0,0.7,77.0,26
AU_TAS1_Hobart,2026-10-02T03:00Z,9.5,6.0,0.5,54.0,0.5,70.0,22
AU_VIC1_Melbourne,2026-10-02T03:00Z,5.4,4.3,6.6,47.0,2.1,97.0,26
BE_Brussels,2026-10-02T03:00Z,14.7,11.2,20.7,23.0,1.0,203.0,41
DE_Berlin,2026-10-02T03:00Z,15.1,11.3,16.6,38.0,2.5,205.0,53
DE_Hamburg,2026-10-02T03:00Z,9.0,5.8,22.5,27.0,2.4,172.0,52
DE_Munich,2026-10-02T03:00Z,20.9,16.6,11.2,40.0,1.1,175.0,75
ES_Madrid,2026-10-02T03:00Z,5.4,4.0,4.9,51.0,0.8,128.0,52
FR_Paris,2026-10-02T03:00Z,17.1,12.4,35.2,8.0,3.4,264.0,36
GB_Glasgow,2026-10-02T03:00Z,7.2,3.3,2.4,65.0,0.3,157.0,27
GB_London,2026-10-02T03:00Z,14.7,7.3,21.4,36.0,1.8,191.0,33
GB_Manchester,2026-10-02T03:00Z,11.5,5.2,7.7,52.0,1.0,195.0,27
NL_Amsterdam,2026-10-02T03:00Z,15.4,11.2,48.0,5.0,0.8,218.0,44
PL_Warsaw,2026-10-02T03:00Z,14.1,11.5,6.4,52.0,3.4,197.0,56
US_AZPS_Phoenix,2026-10-02T03:00Z,35.2,27.6,58.7,48.0,1.6,464.0,67
US_BPAT_Portland,2026-10-02T03:00Z,8.7,8.6,15.3,60.0,1.2,176.0,45
US_CISO_LosAngeles,2026-10-02T03:00Z,15.7,12.7,22.6,75.0,1.7,268.0,81
US_CISO_SanFrancisco,2026-10-02T03:00Z,15.7,12.5,23.8,33.0,1.1,118.0,54
US_DUK_Charlotte,2026-10-02T03:00Z,23.1,21.2,20.8,62.0,1.5,288.0,68
US_ERCO_Dallas,2026-10-02T03:00Z,7.2,7.0,26.2,35.0,2.2,142.0,34
US_ERCO_Houston,2026-10-02T03:00Z,14.4,9.9,11.8,45.0,1.5,163.0,45
US_FPL_Miami,2026-10-02T03:00Z,7.3,4.2,1.0,42.0,0.4,108.0,24
US_ISNE_Boston,2026-10-02T03:00Z,14.8,14.7,17.5,83.0,2.8,194.0,66
US_MISO_Chicago,2026-10-02T03:00Z,4.6,4.5,16.7,49.0,1.0,147.0,61
US_MISO_Minneapolis,2026-10-02T03:00Z,4.2,4.1,15.7,50.0,1.7,164.0,63
US_NEVP_LasVegas,2026-10-02T03:00Z,14.9,8.2,14.3,60.0,0.6,223.0,49
US_NYIS_NewYork,2026-10-02T03:00Z,21.8,21.8,48.4,49.0,3.3,240.0,78
US_PJM_Philadelphia,2026-10-02T03:00Z,18.6,18.5,20.8,72.0,1.7,219.0,60
US_PSCO_Denver,2026-10-02T03:00Z,4.3,4.2,16.6,42.0,0.6,153.0,44
US_SCL_Seattle,2026-10-02T03:00Z,26.0,25.8,61.8,4.0,4.8,389.0,53
US_SOCO_Atlanta,2026-10-02T03:00Z,12.1,10.2,12.6,63.0,1.1,191.0,52
US_SWPP_KansasCity,2026-10-02T03:00Z,4.8,4.6,7.3,46.0,0.8,147.0,21
US_SWPP_OklahomaCity,2026-10-02T03:00Z,4.1,3.9,12.0,46.0,0.3,179.0,28
US_TVA_Nashville,2026-10-02T03:00Z,10.2,9.1,7.8,77.0,0.7,182.0,46
VN_DaNang,2026-10-02T03:00Z,31.4,28.3,9.8,166.0,26.9,650.0,68
VN_HaNoi,2026-10-02T03:00Z,37.6,31.9,20.4,109.0,29.5,531.0,93
VN_HoChiMinh,2026-10-02T03:00Z,22.0,18.9,20.3,116.0,29.1,1076.0,87
AT_Vienna,2026-10-02T04:00Z,14.4,11.1,11.1,58.0,3.4,183.0,48
AU_NSW1_Sydney,2026-10-02T04:00Z,26.8,19.1,13.2,85.0,6.2,122.0,56
AU_QLD1_Brisbane,2026-10-02T04:00Z,15.0,9.9,1.7,76.0,1.9,78.0,51
AU_SA1_Adelaide,2026-10-02T04:00Z,2.5,1.9,1.9,63.0,0.6,75.0,25
AU_TAS1_Hobart,2026-10-02T04:00Z,10.5,6.6,0.5,54.0,0.4,66.0,23
AU_VIC1_Melbourne,2026-10-02T04:00Z,4.4,3.4,6.3,47.0,2.0,95.0,25
BE_Brussels,2026-10-02T04:00Z,15.5,12.1,22.9,19.0,1.1,202.0,43
DE_Berlin,2026-10-02T04:00Z,16.4,11.5,21.9,31.0,2.6,216.0,53
DE_Hamburg,2026-10-02T04:00Z,8.8,5.9,24.1,28.0,2.8,186.0,52
DE_Munich,2026-10-02T04:00Z,18.0,13.6,11.2,36.0,0.9,172.0,75
ES_Madrid,2026-10-02T04:00Z,6.2,4.1,7.9,47.0,1.0,133.0,51
FR_Paris,2026-10-02T04:00Z,18.0,13.0,35.2,4.0,3.9,303.0,37
GB_Glasgow,2026-10-02T04:00Z,6.2,2.8,2.8,65.0,0.3,156.0,27
GB_London,2026-10-02T04:00Z,15.0,7.1,17.9,35.0,2.1,189.0,33
GB_Manchester,2026-10-02T04:00Z,10.9,5.1,7.5,53.0,0.9,190.0,27
NL_Amsterdam,2026-10-02T04:00Z,16.2,11.8,48.8,2.0,1.7,222.0,45
PL_Warsaw,2026-10-02T04:00Z,14.9,12.4,9.0,48.0,4.0,205.0,56
US_AZPS_Phoenix,2026-10-02T04:00Z,39.3,31.2,68.1,34.0,1.6,463.0,67
US_BPAT_Portland,2026-10-02T04:00Z,9.4,9.3,17.5,53.0,1.3,184.0,46
US_CISO_LosAngeles,2026-10-02T04:00Z,16.9,13.9,39.3,52.0,1.9,301.0,80
US_CISO_SanFrancisco,2026-10-02T04:00Z,14.8,12.0,27.0,27.0,1.1,117.0,54
US_DUK_Charlotte,2026-10-02T04:00Z,18.7,17.8,17.5,62.0,1.4,254.0,68
US_ERCO_Dallas,2026-10-02T04:00Z,7.6,7.3,23.7,35.0,2.1,145.0,34
US_ERCO_Houston,2026-10-02T04:00Z,14.7,9.8,10.4,48.0,1.4,153.0,46
US_FPL_Miami,2026-10-02T04:00Z,7.3,4.2,1.0,42.0,0.4,102.0,24
US_ISNE_Boston,2026-10-02T04:00Z,14.8,14.7,15.8,85.0,2.8,188.0,65
US_MISO_Chicago,2026-10-02T04:00Z,5.6,5.5,18.3,45.0,1.1,162.0,60
US_MISO_Minneapolis,2026-10-02T04:00Z,4.7,4.6,16.3,47.0,1.7,169.0,60
US_NEVP_LasVegas,2026-10-02T04:00Z,16.7,9.6,18.7,54.0,0.7,253.0,50
US_NYIS_NewYork,2026-10-02T04:00Z,21.5,21.4,40.6,54.0,3.1,225.0,78
US_PJM_Philadelphia,2026-10-02T04:00Z,17.6,17.5,17.7,74.0,1.6,206.0,61
US_PSCO_Denver,2026-10-02T04:00Z,4.1,4.0,16.7,39.0,0.6,157.0,41
US_SCL_Seattle,2026-10-02T04:00Z,25.3,25.1,63.9,0.0,5.0,381.0,54
US_SOCO_Atlanta,2026-10-02T04:00Z,11.6,9.7,10.7,64.0,1.1,176.0,52
US_SWPP_KansasCity,2026-10-02T04:00Z,5.7,5.5,7.3,48.0,1.0,143.0,20
US_SWPP_OklahomaCity,2026-10-02T04:00Z,2.3,2.3,10.1,44.0,0.3,167.0,28
US_TVA_Nashville,2026-10-02T04:00Z,9.7,8.7,6.5,78.0,0.7,176.0,44
VN_DaNang,2026-10-02T04:00Z,33.3,31.7,8.1,194.0,28.7,561.0,68
VN_HaNoi,2026-10-02T04:00Z,36.7,31.1,15.3,139.0,27.7,498.0,93
VN_HoChiMinh,2026-10-02T04:00Z,19.4,17.3,15.8,140.0,25.6,1013.0,86
AT_Vienna,2026-10-02T05:00Z,15.7,11.5,14.8,50.0,3.4,190.0,49
AU_NSW1_Sydney,2026-10-02T05:00Z,25.6,17.9,11.8,81.0,5.2,144.0,57
AU_QLD1_Brisbane,2026-10-02T05:00Z,14.5,9.5,1.8,74.0,1.7,81.0,51
AU_SA1_Adelaide,2026-10-02T05:00Z,3.7,2.8,1.7,61.0,0.7,76.0,26
AU_TAS1_Hobart,2026-10-02T05:00Z,10.9,6.8,0.5,53.0,0.4,61.0,24
AU_VIC1_Melbourne,2026-10-02T05:00Z,3.8,3.1,6.0,47.0,2.0,95.0,25
BE_Brussels,2026-10-02T05:00Z,18.7,12.6,26.2,17.0,1.4,214.0,44
DE_Berlin,2026-10-02T05:00Z,19.9,12.9,32.2,18.0,3.3,246.0,53
DE_Hamburg,2026-10-02T05:00Z,13.3,9.5,28.0,21.0,3.2,206.0,52
DE_Munich,2026-10-02T05:00Z,15.2,10.0,18.7,31.0,1.2,175.0,75
ES_Madrid,2026-10-02T05:00Z,6.2,4.7,13.8,42.0,1.7,142.0,50
FR_Paris,2026-10-02T05:00Z,19.7,16.5,35.1,1.0,4.3,307.0,39
GB_Glasgow,2026-10-02T05:00Z,5.5,3.0,3.7,63.0,0.4,155.0,28
GB_London,2026-10-02T05:00Z,16.1,7.5,23.4,30.0,2.2,195.0,34
GB_Manchester,2026-10-02T05:00Z,10.8,5.8,8.4,53.0,0.9,186.0,27
NL_Amsterdam,2026-10-02T05:00Z,17.2,12.4,50.4,1.0,2.0,237.0,47
PL_Warsaw,2026-10-02T05:00Z,16.0,13.6,13.5,46.0,5.5,214.0,56
US_AZPS_Phoenix,2026-10-02T05:00Z,42.1,33.9,73.1,26.0,1.6,418.0,67
US_BPAT_Portland,2026-10-02T05:00Z,10.0,9.8,18.9,48.0,1.3,191.0,46
US_CISO_LosAngeles,2026-10-02T05:00Z,19.4,16.4,60.0,28.0,2.4,335.0,80
US_CISO_SanFrancisco,2026-10-02T05:00Z,15.0,12.1,29.6,22.0,1.1,116.0,54
US_DUK_Charlotte,2026-10-02T05:00Z,16.9,16.1,14.9,64.0,1.3,211.0,68
US_ERCO_Dallas,2026-10-02T05:00Z,7.7,7.2,21.6,35.0,2.1,151.0,34
US_ERCO_Houston,2026-10-02T05:00Z,14.9,9.9,8.6,52.0,1.4,148.0,46
US_FPL_Miami,2026-10-02T05:00Z,6.9,4.0,1.1,43.0,0.3,99.0,24
US_ISNE_Boston,2026-10-02T05:00Z,14.5,14.4,13.5,88.0,2.9,187.0,65
US_MISO_Chicago,2026-10-02T05:00Z,6.8,6.6,20.2,39.0,1.2,181.0,59
US_MISO_Minneapolis,2026-10-02T05:00Z,5.1,5.0,16.5,43.0,1.6,176.0,56
US_NEVP_LasVegas,2026-10-02T05:00Z,18.3,10.9,23.1,50.0,0.7,280.0,50
US_NYIS_NewYork,2026-10-02T05:00Z,21.1,21.0,31.9,60.0,2.9,220.0,78
US_PJM_Philadelphia,2026-10-02T05:00Z,16.2,16.1,14.5,77.0,1.6,196.0,61
US_PSCO_Denver,2026-10-02T05:00Z,3.9,3.9,15.0,40.0,0.6,161.0,38
US_SCL_Seattle,2026-10-02T05:00Z,24.2,23.9,60.8,0.0,5.2,345.0,56
US_SOCO_Atlanta,2026-10-02T05:00Z,10.9,9.1,8.3,66.0,1.0,161.0,52
US_SWPP_KansasCity,2026-10-02T05:00Z,5.3,5.1,7.1,50.0,1.2,138.0,21
US_SWPP_OklahomaCity,2026-10-02T05:00Z,1.7,1.7,7.2,43.0,0.3,148.0,27
US_TVA_Nashville,2026-10-02T05:00Z,9.9,8.8,5.1,80.0,0.8,168.0,42
VN_DaNang,2026-10-02T05:00Z,36.9,35.2,6.7,218.0,28.3,496.0,69
VN_HaNoi,2026-10-02T05:00Z,33.2,30.0,10.3,171.0,25.6,483.0,93
VN_HoChiMinh,2026-10-02T05:00Z,19.3,17.5,12.6,158.0,22.8,1020.0,85
