period,series,description,area,units,value
2026-09-01,EER_EPD2DC_PF4_Y05LA_DPG,"Los Angeles, CA Ultra-Low Sulfur CARB Diesel Spot Price (Dollars per Gallon)",LOS ANGELES,$/GAL,5.221
2026-09-01,EER_EPD2DXL0_PF4_RGC_DPG,U.S. Gulf Coast Ultra-Low Sulfur No 2 Diesel Spot Price (Dollars per Gallon),NA,$/GAL,4.734
2026-09-01,EER_EPD2DXL0_PF4_Y35NY_DPG,New York Harbor Ultra-Low Sulfur No 2 Diesel Spot Price (Dollars per Gallon),NEW YORK CITY,$/GAL,4.724
2026-09-01,EER_EPD2F_PF4_Y35NY_DPG,New York Harbor No. 2 Heating Oil Spot Price FOB (Dollars per Gallon),NEW YORK CITY,$/GAL,4.629
2026-09-01,EER_EPJK_PF4_RGC_DPG,U.S. Gulf Coast Kerosene-Type Jet Fuel Spot Price FOB (Dollars per Gallon),NA,$/GAL,4.19
2026-09-01,EER_EPLLPA_PF4_Y44MB_DPG,"Mont Belvieu, TX Propane Spot Price FOB (Dollars per Gallon)",NA,$/GAL,0.736
2026-09-01,EER_EPMRR_PF4_Y05LA_DPG,Los Angeles Reformulated RBOB Regular Gasoline Spot Price (Dollars per Gallon),LOS ANGELES,$/GAL,3.753
2026-09-01,EER_EPMRU_PF4_RGC_DPG,U.S. Gulf Coast Conventional Gasoline Regular Spot Price FOB (Dollars per Gallon),NA,$/GAL,3.443
2026-09-01,EER_EPMRU_PF4_Y35NY_DPG,New York Harbor Conventional Gasoline Regular Spot Price FOB (Dollars per Gallon),NEW YORK CITY,$/GAL,3.203
2026-09-01,RBRTE,Europe Brent Spot Price FOB (Dollars per Barrel),NA,$/BBL,96.02
2026-09-01,RNGWHHD,Henry Hub Natural Gas Spot Price (Dollars per Million Btu),NA,$/MMBTU,2.9
2026-09-01,RWTC,"Cushing, OK WTI Spot Price FOB (Dollars per Barrel)",NA,$/BBL,91.48
2026-09-02,EER_EPD2DC_PF4_Y05LA_DPG,"Los Angeles, CA Ultra-Low Sulfur CARB Diesel Spot Price (Dollars per Gallon)",LOS ANGELES,$/GAL,5.163
2026-09-02,EER_EPD2DXL0_PF4_RGC_DPG,U.S. Gulf Coast Ultra-Low Sulfur No 2 Diesel Spot Price (Dollars per Gallon),NA,$/GAL,4.683
2026-09-02,EER_EPD2DXL0_PF4_Y35NY_DPG,New York Harbor Ultra-Low Sulfur No 2 Diesel Spot Price (Dollars per Gallon),NEW YORK CITY,$/GAL,4.666
2026-09-02,EER_EPD2F_PF4_Y35NY_DPG,New York Harbor No. 2 Heating Oil Spot Price FOB (Dollars per Gallon),NEW YORK CITY,$/GAL,4.571
2026-09-02,EER_EPJK_PF4_RGC_DPG,U.S. Gulf Coast Kerosene-Type Jet Fuel Spot Price FOB (Dollars per Gallon),NA,$/GAL,4.118
2026-09-02,EER_EPLLPA_PF4_Y44MB_DPG,"Mont Belvieu, TX Propane Spot Price FOB (Dollars per Gallon)",NA,$/GAL,0.76
2026-09-02,EER_EPMRR_PF4_Y05LA_DPG,Los Angeles Reformulated RBOB Regular Gasoline Spot Price (Dollars per Gallon),LOS ANGELES,$/GAL,3.685
2026-09-02,EER_EPMRU_PF4_RGC_DPG,U.S. Gulf Coast Conventional Gasoline Regular Spot Price FOB (Dollars per Gallon),NA,$/GAL,3.295
2026-09-02,EER_EPMRU_PF4_Y35NY_DPG,New York Harbor Conventional Gasoline Regular Spot Price FOB (Dollars per Gallon),NEW YORK CITY,$/GAL,3.135
2026-09-02,RBRTE,Europe Brent Spot Price FOB (Dollars per Barrel),NA,$/BBL,97.59
2026-09-02,RNGWHHD,Henry Hub Natural Gas Spot Price (Dollars per Million Btu),NA,$/MMBTU,2.88
2026-09-02,RWTC,"Cushing, OK WTI Spot Price FOB (Dollars per Barrel)",NA,$/BBL,92.15
2026-09-03,EER_EPD2DC_PF4_Y05LA_DPG,"Los Angeles, CA Ultra-Low Sulfur CARB Diesel Spot Price (Dollars per Gallon)",LOS ANGELES,$/GAL,5.089
2026-09-03,EER_EPD2DXL0_PF4_RGC_DPG,U.S. Gulf Coast Ultra-Low Sulfur No 2 Diesel Spot Price (Dollars per Gallon),NA,$/GAL,4.599
2026-09-03,EER_EPD2DXL0_PF4_Y35NY_DPG,New York Harbor Ultra-Low Sulfur No 2 Diesel Spot Price (Dollars per Gallon),NEW YORK CITY,$/GAL,4.592
2026-09-03,EER_EPD2F_PF4_Y35NY_DPG,New York Harbor No. 2 Heating Oil Spot Price FOB (Dollars per Gallon),NEW YORK CITY,$/GAL,4.497
2026-09-03,EER_EPJK_PF4_RGC_DPG,U.S. Gulf Coast Kerosene-Type Jet Fuel Spot Price FOB (Dollars per Gallon),NA,$/GAL,4.063
2026-09-03,EER_EPLLPA_PF4_Y44MB_DPG,"Mont Belvieu, TX Propane Spot Price FOB (Dollars per Gallon)",NA,$/GAL,0.784
2026-09-03,EER_EPMRR_PF4_Y05LA_DPG,Los Angeles Reformulated RBOB Regular Gasoline Spot Price (Dollars per Gallon),LOS ANGELES,$/GAL,3.807
2026-09-03,EER_EPMRU_PF4_RGC_DPG,U.S. Gulf Coast Conventional Gasoline Regular Spot Price FOB (Dollars per Gallon),NA,$/GAL,3.41
2026-09-03,EER_EPMRU_PF4_Y35NY_DPG,New York Harbor Conventional Gasoline Regular Spot Price FOB (Dollars per Gallon),NEW YORK CITY,$/GAL,3.197
2026-09-03,RBRTE,Europe Brent Spot Price FOB (Dollars per Barrel),NA,$/BBL,100.52
2026-09-03,RNGWHHD,Henry Hub Natural Gas Spot Price (Dollars per Million Btu),NA,$/MMBTU,2.95
2026-09-03,RWTC,"Cushing, OK WTI Spot Price FOB (Dollars per Barrel)",NA,$/BBL,92.55
2026-09-04,EER_EPD2DC_PF4_Y05LA_DPG,"Los Angeles, CA Ultra-Low Sulfur CARB Diesel Spot Price (Dollars per Gallon)",LOS ANGELES,$/GAL,5.047
2026-09-04,EER_EPD2DXL0_PF4_RGC_DPG,U.S. Gulf Coast Ultra-Low Sulfur No 2 Diesel Spot Price (Dollars per Gallon),NA,$/GAL,4.557
2026-09-04,EER_EPD2DXL0_PF4_Y35NY_DPG,New York Harbor Ultra-Low Sulfur No 2 Diesel Spot Price (Dollars per Gallon),NEW YORK CITY,$/GAL,4.549
2026-09-04,EER_EPD2F_PF4_Y35NY_DPG,New York Harbor No. 2 Heating Oil Spot Price FOB (Dollars per Gallon),NEW YORK CITY,$/GAL,4.454
2026-09-04,EER_EPJK_PF4_RGC_DPG,U.S. Gulf Coast Kerosene-Type Jet Fuel Spot Price FOB (Dollars per Gallon),NA,$/GAL,4.017
2026-09-04,EER_EPLLPA_PF4_Y44MB_DPG,"Mont Belvieu, TX Propane Spot Price FOB (Dollars per Gallon)",NA,$/GAL,0.774
2026-09-04,EER_EPMRR_PF4_Y05LA_DPG,Los Angeles Reformulated RBOB Regular Gasoline Spot Price (Dollars per Gallon),LOS ANGELES,$/GAL,3.905
2026-09-04,EER_EPMRU_PF4_RGC_DPG,U.S. Gulf Coast Conventional Gasoline Regular Spot Price FOB (Dollars per Gallon),NA,$/GAL,3.458
2026-09-04,EER_EPMRU_PF4_Y35NY_DPG,New York Harbor Conventional Gasoline Regular Spot Price FOB (Dollars per Gallon),NEW YORK CITY,$/GAL,3.245
2026-09-04,RBRTE,Europe Brent Spot Price FOB (Dollars per Barrel),NA,$/BBL,102.24
2026-09-04,RNGWHHD,Henry Hub Natural Gas Spot Price (Dollars per Million Btu),NA,$/MMBTU,2.92
2026-09-04,RWTC,"Cushing, OK WTI Spot Price FOB (Dollars per Barrel)",NA,$/BBL,92.69
2026-09-07,RBRTE,Europe Brent Spot Price FOB (Dollars per Barrel),NA,$/BBL,104.47
2026-09-08,EER_EPD2DC_PF4_Y05LA_DPG,"Los Angeles, CA Ultra-Low Sulfur CARB Diesel Spot Price (Dollars per Gallon)",LOS ANGELES,$/GAL,5.132
2026-09-08,EER_EPD2DXL0_PF4_RGC_DPG,U.S. Gulf Coast Ultra-Low Sulfur No 2 Diesel Spot Price (Dollars per Gallon),NA,$/GAL,4.642
2026-09-08,EER_EPD2DXL0_PF4_Y35NY_DPG,New York Harbor Ultra-Low Sulfur No 2 Diesel Spot Price (Dollars per Gallon),NEW YORK CITY,$/GAL,4.644
2026-09-08,EER_EPD2F_PF4_Y35NY_DPG,New York Harbor No. 2 Heating Oil Spot Price FOB (Dollars per Gallon),NEW YORK CITY,$/GAL,4.539
2026-09-08,EER_EPJK_PF4_RGC_DPG,U.S. Gulf Coast Kerosene-Type Jet Fuel Spot Price FOB (Dollars per Gallon),NA,$/GAL,4.126
2026-09-08,EER_EPLLPA_PF4_Y44MB_DPG,"Mont Belvieu, TX Propane Spot Price FOB (Dollars per Gallon)",NA,$/GAL,0.809
2026-09-08,EER_EPMRR_PF4_Y05LA_DPG,Los Angeles Reformulated RBOB Regular Gasoline Spot Price (Dollars per Gallon),LOS ANGELES,$/GAL,3.928
2026-09-08,EER_EPMRU_PF4_RGC_DPG,U.S. Gulf Coast Conventional Gasoline Regular Spot Price FOB (Dollars per Gallon),NA,$/GAL,3.531
2026-09-08,EER_EPMRU_PF4_Y35NY_DPG,New York Harbor Conventional Gasoline Regular Spot Price FOB (Dollars per Gallon),NEW YORK CITY,$/GAL,3.311
2026-09-08,RBRTE,Europe Brent Spot Price FOB (Dollars per Barrel),NA,$/BBL,106.12
2026-09-08,RNGWHHD,Henry Hub Natural Gas Spot Price (Dollars per Million Btu),NA,$/MMBTU,2.9
2026-09-08,RWTC,"Cushing, OK WTI Spot Price FOB (Dollars per Barrel)",NA,$/BBL,94.21
2026-09-09,EER_EPD2DC_PF4_Y05LA_DPG,"Los Angeles, CA Ultra-Low Sulfur CARB Diesel Spot Price (Dollars per Gallon)",LOS ANGELES,$/GAL,5.127
2026-09-09,EER_EPD2DXL0_PF4_RGC_DPG,U.S. Gulf Coast Ultra-Low Sulfur No 2 Diesel Spot Price (Dollars per Gallon),NA,$/GAL,4.832
2026-09-09,EER_EPD2DXL0_PF4_Y35NY_DPG,New York Harbor Ultra-Low Sulfur No 2 Diesel Spot Price (Dollars per Gallon),NEW YORK CITY,$/GAL,4.85
2026-09-09,EER_EPD2F_PF4_Y35NY_DPG,New York Harbor No. 2 Heating Oil Spot Price FOB (Dollars per Gallon),NEW YORK CITY,$/GAL,4.725
2026-09-09,EER_EPJK_PF4_RGC_DPG,U.S. Gulf Coast Kerosene-Type Jet Fuel Spot Price FOB (Dollars per Gallon),NA,$/GAL,4.341
2026-09-09,EER_EPLLPA_PF4_Y44MB_DPG,"Mont Belvieu, TX Propane Spot Price FOB (Dollars per Gallon)",NA,$/GAL,0.833
2026-09-09,EER_EPMRR_PF4_Y05LA_DPG,Los Angeles Reformulated RBOB Regular Gasoline Spot Price (Dollars per Gallon),LOS ANGELES,$/GAL,3.866
2026-09-09,EER_EPMRU_PF4_RGC_DPG,U.S. Gulf Coast Conventional Gasoline Regular Spot Price FOB (Dollars per Gallon),NA,$/GAL,3.534
2026-09-09,EER_EPMRU_PF4_Y35NY_DPG,New York Harbor Conventional Gasoline Regular Spot Price FOB (Dollars per Gallon),NEW YORK CITY,$/GAL,3.289
2026-09-09,RBRTE,Europe Brent Spot Price FOB (Dollars per Barrel),NA,$/BBL,109.51
2026-09-09,RNGWHHD,Henry Hub Natural Gas Spot Price (Dollars per Million Btu),NA,$/MMBTU,2.81
2026-09-09,RWTC,"Cushing, OK WTI Spot Price FOB (Dollars per Barrel)",NA,$/BBL,97.26
2026-09-10,EER_EPD2DC_PF4_Y05LA_DPG,"Los Angeles, CA Ultra-Low Sulfur CARB Diesel Spot Price (Dollars per Gallon)",LOS ANGELES,$/GAL,5.435
2026-09-10,EER_EPD2DXL0_PF4_RGC_DPG,U.S. Gulf Coast Ultra-Low Sulfur No 2 Diesel Spot Price (Dollars per Gallon),NA,$/GAL,5.087
2026-09-10,EER_EPD2DXL0_PF4_Y35NY_DPG,New York Harbor Ultra-Low Sulfur No 2 Diesel Spot Price (Dollars per Gallon),NEW YORK CITY,$/GAL,5.17
2026-09-10,EER_EPD2F_PF4_Y35NY_DPG,New York Harbor No. 2 Heating Oil Spot Price FOB (Dollars per Gallon),NEW YORK CITY,$/GAL,5.032
2026-09-10,EER_EPJK_PF4_RGC_DPG,U.S. Gulf Coast Kerosene-Type Jet Fuel Spot Price FOB (Dollars per Gallon),NA,$/GAL,4.682
2026-09-10,EER_EPLLPA_PF4_Y44MB_DPG,"Mont Belvieu, TX Propane Spot Price FOB (Dollars per Gallon)",NA,$/GAL,0.878
2026-09-10,EER_EPMRR_PF4_Y05LA_DPG,Los Angeles Reformulated RBOB Regular Gasoline Spot Price (Dollars per Gallon),LOS ANGELES,$/GAL,4.047
2026-09-10,EER_EPMRU_PF4_RGC_DPG,U.S. Gulf Coast Conventional Gasoline Regular Spot Price FOB (Dollars per Gallon),NA,$/GAL,3.772
2026-09-10,EER_EPMRU_PF4_Y35NY_DPG,New York Harbor Conventional Gasoline Regular Spot Price FOB (Dollars per Gallon),NEW YORK CITY,$/GAL,3.469
2026-09-10,RBRTE,Europe Brent Spot Price FOB (Dollars per Barrel),NA,$/BBL,120.98
2026-09-10,RNGWHHD,Henry Hub Natural Gas Spot Price (Dollars per Million Btu),NA,$/MMBTU,2.76
2026-09-10,RWTC,"Cushing, OK WTI Spot Price FOB (Dollars per Barrel)",NA,$/BBL,103.57
2026-09-11,EER_EPD2DC_PF4_Y05LA_DPG,"Los Angeles, CA Ultra-Low Sulfur CARB Diesel Spot Price (Dollars per Gallon)",LOS ANGELES,$/GAL,5.263
2026-09-11,EER_EPD2DXL0_PF4_RGC_DPG,U.S. Gulf Coast Ultra-Low Sulfur No 2 Diesel Spot Price (Dollars per Gallon),NA,$/GAL,4.965
2026-09-11,EER_EPD2DXL0_PF4_Y35NY_DPG,New York Harbor Ultra-Low Sulfur No 2 Diesel Spot Price (Dollars per Gallon),NEW YORK CITY,$/GAL,5.048
2026-09-11,EER_EPD2F_PF4_Y35NY_DPG,New York Harbor No. 2 Heating Oil Spot Price FOB (Dollars per Gallon),NEW YORK CITY,$/GAL,4.91
2026-09-11,EER_EPJK_PF4_RGC_DPG,U.S. Gulf Coast Kerosene-Type Jet Fuel Spot Price FOB (Dollars per Gallon),NA,$/GAL,4.521
2026-09-11,EER_EPLLPA_PF4_Y44MB_DPG,"Mont Belvieu, TX Propane Spot Price FOB (Dollars per Gallon)",NA,$/GAL,0.855
2026-09-11,EER_EPMRR_PF4_Y05LA_DPG,Los Angeles Reformulated RBOB Regular Gasoline Spot Price (Dollars per Gallon),LOS ANGELES,$/GAL,3.924
2026-09-11,EER_EPMRU_PF4_RGC_DPG,U.S. Gulf Coast Conventional Gasoline Regular Spot Price FOB (Dollars per Gallon),NA,$/GAL,3.679
2026-09-11,EER_EPMRU_PF4_Y35NY_DPG,New York Harbor Conventional Gasoline Regular Spot Price FOB (Dollars per Gallon),NEW YORK CITY,$/GAL,3.376
2026-09-11,RBRTE,Europe Brent Spot Price FOB (Dollars per Barrel),NA,$/BBL,118.06
2026-09-11,RNGWHHD,Henry Hub Natural Gas Spot Price (Dollars per Million Btu),NA,$/MMBTU,2.71
2026-09-11,RWTC,"Cushing, OK WTI Spot Price FOB (Dollars per Barrel)",NA,$/BBL,101.27
2026-09-14,EER_EPD2DC_PF4_Y05LA_DPG,"Los Angeles, CA Ultra-Low Sulfur CARB Diesel Spot Price (Dollars per Gallon)",LOS ANGELES,$/GAL,5.256
2026-09-14,EER_EPD2DXL0_PF4_RGC_DPG,U.S. Gulf Coast Ultra-Low Sulfur No 2 Diesel Spot Price (Dollars per Gallon),NA,$/GAL,4.946
2026-09-14,EER_EPD2DXL0_PF4_Y35NY_DPG,New York Harbor Ultra-Low Sulfur No 2 Diesel Spot Price (Dollars per Gallon),NEW YORK CITY,$/GAL,5.078
2026-09-14,EER_EPD2F_PF4_Y35NY_DPG,New York Harbor No. 2 Heating Oil Spot Price FOB (Dollars per Gallon),NEW YORK CITY,$/GAL,4.903
2026-09-14,EER_EPJK_PF4_RGC_DPG,U.S. Gulf Coast Kerosene-Type Jet Fuel Spot Price FOB (Dollars per Gallon),NA,$/GAL,4.488
2026-09-14,EER_EPLLPA_PF4_Y44MB_DPG,"Mont Belvieu, TX Propane Spot Price FOB (Dollars per Gallon)",NA,$/GAL,0.855
2026-09-14,EER_EPMRR_PF4_Y05LA_DPG,Los Angeles Reformulated RBOB Regular Gasoline Spot Price (Dollars per Gallon),LOS ANGELES,$/GAL,3.971
2026-09-14,EER_EPMRU_PF4_RGC_DPG,U.S. Gulf Coast Conventional Gasoline Regular Spot Price FOB (Dollars per Gallon),NA,$/GAL,3.713
2026-09-14,EER_EPMRU_PF4_Y35NY_DPG,New York Harbor Conventional Gasoline Regular Spot Price FOB (Dollars per Gallon),NEW YORK CITY,$/GAL,3.414
2026-09-14,RBRTE,Europe Brent Spot Price FOB (Dollars per Barrel),NA,$/BBL,121.25
2026-09-14,RNGWHHD,Henry Hub Natural Gas Spot Price (Dollars per Million Btu),NA,$/MMBTU,2.85
2026-09-14,RWTC,"Cushing, OK WTI Spot Price FOB (Dollars per Barrel)",NA,$/BBL,102.42
2026-09-15,EER_EPD2DC_PF4_Y05LA_DPG,"Los Angeles, CA Ultra-Low Sulfur CARB Diesel Spot Price (Dollars per Gallon)",LOS ANGELES,$/GAL,5.516
2026-09-15,EER_EPD2DXL0_PF4_RGC_DPG,U.S. Gulf Coast Ultra-Low Sulfur No 2 Diesel Spot Price (Dollars per Gallon),NA,$/GAL,5.206
2026-09-15,EER_EPD2DXL0_PF4_Y35NY_DPG,New York Harbor Ultra-Low Sulfur No 2 Diesel Spot Price (Dollars per Gallon),NEW YORK CITY,$/GAL,5.338
2026-09-15,EER_EPD2F_PF4_Y35NY_DPG,New York Harbor No. 2 Heating Oil Spot Price FOB (Dollars per Gallon),NEW YORK CITY,$/GAL,5.163
2026-09-15,EER_EPJK_PF4_RGC_DPG,U.S. Gulf Coast Kerosene-Type Jet Fuel Spot Price FOB (Dollars per Gallon),NA,$/GAL,4.705
2026-09-15,EER_EPLLPA_PF4_Y44MB_DPG,"Mont Belvieu, TX Propane Spot Price FOB (Dollars per Gallon)",NA,$/GAL,0.875
2026-09-15,EER_EPMRR_PF4_Y05LA_DPG,Los Angeles Reformulated RBOB Regular Gasoline Spot Price (Dollars per Gallon),LOS ANGELES,$/GAL,4.172
2026-09-15,EER_EPMRU_PF4_RGC_DPG,U.S. Gulf Coast Conventional Gasoline Regular Spot Price FOB (Dollars per Gallon),NA,$/GAL,3.834
2026-09-15,EER_EPMRU_PF4_Y35NY_DPG,New York Harbor Conventional Gasoline Regular Spot Price FOB (Dollars per Gallon),NEW YORK CITY,$/GAL,3.535
2026-09-15,RBRTE,Europe Brent Spot Price FOB (Dollars per Barrel),NA,$/BBL,130.8
2026-09-15,RNGWHHD,Henry Hub Natural Gas Spot Price (Dollars per Million Btu),NA,$/MMBTU,2.97
2026-09-15,RWTC,"Cushing, OK WTI Spot Price FOB (Dollars per Barrel)",NA,$/BBL,107.02
2026-09-16,EER_EPD2DC_PF4_Y05LA_DPG,"Los Angeles, CA Ultra-Low Sulfur CARB Diesel Spot Price (Dollars per Gallon)",LOS ANGELES,$/GAL,5.458
2026-09-16,EER_EPD2DXL0_PF4_RGC_DPG,U.S. Gulf Coast Ultra-Low Sulfur No 2 Diesel Spot Price (Dollars per Gallon),NA,$/GAL,5.193
2026-09-16,EER_EPD2DXL0_PF4_Y35NY_DPG,New York Harbor Ultra-Low Sulfur No 2 Diesel Spot Price (Dollars per Gallon),NEW YORK CITY,$/GAL,5.365
2026-09-16,EER_EPD2F_PF4_Y35NY_DPG,New York Harbor No. 2 Heating Oil Spot Price FOB (Dollars per Gallon),NEW YORK CITY,$/GAL,5.15
2026-09-16,EER_EPJK_PF4_RGC_DPG,U.S. Gulf Coast Kerosene-Type Jet Fuel Spot Price FOB (Dollars per Gallon),NA,$/GAL,4.68
2026-09-16,EER_EPLLPA_PF4_Y44MB_DPG,"Mont Belvieu, TX Propane Spot Price FOB (Dollars per Gallon)",NA,$/GAL,0.866
2026-09-16,EER_EPMRR_PF4_Y05LA_DPG,Los Angeles Reformulated RBOB Regular Gasoline Spot Price (Dollars per Gallon),LOS ANGELES,$/GAL,4.176
2026-09-16,EER_EPMRU_PF4_RGC_DPG,U.S. Gulf Coast Conventional Gasoline Regular Spot Price FOB (Dollars per Gallon),NA,$/GAL,3.869
2026-09-16,EER_EPMRU_PF4_Y35NY_DPG,New York Harbor Conventional Gasoline Regular Spot Price FOB (Dollars per Gallon),NEW YORK CITY,$/GAL,3.609
2026-09-16,RBRTE,Europe Brent Spot Price FOB (Dollars per Barrel),NA,$/BBL,127.84
2026-09-16,RNGWHHD,Henry Hub Natural Gas Spot Price (Dollars per Million Btu),NA,$/MMBTU,3.0
2026-09-16,RWTC,"Cushing, OK WTI Spot Price FOB (Dollars per Barrel)",NA,$/BBL,103.62
2026-09-17,EER_EPD2DC_PF4_Y05LA_DPG,"Los Angeles, CA Ultra-Low Sulfur CARB Diesel Spot Price (Dollars per Gallon)",LOS ANGELES,$/GAL,5.257
2026-09-17,EER_EPD2DXL0_PF4_RGC_DPG,U.S. Gulf Coast Ultra-Low Sulfur No 2 Diesel Spot Price (Dollars per Gallon),NA,$/GAL,5.152
2026-09-17,EER_EPD2DXL0_PF4_Y35NY_DPG,New York Harbor Ultra-Low Sulfur No 2 Diesel Spot Price (Dollars per Gallon),NEW YORK CITY,$/GAL,5.174
2026-09-17,EER_EPD2F_PF4_Y35NY_DPG,New York Harbor No. 2 Heating Oil Spot Price FOB (Dollars per Gallon),NEW YORK CITY,$/GAL,4.959
2026-09-17,EER_EPJK_PF4_RGC_DPG,U.S. Gulf Coast Kerosene-Type Jet Fuel Spot Price FOB (Dollars per Gallon),NA,$/GAL,4.514
2026-09-17,EER_EPLLPA_PF4_Y44MB_DPG,"Mont Belvieu, TX Propane Spot Price FOB (Dollars per Gallon)",NA,$/GAL,0.851
2026-09-17,EER_EPMRR_PF4_Y05LA_DPG,Los Angeles Reformulated RBOB Regular Gasoline Spot Price (Dollars per Gallon),LOS ANGELES,$/GAL,4.118
2026-09-17,EER_EPMRU_PF4_RGC_DPG,U.S. Gulf Coast Conventional Gasoline Regular Spot Price FOB (Dollars per Gallon),NA,$/GAL,3.986
2026-09-17,EER_EPMRU_PF4_Y35NY_DPG,New York Harbor Conventional Gasoline Regular Spot Price FOB (Dollars per Gallon),NEW YORK CITY,$/GAL,3.561
2026-09-17,RBRTE,Europe Brent Spot Price FOB (Dollars per Barrel),NA,$/BBL,121.18
2026-09-17,RNGWHHD,Henry Hub Natural Gas Spot Price (Dollars per Million Btu),NA,$/MMBTU,2.9
2026-09-17,RWTC,"Cushing, OK WTI Spot Price FOB (Dollars per Barrel)",NA,$/BBL,103.21
2026-09-18,EER_EPD2DC_PF4_Y05LA_DPG,"Los Angeles, CA Ultra-Low Sulfur CARB Diesel Spot Price (Dollars per Gallon)",LOS ANGELES,$/GAL,5.337
2026-09-18,EER_EPD2DXL0_PF4_RGC_DPG,U.S. Gulf Coast Ultra-Low Sulfur No 2 Diesel Spot Price (Dollars per Gallon),NA,$/GAL,5.142
2026-09-18,EER_EPD2DXL0_PF4_Y35NY_DPG,New York Harbor Ultra-Low Sulfur No 2 Diesel Spot Price (Dollars per Gallon),NEW YORK CITY,$/GAL,5.16
2026-09-18,EER_EPD2F_PF4_Y35NY_DPG,New York Harbor No. 2 Heating Oil Spot Price FOB (Dollars per Gallon),NEW YORK CITY,$/GAL,4.95
2026-09-18,EER_EPJK_PF4_RGC_DPG,U.S. Gulf Coast Kerosene-Type Jet Fuel Spot Price FOB (Dollars per Gallon),NA,$/GAL,4.532
2026-09-18,EER_EPLLPA_PF4_Y44MB_DPG,"Mont Belvieu, TX Propane Spot Price FOB (Dollars per Gallon)",NA,$/GAL,0.855
2026-09-18,EER_EPMRR_PF4_Y05LA_DPG,Los Angeles Reformulated RBOB Regular Gasoline Spot Price (Dollars per Gallon),LOS ANGELES,$/GAL,4.18
2026-09-18,EER_EPMRU_PF4_RGC_DPG,U.S. Gulf Coast Conventional Gasoline Regular Spot Price FOB (Dollars per Gallon),NA,$/GAL,4.038
2026-09-18,EER_EPMRU_PF4_Y35NY_DPG,New York Harbor Conventional Gasoline Regular Spot Price FOB (Dollars per Gallon),NEW YORK CITY,$/GAL,3.593
2026-09-18,RBRTE,Europe Brent Spot Price FOB (Dollars per Barrel),NA,$/BBL,119.66
2026-09-18,RNGWHHD,Henry Hub Natural Gas Spot Price (Dollars per Million Btu),NA,$/MMBTU,2.97
2026-09-18,RWTC,"Cushing, OK WTI Spot Price FOB (Dollars per Barrel)",NA,$/BBL,101.44
2026-09-21,EER_EPD2DC_PF4_Y05LA_DPG,"Los Angeles, CA Ultra-Low Sulfur CARB Diesel Spot Price (Dollars per Gallon)",LOS ANGELES,$/GAL,5.09
2026-09-21,EER_EPD2DXL0_PF4_RGC_DPG,U.S. Gulf Coast Ultra-Low Sulfur No 2 Diesel Spot Price (Dollars per Gallon),NA,$/GAL,4.962
2026-09-21,EER_EPD2DXL0_PF4_Y35NY_DPG,New York Harbor Ultra-Low Sulfur No 2 Diesel Spot Price (Dollars per Gallon),NEW YORK CITY,$/GAL,4.977
2026-09-21,EER_EPD2F_PF4_Y35NY_DPG,New York Harbor No. 2 Heating Oil Spot Price FOB (Dollars per Gallon),NEW YORK CITY,$/GAL,4.767
2026-09-21,EER_EPJK_PF4_RGC_DPG,U.S. Gulf Coast Kerosene-Type Jet Fuel Spot Price FOB (Dollars per Gallon),NA,$/GAL,4.397
2026-09-21,EER_EPLLPA_PF4_Y44MB_DPG,"Mont Belvieu, TX Propane Spot Price FOB (Dollars per Gallon)",NA,$/GAL,0.853
2026-09-21,EER_EPMRR_PF4_Y05LA_DPG,Los Angeles Reformulated RBOB Regular Gasoline Spot Price (Dollars per Gallon),LOS ANGELES,$/GAL,4.114
2026-09-21,EER_EPMRU_PF4_RGC_DPG,U.S. Gulf Coast Conventional Gasoline Regular Spot Price FOB (Dollars per Gallon),NA,$/GAL,3.946
2026-09-21,EER_EPMRU_PF4_Y35NY_DPG,New York Harbor Conventional Gasoline Regular Spot Price FOB (Dollars per Gallon),NEW YORK CITY,$/GAL,3.526
2026-09-21,RBRTE,Europe Brent Spot Price FOB (Dollars per Barrel),NA,$/BBL,116.15
2026-09-21,RNGWHHD,Henry Hub Natural Gas Spot Price (Dollars per Million Btu),NA,$/MMBTU,2.93
2026-09-21,RWTC,"Cushing, OK WTI Spot Price FOB (Dollars per Barrel)",NA,$/BBL,96.97
2026-09-22,EER_EPD2DC_PF4_Y05LA_DPG,"Los Angeles, CA Ultra-Low Sulfur CARB Diesel Spot Price (Dollars per Gallon)",LOS ANGELES,$/GAL,5.12
2026-09-22,EER_EPD2DXL0_PF4_RGC_DPG,U.S. Gulf Coast Ultra-Low Sulfur No 2 Diesel Spot Price (Dollars per Gallon),NA,$/GAL,4.992
2026-09-22,EER_EPD2DXL0_PF4_Y35NY_DPG,New York Harbor Ultra-Low Sulfur No 2 Diesel Spot Price (Dollars per Gallon),NEW YORK CITY,$/GAL,5.007
2026-09-22,EER_EPD2F_PF4_Y35NY_DPG,New York Harbor No. 2 Heating Oil Spot Price FOB (Dollars per Gallon),NEW YORK CITY,$/GAL,4.797
2026-09-22,EER_EPJK_PF4_RGC_DPG,U.S. Gulf Coast Kerosene-Type Jet Fuel Spot Price FOB (Dollars per Gallon),NA,$/GAL,4.354
2026-09-22,EER_EPLLPA_PF4_Y44MB_DPG,"Mont Belvieu, TX Propane Spot Price FOB (Dollars per Gallon)",NA,$/GAL,0.864
2026-09-22,EER_EPMRR_PF4_Y05LA_DPG,Los Angeles Reformulated RBOB Regular Gasoline Spot Price (Dollars per Gallon),LOS ANGELES,$/GAL,4.139
2026-09-22,EER_EPMRU_PF4_RGC_DPG,U.S. Gulf Coast Conventional Gasoline Regular Spot Price FOB (Dollars per Gallon),NA,$/GAL,3.891
2026-09-22,EER_EPMRU_PF4_Y35NY_DPG,New York Harbor Conventional Gasoline Regular Spot Price FOB (Dollars per Gallon),NEW YORK CITY,$/GAL,3.551
2026-09-22,RBRTE,Europe Brent Spot Price FOB (Dollars per Barrel),NA,$/BBL,114.89
2026-09-22,RNGWHHD,Henry Hub Natural Gas Spot Price (Dollars per Million Btu),NA,$/MMBTU,2.9
2026-09-22,RWTC,"Cushing, OK WTI Spot Price FOB (Dollars per Barrel)",NA,$/BBL,96.41
