list_id,ad_id,category,type,region_v2,region_name,area_v2,area_name,ward,ward_name,street_name,pty_project_name,latitude,longitude,price,price_million_per_m2,size,living_size,width,length,rooms,toilets,floors,direction,house_type,apartment_type,property_legal_document,is_main_street,furnishing_sell,company_ad,list_time,scraped_at,pty_characteristics,params,subject,body
133830487,177766316,1040,s,12000,Hà Nội,12084,Huyện Thanh Trì,219,Xã Vĩnh Quỳnh,Vĩnh Ninh,,20.931538,105.826096,4450000000,134.84848,33.0,,,,,,,,,,,,,,2026-07-29T10:25Z,2026-09-27T10:14Z,,{},BÁN ĐẤT VĨNH NINH THANH TRÌ HN,"Dự án: 
Thông tin chi tiết: Cần bán lô đất Vĩnh Quỳnh Thanh Trì ( k quy hoạch ) 
• Diện tích : 33m2
• sổ vuông đẹp, ngõ thông."
130143057,173468783,1020,s,12000,Hà Nội,12076,Quận Hai Bà Trưng,98,Phường Vĩnh Tuy,Phố Dương Văn Bé,,20.99671,105.8739,6200000000,187.87878,33.0,,3.5999,,3.0,,,,3.0,,1.0,False,,True,2026-07-30T08:26Z,2026-09-27T10:14Z,,{},"Nhà Lô Góc 33m2 5 tầng gần TimesCity, Ô tô đỗ","Cô tôi có 2 người con gái đã lấy chồng. Giờ chú đã đi xa nay một mình cô đơn trống trải. Cô con gái mong muốn cô về sống chung nên để lại căn nhà này.
Phải bán đi cô rất tiếc. Nhà này gần đường, gần trường, gần chợ lại thuộc khu dân trí. Hàng xóm thân thiện.

Sổ đỏ cất két sẵn sàng giao dịch. Có thương lượng nếu khách thực sự thiện chí.
Mr.Vũ"
133830461,177766369,1010,s,12000,Hà Nội,12080,Quận Hoàng Mai,111,Phường Hoàng Văn Thụ,Đường Hoàng Mai,,20.983633,105.86334,10500000000,92.10526,114.0,,,,3.0,2.0,,3.0,,1.0,6.0,True,1.0,,2026-07-31T00:23Z,2026-09-27T10:14Z,,{},chung cư cao cấp Feliz Home 297 Hoàng Mai,"Dự án: 
Thông tin chi tiết: *** Căn to sân vườn 114m tòa Zen B Feliz Home full đồ xịn - 297 Hoàng Mai 
Chung cư mới bàn giao 2 năm  
Trung tâm quận Hoàng Mai , đi sang Time City 5' đi xe , gần bệnh viện , trường học , công an ...... tiện ích xung quanh không thiếu thứ gì. 
👉 Thiết kế : 114m2 , 3 ngủ 2 wc 
👉 Ban công : Đông Nam đặc biệt có sân vườn 17m 
👉 Full nội thất, chủ nhà làm cực kì tâm huyết
Căn đã có sổ đỏ 
Giá chỉ 10.xxx tỷ
☎️ Hotline tư vấn 24/7 : ***"
