period,stateid,sectorid,price,revenue,sales,customers
2026-07,AK,ALL,25.41,119.90802,471.9577,364965
2026-07,AK,COM,23.29,48.89962,209.99787,58042
2026-07,AK,IND,24.81,27.82091,112.14823,1262
2026-07,AK,OTH,0.0,0.0,0.0,0
2026-07,AK,RES,28.83,43.18749,149.81161,305661
2026-07,AK,TRA,0.0,0.0,0.0,0
2026-07,AL,ALL,13.32,1216.53295,9136.51075,2862915
2026-07,AL,COM,14.83,347.34054,2342.00851,399765
2026-07,AL,IND,8.42,258.43599,3069.76051,7256
2026-07,AL,OTH,0.0,0.0,0.0,0
2026-07,AL,RES,16.4,610.75642,3724.74173,2455894
2026-07,AL,TRA,0.0,0.0,0.0,0
2026-07,AR,ALL,11.27,611.84227,5426.80259,1764194
2026-07,AR,COM,11.76,145.34617,1236.43341,211711
2026-07,AR,IND,7.84,162.0638,2066.51204,41882
2026-07,AR,OTH,0.0,0.0,0.0,0
2026-07,AR,RES,14.33,304.42855,2123.83267,1510599
2026-07,AR,TRA,15.31,0.00375,0.02448,2
2026-07,AZ,ALL,13.74,1561.91441,11365.65504,3571693
2026-07,AZ,COM,13.12,584.13404,4452.28367,354507
2026-07,AZ,IND,9.35,132.85725,1420.59119,7134
2026-07,AZ,OTH,0.0,0.0,0.0,0
2026-07,AZ,RES,15.38,844.74251,5491.75996,3210050
2026-07,AZ,TRA,17.7,0.18059,1.02023,2
2026-07,CA,ALL,30.71,7151.89913,23286.78245,16844070
2026-07,CA,COM,30.56,3294.21513,10778.89224,1828947
2026-07,CA,IND,25.11,996.39116,3967.80579,151735
2026-07,CA,OTH,0.0,0.0,0.0,0
2026-07,CA,RES,33.61,2850.18869,8479.78824,14863374
2026-07,CA,TRA,18.42,11.10415,60.29618,14
2026-07,CO,ALL,14.2,868.12132,6115.58618,2962134
2026-07,CO,COM,13.81,291.76473,2112.82543,402407
2026-07,CO,IND,9.54,132.56653,1390.08619,14232
2026-07,CO,OTH,0.0,0.0,0.0,0
2026-07,CO,RES,17.0,443.0621,2605.55363,2545494
2026-07,CO,TRA,10.22,0.72797,7.12093,1
2026-07,CT,ALL,21.91,614.18724,2803.28723,1772199
2026-07,CT,COM,19.87,217.22659,1093.46361,155764
2026-07,CT,IND,17.29,37.65894,217.86649,3726
2026-07,CT,OTH,0.0,0.0,0.0,0
2026-07,CT,RES,24.16,357.75975,1480.57413,1612706
2026-07,CT,TRA,13.55,1.54196,11.383,3
2026-07,DC,ALL,24.03,242.28988,1008.26314,354593
2026-07,DC,COM,23.88,163.36305,684.20895,27693
2026-07,DC,IND,32.15,5.28071,16.4228,1
2026-07,DC,OTH,0.0,0.0,0.0,0
2026-07,DC,RES,25.21,68.1887,270.47386,326896
2026-07,DC,TRA,14.69,5.45741,37.15753,3
2026-07,DE,ALL,15.64,172.95847,1106.15079,545423
2026-07,DE,COM,13.8,55.88036,405.01084,61751
2026-07,DE,IND,11.71,21.62698,184.68227,1138
2026-07,DE,OTH,0.0,0.0,0.0,0
2026-07,DE,RES,18.48,95.45113,516.45768,482534
2026-07,DE,TRA,0.0,0.0,0.0,0
2026-07,ENC,ALL,15.26,8980.62249,58865.85587,23701995
2026-07,ENC,COM,14.65,2887.87027,19713.4079,2595187
2026-07,ENC,IND,10.49,1808.40563,17241.15915,51460
2026-07,ENC,OTH,0.0,0.0,0.0,0
2026-07,ENC,RES,19.57,4279.59796,21870.32327,21055337
2026-07,ENC,TRA,11.59,4.74863,40.96554,11
2026-07,ESC,ALL,12.29,3964.54305,32251.6512,10566294
2026-07,ESC,COM,13.49,1283.17073,9511.56898,1531428
2026-07,ESC,IND,7.74,721.76238,9325.17984,25597
2026-07,ESC,OTH,0.0,0.0,0.0,0
2026-07,ESC,RES,14.61,1959.60994,13414.90238,9009269
2026-07,ESC,TRA,0.0,0.0,0.0,0
2026-07,FL,ALL,13.36,3685.62347,27583.09024,12164857
2026-07,FL,COM,11.37,1146.02008,10080.6335,1341988
2026-07,FL,IND,9.17,142.00612,1548.23283,24521
2026-07,FL,OTH,0.0,0.0,0.0,0
2026-07,FL,RES,15.03,2396.87898,15947.79328,10798346
2026-07,FL,TRA,11.17,0.7183,6.43063,2
2026-07,GA,ALL,13.75,2232.47136,16237.98732,5575989
2026-07,GA,COM,12.54,751.74345,5996.78344,633036
2026-07,GA,IND,10.03,296.63449,2957.67516,22895
2026-07,GA,OTH,0.0,0.0,0.0,0
2026-07,GA,RES,16.27,1182.69697,7270.11997,4920057
2026-07,GA,TRA,10.41,1.39645,13.40875,1
2026-07,HI,ALL,43.28,351.9918,813.37035,512500
2026-07,HI,COM,43.63,108.56593,248.84666,60040
2026-07,HI,IND,39.33,125.03302,317.87448,872
2026-07,HI,OTH,0.0,0.0,0.0,0
2026-07,HI,RES,48.0,118.39284,246.64921,451588
2026-07,HI,TRA,0.0,0.0,0.0,0
2026-07,IA,ALL,12.63,736.5061,5831.54606,1753096
2026-07,IA,COM,13.27,186.98004,1409.49717,256424
2026-07,IA,IND,9.99,262.1809,2624.7279,9538
2026-07,IA,OTH,0.0,0.0,0.0,0
2026-07,IA,RES,15.99,287.34516,1797.321,1487134
2026-07,IA,TRA,0.0,0.0,0.0,0
2026-07,ID,ALL,10.87,326.77572,3007.58809,1067062
2026-07,ID,COM,10.16,70.60796,695.20037,128544
2026-07,ID,IND,9.02,117.47918,1302.60905,30053
2026-07,ID,OTH,0.0,0.0,0.0,0
2026-07,ID,RES,13.73,138.68858,1009.77866,908465
2026-07,ID,TRA,0.0,0.0,0.0,0
2026-07,IL,ALL,15.89,2165.19318,13625.54851,6069099
2026-07,IL,COM,15.19,677.30094,4458.31259,644596
2026-07,IL,IND,11.87,437.4913,3686.60494,5584
2026-07,IL,OTH,0.0,0.0,0.0,0
2026-07,IL,RES,19.22,1046.24894,5444.22405,5418916
2026-07,IL,TRA,11.4,4.15201,36.40694,3
2026-07,IN,ALL,12.92,1365.85091,10568.28222,3436743
2026-07,IN,COM,13.3,372.53049,2801.23046,377892
2026-07,IN,IND,9.16,370.05434,4041.2319,19222
2026-07,IN,OTH,0.0,0.0,0.0,0
2026-07,IN,RES,16.73,623.02538,3724.05632,3039627
2026-07,IN,TRA,13.65,0.24071,1.76355,2
2026-07,KS,ALL,12.53,581.82579,4643.95986,1636818
2026-07,KS,COM,12.04,207.76074,1725.19525,252242
2026-07,KS,IND,8.52,90.58393,1062.67931,24071
2026-07,KS,OTH,0.0,0.0,0.0,0
2026-07,KS,RES,15.27,283.48112,1856.0853,1360505
2026-07,KS,TRA,0.0,0.0,0.0,0
2026-07,KY,ALL,11.18,818.47792,7318.41732,2366208
2026-07,KY,COM,11.95,243.80826,2039.86238,330043
2026-07,KY,IND,7.51,183.57405,2445.71196,4689
2026-07,KY,OTH,0.0,0.0,0.0,0
2026-07,KY,RES,13.81,391.09561,2832.84299,2031476
2026-07,KY,TRA,0.0,0.0,0.0,0
2026-07,LA,ALL,9.74,952.92895,9778.95206,2504477
2026-07,LA,COM,10.97,261.11362,2380.43612,305832
2026-07,LA,IND,6.08,228.29299,3754.94601,16175
2026-07,LA,OTH,0.0,0.0,0.0,0
2026-07,LA,RES,12.72,463.43074,3642.77351,2182469
2026-07,LA,TRA,11.5,0.09159,0.79643,1
2026-07,MA,ALL,26.56,1367.08315,5147.87089,3518958
2026-07,MA,COM,24.41,564.6987,2313.14071,445798
2026-07,MA,IND,20.25,111.07895,548.66022,9623
2026-07,MA,OTH,0.0,0.0,0.0,0
2026-07,MA,RES,30.49,688.85646,2259.44072,3063535
2026-07,MA,TRA,9.2,2.44904,26.62925,2
2026-07,MAT,ALL,21.04,7646.13142,36342.41522,19401989
2026-07,MAT,COM,20.14,2915.62866,14477.6442,2449156
2026-07,MAT,IND,11.41,683.58544,5993.68029,38564
2026-07,MAT,OTH,0.0,0.0,0.0,0
2026-07,MAT,RES,25.71,3993.67198,15534.85505,16914251
2026-07,MAT,TRA,15.84,53.24534,336.23568,18
2026-07,MD,ALL,19.35,1156.16986,5975.75513,2759744
2026-07,MD,COM,17.51,465.53009,2658.31071,263015
2026-07,MD,IND,16.21,53.83395,332.15636,9395
2026-07,MD,OTH,0.0,0.0,0.0,0
2026-07,MD,RES,21.41,630.34041,2944.01131,2487329
2026-07,MD,TRA,15.66,6.46541,41.27675,5
2026-07,ME,ALL,23.85,214.762,900.40643,875311
2026-07,ME,COM,21.64,76.28971,352.49007,110629
2026-07,ME,IND,13.94,29.52635,211.77034,1748
2026-07,ME,OTH,0.0,0.0,0.0,0
2026-07,ME,RES,32.41,108.94594,336.14602,762934
2026-07,ME,TRA,0.0,0.0,0.0,0
2026-07,MI,ALL,17.43,1834.28078,10522.38822,5142539
2026-07,MI,COM,16.46,618.12038,3755.05962,573817
2026-07,MI,IND,9.81,254.92244,2597.61739,5844
2026-07,MI,OTH,0.0,0.0,0.0,0
2026-07,MI,RES,23.05,961.16059,4169.2549,4562876
2026-07,MI,TRA,16.96,0.07737,0.45632,2
2026-07,MN,ALL,14.17,941.91088,6647.55565,2967280
2026-07,MN,COM,13.49,307.32259,2277.39894,312694
2026-07,MN,IND,10.34,186.23216,1800.33495,9543
2026-07,MN,OTH,0.0,0.0,0.0,0
2026-07,MN,RES,17.45,448.19615,2568.69389,2645042
2026-07,MN,TRA,14.19,0.15999,1.12787,1
2026-07,MO,ALL,13.91,1178.75484,8472.58799,3331388
2026-07,MO,COM,12.64,400.32371,3167.29616,408049
2026-07,MO,IND,9.87,119.43178,1210.00469,9319
2026-07,MO,OTH,0.0,0.0,0.0,0
2026-07,MO,RES,16.09,658.6591,4092.99647,2914018
2026-07,MO,TRA,14.85,0.34025,2.29067,2
2026-07,MS,ALL,12.22,630.78647,5161.56727,1623666
2026-07,MS,COM,13.65,201.39343,1475.74976,248884
2026-07,MS,IND,7.66,118.55272,1548.24581,12652
2026-07,MS,OTH,0.0,0.0,0.0,0
2026-07,MS,RES,14.54,310.84032,2137.5717,1362130
2026-07,MS,TRA,0.0,0.0,0.0,0
2026-07,MT,ALL,12.33,168.03019,1363.16463,731301
2026-07,MT,COM,13.33,61.15478,458.86228,143123
2026-07,MT,IND,7.71,30.36156,393.81393,14176
2026-07,MT,OTH,0.0,0.0,0.0,0
2026-07,MT,RES,14.99,76.51385,510.48842,574002
2026-07,MT,TRA,0.0,0.0,0.0,0
2026-07,MTN,ALL,12.36,4404.27493,35631.29481,12766970
2026-07,MTN,COM,12.14,1491.59284,12282.98989,1562841
2026-07,MTN,IND,8.38,730.41614,8717.1721,102571
2026-07,MTN,OTH,0.0,0.0,0.0,0
2026-07,MTN,RES,14.92,2180.80077,14618.22058,11101553
2026-07,MTN,TRA,11.35,1.46518,12.91225,5
2026-07,NC,ALL,12.49,1810.7838,14494.03359,6022731
2026-07,NC,COM,10.73,546.44606,5092.11716,759764
2026-07,NC,IND,8.37,198.6442,2371.88736,8574
2026-07,NC,OTH,0.0,0.0,0.0,0
2026-07,NC,RES,15.16,1065.56971,7028.83677,5254392
2026-07,NC,TRA,10.39,0.12383,1.1923,1
2026-07,ND,ALL,9.09,234.09039,2575.46787,491487
2026-07,ND,COM,8.22,77.60605,944.08102,78283
2026-07,ND,IND,8.21,98.39073,1198.11955,11038
2026-07,ND,OTH,0.0,0.0,0.0,0
2026-07,ND,RES,13.41,58.0936,433.2673,402166
2026-07,ND,TRA,0.0,0.0,0.0,0
2026-07,NE,ALL,10.83,448.14658,4139.25708,1168944
2026-07,NE,COM,9.39,153.88443,1638.26857,166419
2026-07,NE,IND,10.0,133.04149,1330.73233,65803
2026-07,NE,OTH,0.0,0.0,0.0,0
2026-07,NE,RES,13.78,161.22065,1170.25618,936722
2026-07,NE,TRA,0.0,0.0,0.0,0
2026-07,NEW,ALL,24.5,2743.23656,11195.34023,7866381
2026-07,NEW,COM,22.6,1063.78757,4706.1899,957506
2026-07,NEW,IND,17.97,233.81273,1301.3196,20005
2026-07,NEW,OTH,0.0,0.0,0.0,0
2026-07,NEW,RES,28.0,1441.22911,5148.0152,6888864
2026-07,NEW,TRA,11.07,4.40716,39.81553,6
2026-07,NH,ALL,23.14,248.57898,1074.35352,780320
2026-07,NH,COM,20.63,82.89803,401.92348,113959
2026-07,NH,IND,18.17,28.38571,156.21961,2984
2026-07,NH,OTH,0.0,0.0,0.0,0
2026-07,NH,RES,26.6,137.29524,516.21043,663377
2026-07,NH,TRA,0.0,0.0,0.0,0
2026-07,NJ,ALL,21.89,1747.73981,7984.15648,4378649
2026-07,NJ,COM,19.17,660.32081,3445.43308,542433
2026-07,NJ,IND,15.63,84.28645,539.17462,10849
2026-07,NJ,OTH,0.0,0.0,0.0,0
2026-07,NJ,RES,25.19,998.50017,3963.49374,3825360
2026-07,NJ,TRA,12.85,4.63239,36.05504,7
2026-07,NM,ALL,9.52,312.64759,3282.64234,1088303
2026-07,NM,COM,11.9,109.85433,923.50667,147603
2026-07,NM,IND,4.16,61.64536,1481.62854,9102
2026-07,NM,OTH,0.0,0.0,0.0,0
2026-07,NM,RES,16.09,141.1479,877.50713,931598
2026-07,NM,TRA,0.0,0.0,0.0,0
2026-07,NV,ALL,11.15,551.52485,4945.30168,1540003
2026-07,NV,COM,9.72,153.48851,1579.23736,179375
2026-07,NV,IND,10.04,117.16968,1166.86592,4909
2026-07,NV,OTH,0.0,0.0,0.0,0
2026-07,NV,RES,12.77,280.79334,2198.41963,1355718
2026-07,NV,TRA,9.41,0.07332,0.77878,1
2026-07,NY,ALL,25.18,3648.13637,14488.4645,8702569
2026-07,NY,COM,24.18,1701.15814,7034.71532,1164345
2026-07,NY,IND,10.81,141.33283,1307.976,16865
2026-07,NY,OTH,0.0,0.0,0.0,0
2026-07,NY,RES,29.9,1762.1857,5893.70813,7521353
2026-07,NY,TRA,17.24,43.45969,252.06505,6
2026-07,OH,ALL,15.09,2542.92702,16848.58726,5768253
2026-07,OH,COM,14.06,889.24949,6324.99033,623576
2026-07,OH,IND,10.95,505.59128,4618.8148,15009
2026-07,OH,OTH,0.0,0.0,0.0,0
2026-07,OH,RES,19.45,1147.82505,5902.52592,5129666
2026-07,OH,TRA,11.58,0.2612,2.25621,2
2026-07,OK,ALL,11.39,889.01261,7807.42253,2257370
2026-07,OK,COM,10.32,293.26921,2840.62085,313341
2026-07,OK,IND,8.16,154.27983,1890.19148,19263
2026-07,OK,OTH,0.0,0.0,0.0,0
2026-07,OK,RES,14.35,441.46358,3076.6102,1924766
2026-07,OK,TRA,0.0,0.0,0.0,0
2026-07,OR,ALL,11.78,655.88699,5565.94883,2182214
2026-07,OR,COM,10.6,277.12053,2614.4108,250399
2026-07,OR,IND,8.92,117.19659,1313.27471,26779
2026-07,OR,OTH,0.0,0.0,0.0,0
2026-07,OR,RES,15.97,261.30969,1636.44637,1905034
2026-07,OR,TRA,14.32,0.26018,1.81695,2
2026-07,PA,ALL,16.22,2250.25524,13869.79424,6320771
2026-07,PA,COM,13.86,554.14971,3997.4958,742378
2026-07,PA,IND,11.04,457.96616,4146.52967,10850
2026-07,PA,OTH,0.0,0.0,0.0,0
2026-07,PA,RES,21.72,1232.98611,5677.65318,5567538
2026-07,PA,TRA,10.71,5.15326,48.11559,5
2026-07,PACC,ALL,23.96,8713.10215,36363.66694,22906608
2026-07,PACC,COM,23.94,3925.54994,16399.80927,2488913
2026-07,PACC,IND,18.01,1229.85948,6829.44325,204309
2026-07,PACC,OTH,0.0,0.0,0.0,0
2026-07,PACC,RES,27.14,3545.17197,13063.69341,20213365
2026-07,PACC,TRA,17.7,12.52076,70.721,21
2026-07,PACN,ALL,36.71,471.89982,1285.32805,877465
2026-07,PACN,COM,34.32,157.46556,458.84453,118082
2026-07,PACN,IND,35.55,152.85393,430.02271,2134
2026-07,PACN,OTH,0.0,0.0,0.0,0
2026-07,PACN,RES,40.76,161.58033,396.46082,757249
2026-07,PACN,TRA,0.0,0.0,0.0,0
2026-07,RI,ALL,25.65,199.47401,777.78289,538986
2026-07,RI,COM,23.43,84.24175,359.56722,65467
2026-07,RI,IND,22.86,12.52182,54.78634,1703
2026-07,RI,OTH,0.0,0.0,0.0,0
2026-07,RI,RES,28.29,102.29428,361.62606,471815
2026-07,RI,TRA,23.08,0.41617,1.80327,1
2026-07,SAT,ALL,13.69,12745.77177,93106.11488,35729803
2026-07,SAT,COM,12.26,4543.66128,37062.3058,4111112
2026-07,SAT,IND,9.25,1118.37923,12094.01787,84866
2026-07,SAT,OTH,0.0,0.0,0.0,0
2026-07,SAT,RES,16.12,7066.57917,43825.84378,31533812
2026-07,SAT,TRA,13.84,17.15209,123.94743,13
2026-07,SC,ALL,12.36,1124.91555,9098.757,3093008
2026-07,SC,COM,11.61,326.27161,2811.29749,419111
2026-07,SC,IND,7.84,179.11161,2283.72582,3507
2026-07,SC,OTH,0.0,0.0,0.0,0
2026-07,SC,RES,15.47,619.53233,4003.7337,2670390
2026-07,SC,TRA,0.0,0.0,0.0,0
2026-07,SD,ALL,12.86,171.16306,1331.10453,535166
2026-07,SD,COM,12.17,61.24201,503.19467,80990
2026-07,SD,IND,9.83,30.71673,312.58488,4399
2026-07,SD,OTH,0.0,0.0,0.0,0
2026-07,SD,RES,15.37,79.20432,515.32499,449777
2026-07,SD,TRA,0.0,0.0,0.0,0
2026-07,TN,ALL,12.21,1298.74572,10635.15586,3713505
2026-07,TN,COM,13.43,490.6285,3653.94833,552736
2026-07,TN,IND,7.13,161.19963,2261.46156,1000
2026-07,TN,OTH,0.0,0.0,0.0,0
2026-07,TN,RES,13.71,646.91759,4719.74596,3159769
2026-07,TN,TRA,0.0,0.0,0.0,0
2026-07,TX,ALL,10.91,5845.0761,53580.03308,14919278
2026-07,TX,COM,8.47,1511.33714,17843.54539,1531092
2026-07,TX,IND,7.07,1076.15895,15220.42891,414442
2026-07,TX,OTH,0.0,0.0,0.0,0
2026-07,TX,RES,15.88,3257.57885,20516.04373,12973742
2026-07,TX,TRA,7.75,0.00117,0.01506,2
2026-07,US,ALL,14.99,62260.83975,415276.35652,167147003
2026-07,US,COM,14.53,21874.91256,150578.72802,19731302
2026-07,US,IND,9.77,9220.44825,94403.25684,1154979
2026-07,US,OTH,0.0,0.0,0.0,0
2026-07,US,RES,18.31,31071.34303,169665.51973,146260640
2026-07,US,TRA,14.97,94.13592,628.85193,82
2026-07,UT,ALL,11.45,457.05642,3990.39944,1441738
2026-07,UT,COM,10.85,167.9121,1547.40885,147186
2026-07,UT,IND,9.1,71.0623,780.73566,10859
2026-07,UT,OTH,0.0,0.0,0.0,0
2026-07,UT,RES,13.12,217.59873,1658.26263,1283692
2026-07,UT,TRA,12.11,0.4833,3.99231,1
2026-07,VA,ALL,13.49,1973.82066,14628.6755,4181218
2026-07,VA,COM,11.68,1001.7981,8576.89041,451284
2026-07,VA,IND,10.07,119.3745,1185.84996,4136
2026-07,VA,OTH,0.0,0.0,0.0,0
2026-07,VA,RES,17.55,849.65738,4841.45365,3725797
2026-07,VA,TRA,12.22,2.99069,24.48148,1
2026-07,VT,ALL,20.17,99.15118,491.63928,380607
2026-07,VT,COM,20.71,38.43279,185.60483,65889
2026-07,VT,IND,13.07,14.64096,112.01661,221
2026-07,VT,OTH,0.0,0.0,0.0,0
2026-07,VT,RES,23.75,46.07744,194.01784,314497
2026-07,VT,TRA,0.0,0.0,0.0,0
2026-07,WA,ALL,12.05,905.31603,7510.93567,3880324
2026-07,WA,COM,11.78,354.21428,3006.50623,409567
2026-07,WA,IND,7.51,116.27173,1548.36275,25795
2026-07,WA,OTH,0.0,0.0,0.0,0
2026-07,WA,RES,14.71,433.67359,2947.4588,3444957
2026-07,WA,TRA,13.43,1.15643,8.60788,5
2026-07,WI,ALL,14.69,1072.3706,7301.04965,3285361
2026-07,WI,COM,13.93,330.66897,2373.8149,375306
2026-07,WI,IND,10.46,240.34628,2296.89013,5801
2026-07,WI,OTH,0.0,0.0,0.0,0
2026-07,WI,RES,19.06,501.338,2630.26209,2904252
2026-07,WI,TRA,21.01,0.01734,0.08253,2
2026-07,WNC,ALL,12.76,4292.39764,33641.47905,11884179
2026-07,WNC,COM,11.96,1395.11959,11664.93178,1555101
2026-07,WNC,IND,9.65,920.57773,9539.1836,133711
2026-07,WNC,OTH,0.0,0.0,0.0,0
2026-07,WNC,RES,15.89,1976.20009,12433.94513,10195364
2026-07,WNC,TRA,14.63,0.50024,3.41854,3
2026-07,WSC,ALL,10.84,8298.85993,76593.21027,21445319
2026-07,WSC,COM,9.1,2211.06614,24301.03577,2361976
2026-07,WSC,IND,7.07,1620.79557,22932.07843,491762
2026-07,WSC,OTH,0.0,0.0,0.0,0
2026-07,WSC,RES,15.21,4466.90172,29359.26011,18591576
2026-07,WSC,TRA,11.54,0.09651,0.83596,5
2026-07,WV,ALL,11.66,346.73873,2973.40216,1032240
2026-07,WV,COM,11.44,86.60849,757.05329,153470
2026-07,WV,IND,8.4,101.86667,1213.38531,10699
2026-07,WV,OTH,0.0,0.0,0.0,0
2026-07,WV,RES,15.78,158.26357,1002.96356,868071
2026-07,WV,TRA,0.0,0.0,0.0,0
2026-07,WY,ALL,10.14,158.20443,1560.95741,364736
2026-07,WY,COM,10.26,52.67639,513.66527,60096
2026-07,WY,IND,8.62,67.27429,780.84162,12106
2026-07,WY,OTH,0.0,0.0,0.0,0
2026-07,WY,RES,14.36,38.25375,266.45052,292534
2026-07,WY,TRA,0.0,0.0,0.0,0
