timestamp,forecast,actual,index
2026-09-20T23:30Z,125,138.0,moderate
2026-09-21T00:00Z,138,136.0,moderate
2026-09-21T00:30Z,136,139.0,moderate
2026-09-21T01:00Z,136,143.0,moderate
2026-09-21T01:30Z,135,138.0,moderate
2026-09-21T02:00Z,147,137.0,moderate
2026-09-21T02:30Z,144,139.0,moderate
2026-09-21T03:00Z,141,143.0,moderate
2026-09-21T03:30Z,135,159.0,moderate
2026-09-21T04:00Z,154,164.0,moderate
2026-09-21T04:30Z,162,171.0,high
2026-09-21T05:00Z,130,183.0,high
2026-09-21T05:30Z,176,181.0,high
2026-09-21T06:00Z,178,179.0,high
2026-09-21T06:30Z,186,173.0,high
2026-09-21T07:00Z,176,165.0,moderate
2026-09-21T07:30Z,168,158.0,moderate
2026-09-21T08:00Z,158,154.0,moderate
2026-09-21T08:30Z,155,142.0,moderate
2026-09-21T09:00Z,150,134.0,moderate
2026-09-21T09:30Z,141,127.0,moderate
2026-09-21T10:00Z,132,118.0,moderate
2026-09-21T10:30Z,128,119.0,moderate
2026-09-21T11:00Z,117,113.0,moderate
2026-09-21T11:30Z,115,110.0,moderate
2026-09-21T12:00Z,116,106.0,moderate
2026-09-21T12:30Z,110,108.0,moderate
2026-09-21T13:00Z,105,115.0,moderate
2026-09-21T13:30Z,111,125.0,moderate
2026-09-21T14:00Z,121,140.0,moderate
2026-09-21T14:30Z,128,154.0,moderate
2026-09-21T15:00Z,142,170.0,high
2026-09-21T15:30Z,169,186.0,high
2026-09-21T16:00Z,180,197.0,high
2026-09-21T16:30Z,200,203.0,high
2026-09-21T17:00Z,211,213.0,high
2026-09-21T17:30Z,215,214.0,high
2026-09-21T18:00Z,217,216.0,high
2026-09-21T18:30Z,213,209.0,high
2026-09-21T19:00Z,210,208.0,high
2026-09-21T19:30Z,38,203.0,high
2026-09-21T20:00Z,204,202.0,high
2026-09-21T20:30Z,204,202.0,high
2026-09-21T21:00Z,201,195.0,high
2026-09-21T21:30Z,204,197.0,high
2026-09-21T22:00Z,197,195.0,high
2026-09-21T22:30Z,199,197.0,high
2026-09-21T23:00Z,198,196.0,high
2026-09-21T23:30Z,198,195.0,high
2026-09-22T00:00Z,199,195.0,high
2026-09-22T00:30Z,196,190.0,high
2026-09-22T01:00Z,189,187.0,high
2026-09-22T01:30Z,188,189.0,high
2026-09-22T02:00Z,180,188.0,high
2026-09-22T02:30Z,189,194.0,high
2026-09-22T03:00Z,183,198.0,high
2026-09-22T03:30Z,199,211.0,high
2026-09-22T04:00Z,200,216.0,high
2026-09-22T04:30Z,216,215.0,high
2026-09-22T05:00Z,219,219.0,high
2026-09-22T05:30Z,219,215.0,high
2026-09-22T06:00Z,220,216.0,high
2026-09-22T06:30Z,217,202.0,high
2026-09-22T07:00Z,209,193.0,high
2026-09-22T07:30Z,199,181.0,high
2026-09-22T08:00Z,191,171.0,high
2026-09-22T08:30Z,174,162.0,moderate
2026-09-22T09:00Z,167,151.0,moderate
2026-09-22T09:30Z,161,146.0,moderate
2026-09-22T10:00Z,152,136.0,moderate
2026-09-22T10:30Z,146,131.0,moderate
2026-09-22T11:00Z,137,125.0,moderate
2026-09-22T11:30Z,134,133.0,moderate
2026-09-22T12:00Z,125,136.0,moderate
2026-09-22T12:30Z,131,139.0,moderate
2026-09-22T13:00Z,149,147.0,moderate
2026-09-22T13:30Z,144,165.0,moderate
2026-09-22T14:00Z,152,178.0,high
2026-09-22T14:30Z,170,190.0,high
2026-09-22T15:00Z,189,198.0,high
2026-09-22T15:30Z,203,198.0,high
2026-09-22T16:00Z,213,209.0,high
2026-09-22T16:30Z,215,216.0,high
2026-09-22T17:00Z,226,222.0,high
2026-09-22T17:30Z,235,229.0,high
2026-09-22T18:00Z,234,229.0,high
2026-09-22T18:30Z,235,225.0,high
2026-09-22T19:00Z,235,224.0,high
2026-09-22T19:30Z,138,226.0,high
2026-09-22T20:00Z,231,221.0,high
2026-09-22T20:30Z,227,217.0,high
2026-09-22T21:00Z,233,210.0,high
2026-09-22T21:30Z,219,199.0,high
2026-09-22T22:00Z,213,192.0,high
2026-09-22T22:30Z,198,189.0,high
2026-09-22T23:00Z,194,185.0,high
2026-09-22T23:30Z,190,179.0,high
2026-09-23T00:00Z,187,175.0,high
2026-09-23T00:30Z,181,169.0,moderate
2026-09-23T01:00Z,176,167.0,moderate
2026-09-23T01:30Z,165,164.0,moderate
2026-09-23T02:00Z,163,166.0,moderate
2026-09-23T02:30Z,169,164.0,moderate
2026-09-23T03:00Z,163,152.0,moderate
2026-09-23T03:30Z,159,135.0,moderate
2026-09-23T04:00Z,159,129.0,moderate
2026-09-23T04:30Z,143,144.0,moderate
2026-09-23T05:00Z,135,156.0,moderate
2026-09-23T05:30Z,143,154.0,moderate
2026-09-23T06:00Z,148,153.0,moderate
2026-09-23T06:30Z,150,130.0,moderate
2026-09-23T07:00Z,146,114.0,moderate
2026-09-23T07:30Z,127,101.0,moderate
2026-09-23T08:00Z,108,82.0,low
2026-09-23T08:30Z,97,98.0,moderate
2026-09-23T09:00Z,77,66.0,low
2026-09-23T09:30Z,58,64.0,low
2026-09-23T10:00Z,52,64.0,low
2026-09-23T10:30Z,49,65.0,low
2026-09-23T11:00Z,51,63.0,low
2026-09-23T11:30Z,49,62.0,low
2026-09-23T12:00Z,44,63.0,low
2026-09-23T12:30Z,40,65.0,low
2026-09-23T13:00Z,46,68.0,low
2026-09-23T13:30Z,50,70.0,low
2026-09-23T14:00Z,62,80.0,low
2026-09-23T14:30Z,64,92.0,moderate
2026-09-23T15:00Z,78,110.0,moderate
2026-09-23T15:30Z,99,134.0,moderate
2026-09-23T16:00Z,128,142.0,moderate
2026-09-23T16:30Z,148,157.0,moderate
2026-09-23T17:00Z,156,165.0,moderate
2026-09-23T17:30Z,162,169.0,moderate
2026-09-23T18:00Z,170,172.0,high
2026-09-23T18:30Z,169,175.0,high
2026-09-23T19:00Z,170,178.0,high
2026-09-23T19:30Z,175,174.0,high
2026-09-23T20:00Z,175,170.0,high
2026-09-23T20:30Z,175,164.0,moderate
2026-09-23T21:00Z,169,163.0,moderate
2026-09-23T21:30Z,164,146.0,moderate
2026-09-23T22:00Z,157,145.0,moderate
2026-09-23T22:30Z,145,142.0,moderate
2026-09-23T23:00Z,147,151.0,moderate
2026-09-23T23:30Z,140,151.0,moderate
2026-09-24T00:00Z,149,154.0,moderate
2026-09-24T00:30Z,157,157.0,moderate
2026-09-24T01:00Z,154,151.0,moderate
2026-09-24T01:30Z,156,153.0,moderate
2026-09-24T02:00Z,150,154.0,moderate
2026-09-24T02:30Z,154,161.0,moderate
2026-09-24T03:00Z,156,160.0,moderate
2026-09-24T03:30Z,166,172.0,high
2026-09-24T04:00Z,169,172.0,high
2026-09-24T04:30Z,176,173.0,high
2026-09-24T05:00Z,180,176.0,high
2026-09-24T05:30Z,164,174.0,high
2026-09-24T06:00Z,177,174.0,high
2026-09-24T06:30Z,162,161.0,moderate
2026-09-24T07:00Z,155,154.0,moderate
2026-09-24T07:30Z,139,145.0,moderate
2026-09-24T08:00Z,135,125.0,moderate
2026-09-24T08:30Z,117,107.0,moderate
2026-09-24T09:00Z,110,96.0,moderate
2026-09-24T09:30Z,92,88.0,low
2026-09-24T10:00Z,89,83.0,low
2026-09-24T10:30Z,88,82.0,low
2026-09-24T11:00Z,81,75.0,low
2026-09-24T11:30Z,62,80.0,low
2026-09-24T12:00Z,80,77.0,low
2026-09-24T12:30Z,75,79.0,low
2026-09-24T13:00Z,70,80.0,low
2026-09-24T13:30Z,83,85.0,low
2026-09-24T14:00Z,74,92.0,moderate
2026-09-24T14:30Z,78,103.0,moderate
2026-09-24T15:00Z,96,124.0,moderate
2026-09-24T15:30Z,114,150.0,moderate
2026-09-24T16:00Z,128,161.0,moderate
2026-09-24T16:30Z,150,169.0,moderate
2026-09-24T17:00Z,157,168.0,moderate
2026-09-24T17:30Z,164,171.0,high
2026-09-24T18:00Z,163,170.0,high
2026-09-24T18:30Z,159,162.0,moderate
2026-09-24T19:00Z,150,155.0,moderate
2026-09-24T19:30Z,95,151.0,moderate
2026-09-24T20:00Z,143,139.0,moderate
2026-09-24T20:30Z,144,130.0,moderate
2026-09-24T21:00Z,135,116.0,moderate
2026-09-24T21:30Z,125,114.0,moderate
2026-09-24T22:00Z,112,111.0,moderate
2026-09-24T22:30Z,107,112.0,moderate
2026-09-24T23:00Z,104,109.0,moderate
2026-09-24T23:30Z,88,104.0,moderate
2026-09-25T00:00Z,110,101.0,moderate
2026-09-25T00:30Z,98,102.0,moderate
2026-09-25T01:00Z,102,108.0,moderate
2026-09-25T01:30Z,103,110.0,moderate
2026-09-25T02:00Z,107,113.0,moderate
2026-09-25T02:30Z,106,116.0,moderate
2026-09-25T03:00Z,118,116.0,moderate
2026-09-25T03:30Z,118,119.0,moderate
2026-09-25T04:00Z,119,132.0,moderate
2026-09-25T04:30Z,125,151.0,moderate
2026-09-25T05:00Z,139,168.0,moderate
2026-09-25T05:30Z,159,173.0,high
2026-09-25T06:00Z,170,180.0,high
2026-09-25T06:30Z,173,163.0,moderate
2026-09-25T07:00Z,167,157.0,moderate
2026-09-25T07:30Z,160,141.0,moderate
2026-09-25T08:00Z,157,130.0,moderate
2026-09-25T08:30Z,131,120.0,moderate
2026-09-25T09:00Z,122,111.0,moderate
2026-09-25T09:30Z,116,109.0,moderate
2026-09-25T10:00Z,103,108.0,moderate
2026-09-25T10:30Z,108,110.0,moderate
2026-09-25T11:00Z,115,110.0,moderate
2026-09-25T11:30Z,106,109.0,moderate
2026-09-25T12:00Z,114,108.0,moderate
2026-09-25T12:30Z,114,112.0,moderate
2026-09-25T13:00Z,113,112.0,moderate
2026-09-25T13:30Z,117,125.0,moderate
2026-09-25T14:00Z,120,133.0,moderate
2026-09-25T14:30Z,128,151.0,moderate
2026-09-25T15:00Z,136,166.0,moderate
2026-09-25T15:30Z,158,180.0,high
2026-09-25T16:00Z,180,186.0,high
2026-09-25T16:30Z,199,204.0,high
2026-09-25T17:00Z,199,209.0,high
2026-09-25T17:30Z,211,205.0,high
2026-09-25T18:00Z,216,202.0,high
2026-09-25T18:30Z,206,196.0,high
2026-09-25T19:00Z,201,189.0,high
2026-09-25T19:30Z,195,186.0,high
2026-09-25T20:00Z,190,178.0,high
2026-09-25T20:30Z,185,165.0,moderate
2026-09-25T21:00Z,167,148.0,moderate
2026-09-25T21:30Z,161,135.0,moderate
2026-09-25T22:00Z,129,136.0,moderate
2026-09-25T22:30Z,125,131.0,moderate
2026-09-25T23:00Z,114,127.0,moderate
2026-09-25T23:30Z,107,128.0,moderate
2026-09-26T00:00Z,120,124.0,moderate
2026-09-26T00:30Z,124,120.0,moderate
2026-09-26T01:00Z,118,125.0,moderate
2026-09-26T01:30Z,115,122.0,moderate
2026-09-26T02:00Z,125,118.0,moderate
2026-09-26T02:30Z,118,126.0,moderate
2026-09-26T03:00Z,117,122.0,moderate
2026-09-26T03:30Z,124,117.0,moderate
2026-09-26T04:00Z,123,116.0,moderate
2026-09-26T04:30Z,117,122.0,moderate
2026-09-26T05:00Z,112,131.0,moderate
2026-09-26T05:30Z,119,128.0,moderate
2026-09-26T06:00Z,130,130.0,moderate
2026-09-26T06:30Z,124,110.0,moderate
2026-09-26T07:00Z,127,100.0,moderate
2026-09-26T07:30Z,110,90.0,moderate
2026-09-26T08:00Z,100,82.0,low
2026-09-26T08:30Z,79,74.0,low
2026-09-26T09:00Z,85,68.0,low
2026-09-26T09:30Z,66,66.0,low
2026-09-26T10:00Z,66,64.0,low
2026-09-26T10:30Z,61,63.0,low
2026-09-26T11:00Z,57,63.0,low
2026-09-26T11:30Z,56,63.0,low
2026-09-26T12:00Z,51,60.0,low
2026-09-26T12:30Z,42,48.0,low
2026-09-26T13:00Z,50,52.0,low
2026-09-26T13:30Z,45,53.0,low
2026-09-26T14:00Z,45,62.0,low
2026-09-26T14:30Z,49,81.0,low
2026-09-26T15:00Z,62,106.0,moderate
2026-09-26T15:30Z,91,129.0,moderate
2026-09-26T16:00Z,116,144.0,moderate
2026-09-26T16:30Z,147,158.0,moderate
2026-09-26T17:00Z,151,165.0,moderate
2026-09-26T17:30Z,156,162.0,moderate
2026-09-26T18:00Z,160,161.0,moderate
2026-09-26T18:30Z,149,160.0,moderate
2026-09-26T19:00Z,150,152.0,moderate
2026-09-26T19:30Z,130,154.0,moderate
2026-09-26T20:00Z,143,150.0,moderate
2026-09-26T20:30Z,150,144.0,moderate
2026-09-26T21:00Z,149,134.0,moderate
2026-09-26T21:30Z,139,129.0,moderate
2026-09-26T22:00Z,137,126.0,moderate
2026-09-26T22:30Z,124,126.0,moderate
2026-09-26T23:00Z,122,121.0,moderate
2026-09-26T23:30Z,104,115.0,moderate
2026-09-27T00:00Z,104,114.0,moderate
2026-09-27T00:30Z,106,112.0,moderate
2026-09-27T01:00Z,102,109.0,moderate
2026-09-27T01:30Z,106,111.0,moderate
2026-09-27T02:00Z,107,106.0,moderate
2026-09-27T02:30Z,104,107.0,moderate
2026-09-27T03:00Z,102,104.0,moderate
2026-09-27T03:30Z,100,107.0,moderate
2026-09-27T04:00Z,101,105.0,moderate
2026-09-27T04:30Z,105,101.0,moderate
2026-09-27T05:00Z,99,103.0,moderate
2026-09-27T05:30Z,99,91.0,moderate
2026-09-27T06:00Z,92,88.0,low
2026-09-27T06:30Z,89,81.0,low
2026-09-27T07:00Z,73,75.0,low
2026-09-27T07:30Z,71,62.0,low
2026-09-27T08:00Z,67,57.0,low
2026-09-27T08:30Z,48,59.0,low
2026-09-27T09:00Z,48,57.0,low
2026-09-27T09:30Z,44,57.0,low
2026-09-27T10:00Z,43,53.0,low
2026-09-27T10:30Z,40,53.0,low
2026-09-27T11:00Z,38,53.0,low
2026-09-27T11:30Z,41,54.0,low
2026-09-27T12:00Z,38,55.0,low
2026-09-27T12:30Z,39,52.0,low
2026-09-27T13:00Z,38,49.0,low
2026-09-27T13:30Z,39,,low
2026-09-27T14:00Z,39,,low
2026-09-27T14:30Z,40,,low
2026-09-27T15:00Z,44,,low
2026-09-27T15:30Z,47,,low
2026-09-27T16:00Z,52,,low
2026-09-27T16:30Z,60,,low
2026-09-27T17:00Z,62,,low
2026-09-27T17:30Z,67,,low
2026-09-27T18:00Z,69,,low
2026-09-27T18:30Z,72,,low
2026-09-27T19:00Z,73,,low
2026-09-27T19:30Z,70,,low
2026-09-27T20:00Z,71,,low
2026-09-27T20:30Z,74,,low
2026-09-27T21:00Z,84,,low
2026-09-27T21:30Z,85,,low
2026-09-27T22:00Z,85,,low
2026-09-27T22:30Z,89,,low
2026-09-27T23:00Z,98,,moderate
2026-09-27T23:30Z,102,,moderate
