timestamp,indo,itsdo
2026-07-01T00:00Z,22243,26966
2026-07-01T00:30Z,21960,26727
2026-07-01T01:00Z,21935,26825
2026-07-01T01:30Z,21273,26183
2026-07-01T02:00Z,20904,25819
2026-07-01T02:30Z,20526,25441
2026-07-01T03:00Z,20343,25252
2026-07-01T03:30Z,19854,24768
2026-07-01T04:00Z,19972,24895
2026-07-01T04:30Z,20202,25124
2026-07-01T05:00Z,21689,26676
2026-07-01T05:30Z,22395,27415
2026-07-01T06:00Z,23748,28486
2026-07-01T06:30Z,23999,28519
2026-07-01T07:00Z,24518,26709
2026-07-01T07:30Z,24144,26204
2026-07-01T08:00Z,24224,25717
2026-07-01T08:30Z,24006,25498
2026-07-01T09:00Z,24009,25486
2026-07-01T09:30Z,23850,25253
2026-07-01T10:00Z,23658,25147
2026-07-01T10:30Z,23723,25182
2026-07-01T11:00Z,23736,25099
2026-07-01T11:30Z,23113,24443
2026-07-01T12:00Z,22737,23841
2026-07-01T12:30Z,22356,23172
2026-07-01T13:00Z,22170,22881
2026-07-01T13:30Z,22132,22709
2026-07-01T14:00Z,21579,22088
2026-07-01T14:30Z,22282,22944
2026-07-01T15:00Z,22707,23529
2026-07-01T15:30Z,23421,24269
2026-07-01T16:00Z,23710,26544
2026-07-01T16:30Z,24563,27620
2026-07-01T17:00Z,25413,29715
2026-07-01T17:30Z,25281,29620
2026-07-01T18:00Z,26464,30845
2026-07-01T18:30Z,26440,30834
2026-07-01T19:00Z,26247,30709
2026-07-01T19:30Z,25805,30442
2026-07-01T20:00Z,25243,30249
2026-07-01T20:30Z,24836,29908
2026-07-01T21:00Z,23613,29090
2026-07-01T21:30Z,22347,27840
2026-07-01T22:00Z,21304,26455
2026-07-01T22:30Z,20383,25532
2026-07-01T23:00Z,20378,25909
2026-07-01T23:30Z,20149,25766
2026-07-02T00:00Z,19050,25058
2026-07-02T00:30Z,18571,24644
2026-07-02T01:00Z,17438,23893
2026-07-02T01:30Z,16437,23079
2026-07-02T02:00Z,16729,23675
2026-07-02T02:30Z,16422,23464
2026-07-02T03:00Z,15998,24102
2026-07-02T03:30Z,16064,24361
2026-07-02T04:00Z,16025,24771
2026-07-02T04:30Z,16025,24506
2026-07-02T05:00Z,17813,24432
2026-07-02T05:30Z,19086,25539
2026-07-02T06:00Z,20894,26232
2026-07-02T06:30Z,21236,26406
2026-07-02T07:00Z,21604,26522
2026-07-02T07:30Z,20999,26049
2026-07-02T08:00Z,20114,25430
2026-07-02T08:30Z,19372,24716
2026-07-02T09:00Z,18254,24866
2026-07-02T09:30Z,17663,24429
2026-07-02T10:00Z,16588,23313
2026-07-02T10:30Z,15943,22613
2026-07-02T11:00Z,15701,22018
2026-07-02T11:30Z,15322,21932
2026-07-02T12:00Z,15120,21248
2026-07-02T12:30Z,14848,20621
2026-07-02T13:00Z,14753,20128
2026-07-02T13:30Z,14548,19769
2026-07-02T14:00Z,15117,18448
2026-07-02T14:30Z,16108,19329
2026-07-02T15:00Z,17501,19977
2026-07-02T15:30Z,18595,20869
2026-07-02T16:00Z,20113,22012
2026-07-02T16:30Z,21545,23219
2026-07-02T17:00Z,23024,24514
2026-07-02T17:30Z,24507,25990
2026-07-02T18:00Z,25939,27422
2026-07-02T18:30Z,26095,27585
2026-07-02T19:00Z,26023,27966
2026-07-02T19:30Z,25857,27810
2026-07-02T20:00Z,25709,27672
2026-07-02T20:30Z,25559,27519
2026-07-02T21:00Z,25316,26948
2026-07-02T21:30Z,24404,26038
2026-07-02T22:00Z,22888,25023
2026-07-02T22:30Z,21850,24020
2026-07-02T23:00Z,21339,23423
2026-07-02T23:30Z,21017,23099
2026-07-03T00:00Z,20809,23015
2026-07-03T00:30Z,20592,22807
2026-07-03T01:00Z,20214,22353
2026-07-03T01:30Z,19677,21757
2026-07-03T02:00Z,19481,21662
2026-07-03T02:30Z,19108,21297
2026-07-03T03:00Z,18929,21032
2026-07-03T03:30Z,18428,20526
2026-07-03T04:00Z,18614,21124
2026-07-03T04:30Z,18563,21099
2026-07-03T05:00Z,20088,21603
2026-07-03T05:30Z,20629,22129
2026-07-03T06:00Z,22173,23670
2026-07-03T06:30Z,22403,23901
2026-07-03T07:00Z,22566,24066
2026-07-03T07:30Z,21816,23314
2026-07-03T08:00Z,21229,22728
2026-07-03T08:30Z,20366,21864
2026-07-03T09:00Z,19317,20813
2026-07-03T09:30Z,18944,20390
2026-07-03T10:00Z,18209,19706
2026-07-03T10:30Z,17519,18980
2026-07-03T11:00Z,17500,19034
2026-07-03T11:30Z,16721,18771
2026-07-03T12:00Z,16634,18825
2026-07-03T12:30Z,16374,18712
2026-07-03T13:00Z,16584,18868
2026-07-03T13:30Z,16690,18920
2026-07-03T14:00Z,16652,18853
2026-07-03T14:30Z,17737,19554
2026-07-03T15:00Z,19036,20158
2026-07-03T15:30Z,20321,20988
2026-07-03T16:00Z,21675,22190
2026-07-03T16:30Z,23051,23563
2026-07-03T17:00Z,24290,24803
2026-07-03T17:30Z,25275,25785
2026-07-03T18:00Z,26544,27208
2026-07-03T18:30Z,26617,27317
2026-07-03T19:00Z,26290,27316
2026-07-03T19:30Z,25721,26752
2026-07-03T20:00Z,25305,26471
2026-07-03T20:30Z,25319,26485
2026-07-03T21:00Z,24885,25799
2026-07-03T21:30Z,24139,25050
2026-07-03T22:00Z,22958,24150
2026-07-03T22:30Z,21912,23320
2026-07-03T23:00Z,21458,22773
2026-07-03T23:30Z,20961,22329
2026-07-04T00:00Z,20552,21612
2026-07-04T00:30Z,20066,21128
2026-07-04T01:00Z,19601,21251
2026-07-04T01:30Z,19087,20808
2026-07-04T02:00Z,18422,21135
2026-07-04T02:30Z,18342,21096
2026-07-04T03:00Z,17911,21431
2026-07-04T03:30Z,17536,21431
2026-07-04T04:00Z,17042,21016
2026-07-04T04:30Z,16780,20944
2026-07-04T05:00Z,17619,22400
2026-07-04T05:30Z,17285,22196
2026-07-04T06:00Z,17743,21681
2026-07-04T06:30Z,17983,21960
2026-07-04T07:00Z,18272,21677
2026-07-04T07:30Z,18107,21536
2026-07-04T08:00Z,18264,21815
2026-07-04T08:30Z,18448,22067
2026-07-04T09:00Z,18228,22456
2026-07-04T09:30Z,18158,22262
2026-07-04T10:00Z,18198,21425
2026-07-04T10:30Z,17877,21532
2026-07-04T11:00Z,17372,21243
2026-07-04T11:30Z,17296,21134
2026-07-04T12:00Z,16391,20663
2026-07-04T12:30Z,16052,20346
2026-07-04T13:00Z,15208,19770
2026-07-04T13:30Z,15313,19961
2026-07-04T14:00Z,15429,21103
2026-07-04T14:30Z,15736,21439
2026-07-04T15:00Z,16739,21191
2026-07-04T15:30Z,18037,22084
2026-07-04T16:00Z,19736,22494
2026-07-04T16:30Z,20857,23100
2026-07-04T17:00Z,21732,23710
2026-07-04T17:30Z,22124,24032
2026-07-04T18:00Z,23716,25753
2026-07-04T18:30Z,23307,25345
2026-07-04T19:00Z,24131,26259
2026-07-04T19:30Z,24194,26346
2026-07-04T20:00Z,23440,25386
2026-07-04T20:30Z,23365,25440
2026-07-04T21:00Z,23008,24673
2026-07-04T21:30Z,22434,24263
2026-07-04T22:00Z,21792,24763
2026-07-04T22:30Z,21556,24589
2026-07-04T23:00Z,21490,23631
2026-07-04T23:30Z,21066,23173
2026-07-05T00:00Z,20366,23493
2026-07-05T00:30Z,20133,23291
2026-07-05T01:00Z,19614,22406
2026-07-05T01:30Z,19046,22181
2026-07-05T02:00Z,18938,21903
2026-07-05T02:30Z,18820,21789
2026-07-05T03:00Z,18501,22021
2026-07-05T03:30Z,17950,21375
2026-07-05T04:00Z,17394,20659
2026-07-05T04:30Z,16923,20294
2026-07-05T05:00Z,17326,19268
2026-07-05T05:30Z,17337,19337
2026-07-05T06:00Z,17481,19426
2026-07-05T06:30Z,17564,19569
2026-07-05T07:00Z,18048,20002
2026-07-05T07:30Z,18503,20108
2026-07-05T08:00Z,18956,20459
2026-07-05T08:30Z,19221,20724
2026-07-05T09:00Z,19167,20670
2026-07-05T09:30Z,18368,19871
2026-07-05T10:00Z,18061,19564
2026-07-05T10:30Z,17485,19141
2026-07-05T11:00Z,17634,19160
2026-07-05T11:30Z,17657,19486
2026-07-05T12:00Z,17220,18899
2026-07-05T12:30Z,16814,18443
2026-07-05T13:00Z,16402,18670
2026-07-05T13:30Z,16688,18811
2026-07-05T14:00Z,16764,18671
2026-07-05T14:30Z,17282,18966
2026-07-05T15:00Z,18189,19908
2026-07-05T15:30Z,19930,21314
2026-07-05T16:00Z,21838,22831
2026-07-05T16:30Z,23460,24336
2026-07-05T17:00Z,24256,25152
2026-07-05T17:30Z,25546,26536
2026-07-05T18:00Z,26062,27089
2026-07-05T18:30Z,26207,27362
2026-07-05T19:00Z,25287,26613
2026-07-05T19:30Z,25041,26415
2026-07-05T20:00Z,25456,27305
2026-07-05T20:30Z,24965,26819
2026-07-05T21:00Z,24133,26313
2026-07-05T21:30Z,23225,25601
2026-07-05T22:00Z,22369,25467
2026-07-05T22:30Z,21795,24609
2026-07-05T23:00Z,21341,23976
2026-07-05T23:30Z,20362,22891
2026-07-06T00:00Z,20139,22921
2026-07-06T00:30Z,20336,23205
2026-07-06T01:00Z,19614,22816
2026-07-06T01:30Z,19171,22542
2026-07-06T02:00Z,18796,22871
2026-07-06T02:30Z,18422,22459
2026-07-06T03:00Z,18257,22466
2026-07-06T03:30Z,17818,22024
2026-07-06T04:00Z,17408,21786
2026-07-06T04:30Z,17495,21995
2026-07-06T05:00Z,19476,23405
2026-07-06T05:30Z,20228,24108
2026-07-06T06:00Z,21573,23629
2026-07-06T06:30Z,21934,24071
2026-07-06T07:00Z,22084,24306
2026-07-06T07:30Z,21376,23509
2026-07-06T08:00Z,21499,23554
2026-07-06T08:30Z,20878,22831
2026-07-06T09:00Z,20118,23464
2026-07-06T09:30Z,19717,23191
2026-07-06T10:00Z,19368,21911
2026-07-06T10:30Z,18924,21259
2026-07-06T11:00Z,18544,21026
2026-07-06T11:30Z,18134,20887
2026-07-06T12:00Z,18366,21071
2026-07-06T12:30Z,18671,21322
2026-07-06T13:00Z,18280,21026
2026-07-06T13:30Z,18542,21145
2026-07-06T14:00Z,19313,21753
2026-07-06T14:30Z,20173,22664
2026-07-06T15:00Z,21851,24150
2026-07-06T15:30Z,23067,24892
2026-07-06T16:00Z,24214,25792
2026-07-06T16:30Z,25700,27310
2026-07-06T17:00Z,26845,28829
2026-07-06T17:30Z,27477,29360
2026-07-06T18:00Z,27838,30043
2026-07-06T18:30Z,28223,30430
2026-07-06T19:00Z,27993,30347
2026-07-06T19:30Z,28072,30426
2026-07-06T20:00Z,27277,29562
2026-07-06T20:30Z,26595,28878
2026-07-06T21:00Z,25543,27604
2026-07-06T21:30Z,24446,26511
2026-07-06T22:00Z,23071,25882
2026-07-06T22:30Z,22429,25149
2026-07-06T23:00Z,22418,24543
2026-07-06T23:30Z,22131,24236
2026-07-07T00:00Z,21155,23804
2026-07-07T00:30Z,20744,23401
2026-07-07T01:00Z,20307,23213
2026-07-07T01:30Z,19516,22425
2026-07-07T02:00Z,19745,22782
2026-07-07T02:30Z,19041,22080
2026-07-07T03:00Z,18840,21844
2026-07-07T03:30Z,18758,21763
2026-07-07T04:00Z,18259,21520
2026-07-07T04:30Z,18622,21988
2026-07-07T05:00Z,20153,23036
2026-07-07T05:30Z,21338,24113
2026-07-07T06:00Z,23080,24524
2026-07-07T06:30Z,23202,24699
2026-07-07T07:00Z,23413,24910
2026-07-07T07:30Z,23086,24587
2026-07-07T08:00Z,22619,24119
2026-07-07T08:30Z,21794,23298
2026-07-07T09:00Z,20923,22445
2026-07-07T09:30Z,20122,21836
2026-07-07T10:00Z,19741,21202
2026-07-07T10:30Z,19802,21233
2026-07-07T11:00Z,19669,21486
2026-07-07T11:30Z,19352,20808
2026-07-07T12:00Z,19346,20715
2026-07-07T12:30Z,19333,20633
2026-07-07T13:00Z,19538,20846
2026-07-07T13:30Z,19614,20762
2026-07-07T14:00Z,19932,21030
2026-07-07T14:30Z,20691,21809
2026-07-07T15:00Z,21429,22540
2026-07-07T15:30Z,23324,24534
2026-07-07T16:00Z,25106,26299
2026-07-07T16:30Z,26059,27411
2026-07-07T17:00Z,27366,28851
2026-07-07T17:30Z,28459,29951
2026-07-07T18:00Z,30111,31597
2026-07-07T18:30Z,29702,31194
2026-07-07T19:00Z,29791,31457
2026-07-07T19:30Z,29240,30910
2026-07-07T20:00Z,29140,30662
2026-07-07T20:30Z,28905,30425
2026-07-07T21:00Z,27762,29565
2026-07-07T21:30Z,26643,28472
2026-07-07T22:00Z,25261,28195
2026-07-07T22:30Z,24933,27933
2026-07-07T23:00Z,24223,27203
2026-07-07T23:30Z,23805,26783
2026-07-08T00:00Z,23362,26224
2026-07-08T00:30Z,23130,25995
2026-07-08T01:00Z,22518,25726
2026-07-08T01:30Z,21997,25212
2026-07-08T02:00Z,22053,25591
2026-07-08T02:30Z,21465,25007
2026-07-08T03:00Z,21255,24820
2026-07-08T03:30Z,21131,24696
2026-07-08T04:00Z,21524,25082
2026-07-08T04:30Z,21558,25113
2026-07-08T05:00Z,22789,26270
2026-07-08T05:30Z,23362,26670
2026-07-08T06:00Z,25265,27058
2026-07-08T06:30Z,25332,27102
2026-07-08T07:00Z,25200,26695
2026-07-08T07:30Z,24672,26168
2026-07-08T08:00Z,24313,25814
2026-07-08T08:30Z,23397,24896
2026-07-08T09:00Z,22538,24249
2026-07-08T09:30Z,21910,23615
2026-07-08T10:00Z,22174,23665
2026-07-08T10:30Z,21615,23109
2026-07-08T11:00Z,21825,23527
2026-07-08T11:30Z,21472,23158
2026-07-08T12:00Z,21303,22795
2026-07-08T12:30Z,21293,22785
2026-07-08T13:00Z,21385,22874
2026-07-08T13:30Z,21564,23052
2026-07-08T14:00Z,21787,23282
2026-07-08T14:30Z,22822,24317
2026-07-08T15:00Z,23855,25350
2026-07-08T15:30Z,25203,26698
2026-07-08T16:00Z,26703,28197
2026-07-08T16:30Z,27712,29206
2026-07-08T17:00Z,28907,30400
2026-07-08T17:30Z,29472,30964
2026-07-08T18:00Z,30973,32465
2026-07-08T18:30Z,30978,32471
2026-07-08T19:00Z,30886,32379
2026-07-08T19:30Z,30532,32023
2026-07-08T20:00Z,30457,31966
2026-07-08T20:30Z,30094,31600
2026-07-08T21:00Z,29246,30739
2026-07-08T21:30Z,27663,29155
2026-07-08T22:00Z,26324,28059
2026-07-08T22:30Z,25971,27731
2026-07-08T23:00Z,25235,26864
2026-07-08T23:30Z,25199,26829
2026-07-09T00:00Z,24500,26300
2026-07-09T00:30Z,24089,25887
2026-07-09T01:00Z,23270,25109
2026-07-09T01:30Z,22771,24610
2026-07-09T02:00Z,22362,24135
2026-07-09T02:30Z,22150,23928
2026-07-09T03:00Z,21695,24094
2026-07-09T03:30Z,21577,24029
2026-07-09T04:00Z,21203,25406
2026-07-09T04:30Z,21504,25757
2026-07-09T05:00Z,22803,25861
2026-07-09T05:30Z,24042,26938
2026-07-09T06:00Z,25666,27165
2026-07-09T06:30Z,26016,27504
2026-07-09T07:00Z,25888,27376
2026-07-09T07:30Z,25365,26853
2026-07-09T08:00Z,24370,25897
2026-07-09T08:30Z,23662,25188
2026-07-09T09:00Z,22825,24736
2026-07-09T09:30Z,22071,23842
2026-07-09T10:00Z,21937,24215
2026-07-09T10:30Z,21446,23794
2026-07-09T11:00Z,21506,23853
2026-07-09T11:30Z,21117,23457
2026-07-09T12:00Z,20876,23208
2026-07-09T12:30Z,21004,23314
2026-07-09T13:00Z,21016,23306
2026-07-09T13:30Z,21099,23424
2026-07-09T14:00Z,21468,23789
2026-07-09T14:30Z,22430,24626
2026-07-09T15:00Z,23732,25298
2026-07-09T15:30Z,25295,26794
2026-07-09T16:00Z,26643,28145
2026-07-09T16:30Z,27880,29384
2026-07-09T17:00Z,28691,30540
2026-07-09T17:30Z,29773,31665
2026-07-09T18:00Z,30127,32650
2026-07-09T18:30Z,30201,32749
2026-07-09T19:00Z,30110,32515
2026-07-09T19:30Z,30102,32463
2026-07-09T20:00Z,30602,32789
2026-07-09T20:30Z,30021,32210
2026-07-09T21:00Z,28988,31109
2026-07-09T21:30Z,28605,30725
2026-07-09T22:00Z,26717,29041
2026-07-09T22:30Z,25743,28075
2026-07-09T23:00Z,26028,28223
2026-07-09T23:30Z,25129,27327
2026-07-10T00:00Z,24671,26872
2026-07-10T00:30Z,24343,26554
2026-07-10T01:00Z,23625,26199
2026-07-10T01:30Z,23161,25763
2026-07-10T02:00Z,22518,25762
2026-07-10T02:30Z,22410,25689
2026-07-10T03:00Z,22011,26066
2026-07-10T03:30Z,21704,25804
2026-07-10T04:00Z,21487,26132
2026-07-10T04:30Z,21787,26375
2026-07-10T05:00Z,23210,25850
2026-07-10T05:30Z,24172,26639
2026-07-10T06:00Z,25668,27161
2026-07-10T06:30Z,25940,27433
2026-07-10T07:00Z,26249,27743
2026-07-10T07:30Z,25270,26763
2026-07-10T08:00Z,24773,26266
2026-07-10T08:30Z,23955,25448
2026-07-10T09:00Z,23116,24614
2026-07-10T09:30Z,22584,24080
2026-07-10T10:00Z,22133,23627
2026-07-10T10:30Z,21929,23424
2026-07-10T11:00Z,21814,23307
2026-07-10T11:30Z,21514,23010
2026-07-10T12:00Z,21519,23517
2026-07-10T12:30Z,21517,23593
2026-07-10T13:00Z,21591,23660
2026-07-10T13:30Z,21587,23726
2026-07-10T14:00Z,21697,24049
2026-07-10T14:30Z,22328,24528
2026-07-10T15:00Z,23200,24953
2026-07-10T15:30Z,24375,25844
2026-07-10T16:00Z,25166,26463
2026-07-10T16:30Z,25950,27315
2026-07-10T17:00Z,27109,28588
2026-07-10T17:30Z,27747,29241
2026-07-10T18:00Z,28358,30447
2026-07-10T18:30Z,29044,31137
2026-07-10T19:00Z,28664,30843
2026-07-10T19:30Z,28415,30563
2026-07-10T20:00Z,28384,29806
2026-07-10T20:30Z,28077,29422
2026-07-10T21:00Z,27995,29341
2026-07-10T21:30Z,27145,28331
2026-07-10T22:00Z,25671,26826
2026-07-10T22:30Z,24994,26265
2026-07-10T23:00Z,24361,25655
2026-07-10T23:30Z,23626,24914
2026-07-11T00:00Z,23114,24402
2026-07-11T00:30Z,22915,24194
2026-07-11T01:00Z,22133,24249
2026-07-11T01:30Z,21664,23833
2026-07-11T02:00Z,20890,23530
2026-07-11T02:30Z,20465,23060
2026-07-11T03:00Z,19980,23240
2026-07-11T03:30Z,19815,23016
2026-07-11T04:00Z,19619,22234
2026-07-11T04:30Z,19485,21937
2026-07-11T05:00Z,20095,21162
2026-07-11T05:30Z,20126,21160
2026-07-11T06:00Z,20784,21874
2026-07-11T06:30Z,20551,21689
2026-07-11T07:00Z,20697,21866
2026-07-11T07:30Z,20282,21405
2026-07-11T08:00Z,20014,20984
2026-07-11T08:30Z,19382,20253
2026-07-11T09:00Z,18770,19680
2026-07-11T09:30Z,18233,19153
2026-07-11T10:00Z,17538,18559
2026-07-11T10:30Z,16973,18108
2026-07-11T11:00Z,16724,17883
2026-07-11T11:30Z,16177,17437
2026-07-11T12:00Z,15682,17274
2026-07-11T12:30Z,15535,17157
2026-07-11T13:00Z,15519,17433
2026-07-11T13:30Z,15715,17602
2026-07-11T14:00Z,16348,18184
2026-07-11T14:30Z,16905,18756
2026-07-11T15:00Z,18021,19420
2026-07-11T15:30Z,19407,20685
2026-07-11T16:00Z,20867,22051
2026-07-11T16:30Z,22590,24009
2026-07-11T17:00Z,22867,24360
2026-07-11T17:30Z,24653,26149
2026-07-11T18:00Z,25609,27507
2026-07-11T18:30Z,25926,27858
2026-07-11T19:00Z,26415,28342
2026-07-11T19:30Z,25750,27663
2026-07-11T20:00Z,24940,26584
2026-07-11T20:30Z,24804,26446
2026-07-11T21:00Z,24135,25878
2026-07-11T21:30Z,24019,25699
2026-07-11T22:00Z,23128,25289
2026-07-11T22:30Z,22543,24665
2026-07-11T23:00Z,22559,24262
2026-07-11T23:30Z,22182,23881
2026-07-12T00:00Z,21832,23371
2026-07-12T00:30Z,21271,22805
2026-07-12T01:00Z,20738,22229
2026-07-12T01:30Z,19836,21320
2026-07-12T02:00Z,19487,20829
2026-07-12T02:30Z,19100,20442
2026-07-12T03:00Z,18898,20240
2026-07-12T03:30Z,18321,19663
2026-07-12T04:00Z,17856,19424
2026-07-12T04:30Z,17402,18971
2026-07-12T05:00Z,17446,18930
2026-07-12T05:30Z,17033,19277
2026-07-12T06:00Z,17087,19515
2026-07-12T06:30Z,16560,18981
2026-07-12T07:00Z,16633,19187
2026-07-12T07:30Z,15862,18431
2026-07-12T08:00Z,15010,17577
2026-07-12T08:30Z,14561,17138
2026-07-12T09:00Z,14168,17194
2026-07-12T09:30Z,13596,17044
2026-07-12T10:00Z,13158,16774
2026-07-12T10:30Z,12934,16558
2026-07-12T11:00Z,13024,16544
2026-07-12T11:30Z,12989,16472
2026-07-12T12:00Z,12963,16734
2026-07-12T12:30Z,12962,16768
2026-07-12T13:00Z,12991,16883
2026-07-12T13:30Z,13056,17074
2026-07-12T14:00Z,13708,17584
2026-07-12T14:30Z,14367,18154
2026-07-12T15:00Z,15727,19020
2026-07-12T15:30Z,17225,19991
2026-07-12T16:00Z,19096,20457
2026-07-12T16:30Z,20622,21668
2026-07-12T17:00Z,21552,22459
2026-07-12T17:30Z,22894,24037
2026-07-12T18:00Z,24070,25460
2026-07-12T18:30Z,24882,26405
2026-07-12T19:00Z,25225,26834
2026-07-12T19:30Z,25214,26794
2026-07-12T20:00Z,25041,26459
2026-07-12T20:30Z,24820,26112
2026-07-12T21:00Z,24475,25788
2026-07-12T21:30Z,23556,24747
2026-07-12T22:00Z,22513,23759
2026-07-12T22:30Z,22285,23571
2026-07-12T23:00Z,21397,22608
2026-07-12T23:30Z,21090,22157
2026-07-13T00:00Z,20824,21918
2026-07-13T00:30Z,20580,21650
2026-07-13T01:00Z,20086,21406
2026-07-13T01:30Z,19704,21068
2026-07-13T02:00Z,19233,21009
2026-07-13T02:30Z,18869,20659
2026-07-13T03:00Z,18424,21671
2026-07-13T03:30Z,18226,21476
2026-07-13T04:00Z,17835,21746
2026-07-13T04:30Z,18380,22338
2026-07-13T05:00Z,20202,23610
2026-07-13T05:30Z,21442,24847
2026-07-13T06:00Z,23054,24458
2026-07-13T06:30Z,23455,24937
2026-07-13T07:00Z,23806,25249
2026-07-13T07:30Z,23051,24578
2026-07-13T08:00Z,22952,24364
2026-07-13T08:30Z,22350,23627
2026-07-13T09:00Z,21407,22879
2026-07-13T09:30Z,20368,21629
2026-07-13T10:00Z,19562,20704
2026-07-13T10:30Z,19242,20355
2026-07-13T11:00Z,18252,20082
2026-07-13T11:30Z,18385,20352
2026-07-13T12:00Z,17230,19270
2026-07-13T12:30Z,17338,19601
2026-07-13T13:00Z,17003,19388
2026-07-13T13:30Z,17117,19371
2026-07-13T14:00Z,17261,18975
2026-07-13T14:30Z,18134,19574
2026-07-13T15:00Z,18584,19748
2026-07-13T15:30Z,20497,21608
2026-07-13T16:00Z,21471,22929
2026-07-13T16:30Z,23203,24865
2026-07-13T17:00Z,24531,26756
2026-07-13T17:30Z,25899,28354
2026-07-13T18:00Z,26559,29344
2026-07-13T18:30Z,27127,30102
2026-07-13T19:00Z,26876,29380
2026-07-13T19:30Z,26821,29394
2026-07-13T20:00Z,27001,29395
2026-07-13T20:30Z,26663,29100
2026-07-13T21:00Z,25086,27309
2026-07-13T21:30Z,24420,26594
2026-07-13T22:00Z,23494,26452
2026-07-13T22:30Z,22422,25290
2026-07-13T23:00Z,22249,25067
2026-07-13T23:30Z,21546,24278
2026-07-14T00:00Z,21047,23817
2026-07-14T00:30Z,20813,23599
2026-07-14T01:00Z,20795,23789
2026-07-14T01:30Z,20402,23339
2026-07-14T02:00Z,19737,22932
2026-07-14T02:30Z,19674,22853
2026-07-14T03:00Z,19380,23543
2026-07-14T03:30Z,18847,23025
2026-07-14T04:00Z,18810,22885
2026-07-14T04:30Z,19002,23113
2026-07-14T05:00Z,20577,24338
2026-07-14T05:30Z,21255,24048
2026-07-14T06:00Z,23757,24829
2026-07-14T06:30Z,23609,25812
2026-07-14T07:00Z,24789,26788
2026-07-14T07:30Z,23801,25792
2026-07-14T08:00Z,23826,25645
2026-07-14T08:30Z,22799,24485
2026-07-14T09:00Z,22156,23554
2026-07-14T09:30Z,21436,22637
2026-07-14T10:00Z,20732,22226
2026-07-14T10:30Z,19853,21709
2026-07-14T11:00Z,19424,21376
2026-07-14T11:30Z,19025,21236
2026-07-14T12:00Z,18017,20036
2026-07-14T12:30Z,17726,19944
2026-07-14T13:00Z,17710,20049
2026-07-14T13:30Z,17882,20271
2026-07-14T14:00Z,18113,20091
2026-07-14T14:30Z,19179,20579
2026-07-14T15:00Z,20574,21893
2026-07-14T15:30Z,21978,23336
2026-07-14T16:00Z,23160,24451
2026-07-14T16:30Z,24303,25779
2026-07-14T17:00Z,25628,27898
2026-07-14T17:30Z,26952,29478
2026-07-14T18:00Z,27806,30756
2026-07-14T18:30Z,28274,31388
2026-07-14T19:00Z,28438,31133
2026-07-14T19:30Z,28089,30744
2026-07-14T20:00Z,27863,30065
2026-07-14T20:30Z,27473,29650
2026-07-14T21:00Z,27138,29212
2026-07-14T21:30Z,25977,28058
2026-07-14T22:00Z,24528,27020
2026-07-14T22:30Z,23824,26230
2026-07-14T23:00Z,23656,25722
2026-07-14T23:30Z,23244,25225
2026-07-15T00:00Z,23008,24796
2026-07-15T00:30Z,22434,24226
2026-07-15T01:00Z,21754,24167
2026-07-15T01:30Z,21216,23715
2026-07-15T02:00Z,20914,23571
2026-07-15T02:30Z,20695,23410
2026-07-15T03:00Z,20195,23952
2026-07-15T03:30Z,19881,23631
2026-07-15T04:00Z,19864,23813
2026-07-15T04:30Z,19901,23869
2026-07-15T05:00Z,21503,24601
2026-07-15T05:30Z,22442,25582
2026-07-15T06:00Z,24532,26536
2026-07-15T06:30Z,25086,27100
2026-07-15T07:00Z,26026,28044
2026-07-15T07:30Z,25782,27800
2026-07-15T08:00Z,25317,27320
2026-07-15T08:30Z,24291,26165
2026-07-15T09:00Z,23189,24906
2026-07-15T09:30Z,22244,23781
2026-07-15T10:00Z,21333,22919
2026-07-15T10:30Z,20261,21854
2026-07-15T11:00Z,19525,21135
2026-07-15T11:30Z,18920,20537
2026-07-15T12:00Z,18517,20133
2026-07-15T12:30Z,18179,19836
2026-07-15T13:00Z,18541,20228
2026-07-15T13:30Z,18903,20507
2026-07-15T14:00Z,19127,20852
2026-07-15T14:30Z,20000,21744
2026-07-15T15:00Z,20665,22292
2026-07-15T15:30Z,22502,24247
2026-07-15T16:00Z,23790,25356
2026-07-15T16:30Z,25059,26757
2026-07-15T17:00Z,26541,28867
2026-07-15T17:30Z,27629,30072
2026-07-15T18:00Z,28723,31052
2026-07-15T18:30Z,28693,31069
2026-07-15T19:00Z,28248,30683
2026-07-15T19:30Z,27374,29798
2026-07-15T20:00Z,27293,29431
2026-07-15T20:30Z,26762,28797
2026-07-15T21:00Z,26190,28227
2026-07-15T21:30Z,25957,28048
2026-07-15T22:00Z,24651,27048
2026-07-15T22:30Z,24246,26620
2026-07-15T23:00Z,23875,26050
2026-07-15T23:30Z,23281,25428
2026-07-16T00:00Z,22457,24931
2026-07-16T00:30Z,22372,24743
2026-07-16T01:00Z,21919,24387
2026-07-16T01:30Z,21105,23548
2026-07-16T02:00Z,20569,23728
2026-07-16T02:30Z,20434,23578
2026-07-16T03:00Z,20269,23844
2026-07-16T03:30Z,19946,23510
2026-07-16T04:00Z,19913,23954
2026-07-16T04:30Z,20137,24203
2026-07-16T05:00Z,21522,25397
2026-07-16T05:30Z,22423,26220
2026-07-16T06:00Z,24188,26198
2026-07-16T06:30Z,24731,26740
2026-07-16T07:00Z,25074,27084
2026-07-16T07:30Z,23897,25909
2026-07-16T08:00Z,23482,25491
2026-07-16T08:30Z,22358,24577
2026-07-16T09:00Z,21715,24462
2026-07-16T09:30Z,20864,23664
2026-07-16T10:00Z,20104,23380
2026-07-16T10:30Z,19617,22719
2026-07-16T11:00Z,19461,22488
2026-07-16T11:30Z,19240,22151
2026-07-16T12:00Z,19224,22033
2026-07-16T12:30Z,19239,22024
2026-07-16T13:00Z,19616,22272
2026-07-16T13:30Z,19908,22499
2026-07-16T14:00Z,19945,21935
2026-07-16T14:30Z,21027,22635
2026-07-16T15:00Z,22035,23331
2026-07-16T15:30Z,23585,24971
2026-07-16T16:00Z,24420,26540
2026-07-16T16:30Z,25776,28161
2026-07-16T17:00Z,26388,29404
2026-07-16T17:30Z,27190,30251
2026-07-16T18:00Z,28055,31870
2026-07-16T18:30Z,28353,32447
2026-07-16T19:00Z,28476,32074
2026-07-16T19:30Z,28319,31944
2026-07-16T20:00Z,28615,31205
2026-07-16T20:30Z,28038,30534
2026-07-16T21:00Z,27622,29641
2026-07-16T21:30Z,26481,28500
2026-07-16T22:00Z,25457,27544
2026-07-16T22:30Z,24864,27101
2026-07-16T23:00Z,24208,26529
2026-07-16T23:30Z,24163,26418
2026-07-17T00:00Z,23142,25682
2026-07-17T00:30Z,22746,25221
2026-07-17T01:00Z,22090,24980
2026-07-17T01:30Z,21416,24302
2026-07-17T02:00Z,20973,24734
2026-07-17T02:30Z,20903,24630
2026-07-17T03:00Z,20599,24837
2026-07-17T03:30Z,20688,24843
2026-07-17T04:00Z,20415,25043
2026-07-17T04:30Z,20640,25309
2026-07-17T05:00Z,22096,25151
2026-07-17T05:30Z,22845,25858
2026-07-17T06:00Z,24606,26595
2026-07-17T06:30Z,24915,27038
2026-07-17T07:00Z,25210,27372
2026-07-17T07:30Z,23880,26040
2026-07-17T08:00Z,23696,25832
2026-07-17T08:30Z,22706,24604
2026-07-17T09:00Z,21510,23157
2026-07-17T09:30Z,20803,22263
2026-07-17T10:00Z,20250,21984
2026-07-17T10:30Z,19632,21178
2026-07-17T11:00Z,19362,20891
2026-07-17T11:30Z,18992,20445
2026-07-17T12:00Z,18758,20168
2026-07-17T12:30Z,18616,20036
2026-07-17T13:00Z,18726,19915
2026-07-17T13:30Z,18800,20016
2026-07-17T14:00Z,18878,19932
2026-07-17T14:30Z,19513,20437
2026-07-17T15:00Z,20254,20924
2026-07-17T15:30Z,21627,22250
2026-07-17T16:00Z,22694,23204
2026-07-17T16:30Z,23840,24453
2026-07-17T17:00Z,25035,26236
2026-07-17T17:30Z,25875,27253
2026-07-17T18:00Z,26693,27973
2026-07-17T18:30Z,27168,28513
2026-07-17T19:00Z,27287,28840
2026-07-17T19:30Z,26830,28342
2026-07-17T20:00Z,26826,28141
2026-07-17T20:30Z,26694,27866
2026-07-17T21:00Z,25958,27224
2026-07-17T21:30Z,25093,26433
2026-07-17T22:00Z,24668,26093
2026-07-17T22:30Z,23870,25348
2026-07-17T23:00Z,23588,25069
2026-07-17T23:30Z,23005,24496
2026-07-18T00:00Z,22179,23770
2026-07-18T00:30Z,21766,23153
2026-07-18T01:00Z,21502,22998
2026-07-18T01:30Z,20913,22426
2026-07-18T02:00Z,20363,21821
2026-07-18T02:30Z,20078,21413
2026-07-18T03:00Z,19836,21163
2026-07-18T03:30Z,19153,20480
2026-07-18T04:00Z,18751,20079
2026-07-18T04:30Z,18557,20082
2026-07-18T05:00Z,18992,20897
2026-07-18T05:30Z,19216,21127
2026-07-18T06:00Z,19490,22003
2026-07-18T06:30Z,19725,21818
2026-07-18T07:00Z,19808,21821
2026-07-18T07:30Z,19738,21748
2026-07-18T08:00Z,19933,21941
2026-07-18T08:30Z,19501,21433
2026-07-18T09:00Z,19285,21524
2026-07-18T09:30Z,18969,21462
2026-07-18T10:00Z,18380,21189
2026-07-18T10:30Z,17943,20776
2026-07-18T11:00Z,17638,20569
2026-07-18T11:30Z,17711,20658
2026-07-18T12:00Z,17418,20570
2026-07-18T12:30Z,16900,20158
2026-07-18T13:00Z,17026,20101
2026-07-18T13:30Z,16889,20048
2026-07-18T14:00Z,16639,19770
2026-07-18T14:30Z,17158,20305
2026-07-18T15:00Z,18022,20777
2026-07-18T15:30Z,18662,21468
2026-07-18T16:00Z,20207,22743
2026-07-18T16:30Z,21736,24020
2026-07-18T17:00Z,22548,24843
2026-07-18T17:30Z,23245,25514
2026-07-18T18:00Z,23801,25976
2026-07-18T18:30Z,24007,26268
2026-07-18T19:00Z,24177,26427
2026-07-18T19:30Z,24032,26193
2026-07-18T20:00Z,24057,26209
2026-07-18T20:30Z,23998,26155
2026-07-18T21:00Z,23807,25968
2026-07-18T21:30Z,23157,25318
2026-07-18T22:00Z,22152,24314
2026-07-18T22:30Z,21786,23948
2026-07-18T23:00Z,21635,23746
2026-07-18T23:30Z,21034,23043
2026-07-19T00:00Z,20160,22170
2026-07-19T00:30Z,19824,21813
2026-07-19T01:00Z,19275,21132
2026-07-19T01:30Z,18719,20583
2026-07-19T02:00Z,18515,20381
2026-07-19T02:30Z,18381,20247
2026-07-19T03:00Z,18312,20252
2026-07-19T03:30Z,17600,19692
2026-07-19T04:00Z,16818,19824
2026-07-19T04:30Z,16372,19727
2026-07-19T05:00Z,16704,19549
2026-07-19T05:30Z,16528,19312
2026-07-19T06:00Z,16684,19661
2026-07-19T06:30Z,16682,19498
2026-07-19T07:00Z,16846,19673
2026-07-19T07:30Z,16601,19468
2026-07-19T08:00Z,16315,19196
2026-07-19T08:30Z,15801,18830
2026-07-19T09:00Z,15494,18581
2026-07-19T09:30Z,15159,18251
2026-07-19T10:00Z,15219,18313
2026-07-19T10:30Z,15206,18277
2026-07-19T11:00Z,15391,18315
2026-07-19T11:30Z,15511,18587
2026-07-19T12:00Z,14993,18006
2026-07-19T12:30Z,14563,17502
2026-07-19T13:00Z,14044,16906
2026-07-19T13:30Z,13801,16477
2026-07-19T14:00Z,13943,16557
2026-07-19T14:30Z,14601,17196
2026-07-19T15:00Z,15724,18318
2026-07-19T15:30Z,17106,19686
2026-07-19T16:00Z,18651,20953
2026-07-19T16:30Z,19938,22041
2026-07-19T17:00Z,22220,24056
2026-07-19T17:30Z,23249,25065
2026-07-19T18:00Z,24176,25982
2026-07-19T18:30Z,25341,27148
2026-07-19T19:00Z,24940,26774
2026-07-19T19:30Z,24833,26796
2026-07-19T20:00Z,25476,27429
2026-07-19T20:30Z,24909,26737
2026-07-19T21:00Z,24206,25976
2026-07-19T21:30Z,23491,25294
2026-07-19T22:00Z,22242,23975
2026-07-19T22:30Z,22248,23844
2026-07-19T23:00Z,21914,23525
2026-07-19T23:30Z,21266,22757
2026-07-20T00:00Z,20609,22052
2026-07-20T00:30Z,20771,22225
2026-07-20T01:00Z,20223,21814
2026-07-20T01:30Z,19255,20895
2026-07-20T02:00Z,19101,20796
2026-07-20T02:30Z,18729,20361
2026-07-20T03:00Z,18596,20120
2026-07-20T03:30Z,18208,19620
2026-07-20T04:00Z,18606,19857
2026-07-20T04:30Z,18852,20043
2026-07-20T05:00Z,20577,22202
2026-07-20T05:30Z,21536,23363
2026-07-20T06:00Z,22546,24547
2026-07-20T06:30Z,22818,24821
2026-07-20T07:00Z,22643,24648
2026-07-20T07:30Z,22505,24512
2026-07-20T08:00Z,21554,23744
2026-07-20T08:30Z,20757,23030
2026-07-20T09:00Z,19887,22117
2026-07-20T09:30Z,19015,21116
2026-07-20T10:00Z,18348,20634
2026-07-20T10:30Z,18011,20304
2026-07-20T11:00Z,17771,20155
2026-07-20T11:30Z,17532,19879
2026-07-20T12:00Z,17459,19664
2026-07-20T12:30Z,17383,19565
2026-07-20T13:00Z,17526,19568
2026-07-20T13:30Z,17684,19654
2026-07-20T14:00Z,18275,20288
2026-07-20T14:30Z,19235,21185
2026-07-20T15:00Z,20320,22133
2026-07-20T15:30Z,21837,23732
2026-07-20T16:00Z,23325,25328
2026-07-20T16:30Z,24420,26429
2026-07-20T17:00Z,25413,27424
2026-07-20T17:30Z,26742,28748
2026-07-20T18:00Z,27021,29027
2026-07-20T18:30Z,27630,29704
2026-07-20T19:00Z,27330,29575
2026-07-20T19:30Z,27222,29476
2026-07-20T20:00Z,26748,29003
2026-07-20T20:30Z,26298,28551
2026-07-20T21:00Z,25734,27985
2026-07-20T21:30Z,24812,27071
2026-07-20T22:00Z,23824,26084
2026-07-20T22:30Z,23511,25700
2026-07-20T23:00Z,22727,25009
2026-07-20T23:30Z,22571,24262
2026-07-21T00:00Z,21685,23172
2026-07-21T00:30Z,21446,22950
2026-07-21T01:00Z,21232,22888
2026-07-21T01:30Z,20913,22589
2026-07-21T02:00Z,20463,22129
2026-07-21T02:30Z,20432,22003
2026-07-21T03:00Z,19938,21705
2026-07-21T03:30Z,19822,21554
2026-07-21T04:00Z,19561,21880
2026-07-21T04:30Z,19632,22013
2026-07-21T05:00Z,21080,22710
2026-07-21T05:30Z,22029,23850
2026-07-21T06:00Z,23627,25607
2026-07-21T06:30Z,24175,26183
2026-07-21T07:00Z,24495,26500
2026-07-21T07:30Z,24098,26103
2026-07-21T08:00Z,23911,25915
2026-07-21T08:30Z,23462,25457
2026-07-21T09:00Z,22818,24698
2026-07-21T09:30Z,22596,24355
2026-07-21T10:00Z,22517,24378
2026-07-21T10:30Z,22457,24361
2026-07-21T11:00Z,22184,24030
2026-07-21T11:30Z,22006,23984
2026-07-21T12:00Z,21894,23806
2026-07-21T12:30Z,21754,23625
2026-07-21T13:00Z,21670,23433
2026-07-21T13:30Z,21932,23714
2026-07-21T14:00Z,21530,23343
2026-07-21T14:30Z,22218,23945
2026-07-21T15:00Z,22517,24122
2026-07-21T15:30Z,23523,25090
2026-07-21T16:00Z,24517,26297
2026-07-21T16:30Z,25682,27623
2026-07-21T17:00Z,25472,27521
2026-07-21T17:30Z,26632,28787
2026-07-21T18:00Z,27065,29203
2026-07-21T18:30Z,27685,29816
2026-07-21T19:00Z,27380,29530
2026-07-21T19:30Z,27059,29219
2026-07-21T20:00Z,27202,29321
2026-07-21T20:30Z,27108,29165
2026-07-21T21:00Z,26262,28185
2026-07-21T21:30Z,25802,27659
2026-07-21T22:00Z,23996,25836
2026-07-21T22:30Z,23465,25022
2026-07-21T23:00Z,23176,24588
2026-07-21T23:30Z,22437,23842
2026-07-22T00:00Z,21907,23325
2026-07-22T00:30Z,22007,23233
2026-07-22T01:00Z,21690,22999
2026-07-22T01:30Z,21347,22710
2026-07-22T02:00Z,21077,22405
2026-07-22T02:30Z,20407,21735
2026-07-22T03:00Z,20549,21830
2026-07-22T03:30Z,20476,21756
2026-07-22T04:00Z,19861,21472
2026-07-22T04:30Z,20435,22112
2026-07-22T05:00Z,21649,23470
2026-07-22T05:30Z,22362,24156
2026-07-22T06:00Z,24441,26438
2026-07-22T06:30Z,25325,27329
2026-07-22T07:00Z,25532,27535
2026-07-22T07:30Z,25153,27156
2026-07-22T08:00Z,25084,27087
2026-07-22T08:30Z,24505,26508
2026-07-22T09:00Z,23489,25458
2026-07-22T09:30Z,23128,25021
2026-07-22T10:00Z,22940,24610
2026-07-22T10:30Z,23101,24664
2026-07-22T11:00Z,23020,24534
2026-07-22T11:30Z,22916,24401
2026-07-22T12:00Z,22672,24278
2026-07-22T12:30Z,22011,23585
2026-07-22T13:00Z,21770,23384
2026-07-22T13:30Z,21639,23209
2026-07-22T14:00Z,22083,23718
2026-07-22T14:30Z,22334,23943
2026-07-22T15:00Z,23083,24606
2026-07-22T15:30Z,24058,25687
2026-07-22T16:00Z,24979,26829
2026-07-22T16:30Z,26348,28332
2026-07-22T17:00Z,27169,29173
2026-07-22T17:30Z,27845,29851
2026-07-22T18:00Z,28591,30594
2026-07-22T18:30Z,28356,30295
2026-07-22T19:00Z,27878,29790
2026-07-22T19:30Z,27844,29757
2026-07-22T20:00Z,27347,29267
2026-07-22T20:30Z,27092,29013
2026-07-22T21:00Z,26367,28289
2026-07-22T21:30Z,25340,27268
2026-07-22T22:00Z,24219,26074
2026-07-22T22:30Z,24093,25849
2026-07-22T23:00Z,24002,25720
2026-07-22T23:30Z,23263,24890
2026-07-23T00:00Z,23110,24870
2026-07-23T00:30Z,22616,24373
2026-07-23T01:00Z,22046,24206
2026-07-23T01:30Z,21607,23572
2026-07-23T02:00Z,21393,23559
2026-07-23T02:30Z,20943,23090
2026-07-23T03:00Z,20316,22064
2026-07-23T03:30Z,19930,21714
2026-07-23T04:00Z,19851,21925
2026-07-23T04:30Z,20058,22347
2026-07-23T05:00Z,21368,23526
2026-07-23T05:30Z,22383,24344
2026-07-23T06:00Z,23700,25769
2026-07-23T06:30Z,24004,25981
2026-07-23T07:00Z,24832,26637
2026-07-23T07:30Z,24544,26366
2026-07-23T08:00Z,23921,25744
2026-07-23T08:30Z,23174,24874
2026-07-23T09:00Z,22792,24565
2026-07-23T09:30Z,22394,24244
2026-07-23T10:00Z,22373,24141
2026-07-23T10:30Z,22299,23927
2026-07-23T11:00Z,22210,24005
2026-07-23T11:30Z,22094,23902
2026-07-23T12:00Z,22252,24006
2026-07-23T12:30Z,22072,23916
2026-07-23T13:00Z,22162,24109
2026-07-23T13:30Z,21924,24043
2026-07-23T14:00Z,22089,24025
2026-07-23T14:30Z,22207,23892
2026-07-23T15:00Z,22705,24458
2026-07-23T15:30Z,23528,25314
2026-07-23T16:00Z,24521,26244
2026-07-23T16:30Z,25704,27493
2026-07-23T17:00Z,26476,28327
2026-07-23T17:30Z,26953,28910
2026-07-23T18:00Z,27807,29560
2026-07-23T18:30Z,28258,30028
2026-07-23T19:00Z,27807,29562
2026-07-23T19:30Z,27657,29462
2026-07-23T20:00Z,26978,28782
2026-07-23T20:30Z,26855,28645
2026-07-23T21:00Z,25942,27841
2026-07-23T21:30Z,24973,26973
2026-07-23T22:00Z,24099,26106
2026-07-23T22:30Z,23121,25144
2026-07-23T23:00Z,22850,24887
2026-07-23T23:30Z,22484,24481
2026-07-24T00:00Z,22185,24119
2026-07-24T00:30Z,21816,23671
2026-07-24T01:00Z,21243,23162
2026-07-24T01:30Z,21054,22920
2026-07-24T02:00Z,20709,22615
2026-07-24T02:30Z,20164,21997
2026-07-24T03:00Z,19664,22258
2026-07-24T03:30Z,19426,21945
2026-07-24T04:00Z,19046,22077
2026-07-24T04:30Z,19290,22302
2026-07-24T05:00Z,20640,22831
2026-07-24T05:30Z,21093,23360
2026-07-24T06:00Z,22807,24733
2026-07-24T06:30Z,23183,25197
2026-07-24T07:00Z,23606,25611
2026-07-24T07:30Z,22954,24858
2026-07-24T08:00Z,22320,24102
2026-07-24T08:30Z,21502,23341
2026-07-24T09:00Z,20623,23185
2026-07-24T09:30Z,19840,22646
2026-07-24T10:00Z,19072,21933
2026-07-24T10:30Z,18849,21900
2026-07-24T11:00Z,18680,21615
2026-07-24T11:30Z,18215,21201
2026-07-24T12:00Z,17903,20879
2026-07-24T12:30Z,17561,20543
2026-07-24T13:00Z,17900,20697
2026-07-24T13:30Z,18022,20907
2026-07-24T14:00Z,18248,21045
2026-07-24T14:30Z,18812,21587
2026-07-24T15:00Z,19776,22311
2026-07-24T15:30Z,20841,22885
2026-07-24T16:00Z,21993,23631
2026-07-24T16:30Z,23709,25235
2026-07-24T17:00Z,24408,26297
2026-07-24T17:30Z,25093,27185
2026-07-24T18:00Z,25737,28184
2026-07-24T18:30Z,25984,28535
2026-07-24T19:00Z,26037,28846
2026-07-24T19:30Z,26037,28901
2026-07-24T20:00Z,26283,28422
2026-07-24T20:30Z,26163,28294
2026-07-24T21:00Z,25184,27531
2026-07-24T21:30Z,24253,26639
2026-07-24T22:00Z,23015,25641
2026-07-24T22:30Z,22540,25091
2026-07-24T23:00Z,22117,24077
2026-07-24T23:30Z,21444,23273
2026-07-25T00:00Z,21038,22732
2026-07-25T00:30Z,20645,22417
2026-07-25T01:00Z,20007,22652
2026-07-25T01:30Z,19547,22194
2026-07-25T02:00Z,18768,21890
2026-07-25T02:30Z,18456,21477
2026-07-25T03:00Z,17952,21794
2026-07-25T03:30Z,17863,21639
2026-07-25T04:00Z,17406,21237
2026-07-25T04:30Z,17163,20897
2026-07-25T05:00Z,17735,19966
2026-07-25T05:30Z,17700,20444
2026-07-25T06:00Z,18166,21055
2026-07-25T06:30Z,18019,21033
2026-07-25T07:00Z,17957,21091
2026-07-25T07:30Z,17361,20658
2026-07-25T08:00Z,16897,20003
2026-07-25T08:30Z,16190,19778
2026-07-25T09:00Z,15758,19418
2026-07-25T09:30Z,15246,19235
2026-07-25T10:00Z,15060,19175
2026-07-25T10:30Z,14936,19093
2026-07-25T11:00Z,14689,18978
2026-07-25T11:30Z,14543,18685
2026-07-25T12:00Z,14540,18645
2026-07-25T12:30Z,14495,18595
2026-07-25T13:00Z,14679,18572
2026-07-25T13:30Z,15120,18896
2026-07-25T14:00Z,15894,19201
2026-07-25T14:30Z,16517,19794
2026-07-25T15:00Z,17859,20785
2026-07-25T15:30Z,19156,22005
2026-07-25T16:00Z,20930,23772
2026-07-25T16:30Z,22408,24908
2026-07-25T17:00Z,23310,25515
2026-07-25T17:30Z,23628,25725
2026-07-25T18:00Z,24170,26113
2026-07-25T18:30Z,24433,26308
2026-07-25T19:00Z,24915,26593
2026-07-25T19:30Z,24854,26389
2026-07-25T20:00Z,24670,25972
2026-07-25T20:30Z,24618,25689
2026-07-25T21:00Z,23864,24854
2026-07-25T21:30Z,23252,24022
2026-07-25T22:00Z,22425,23261
2026-07-25T22:30Z,21847,22778
2026-07-25T23:00Z,21395,22143
2026-07-25T23:30Z,21018,21824
2026-07-26T00:00Z,20485,21137
2026-07-26T00:30Z,20355,21018
2026-07-26T01:00Z,19196,19710
2026-07-26T01:30Z,18798,19329
2026-07-26T02:00Z,18119,19583
2026-07-26T02:30Z,17832,19525
2026-07-26T03:00Z,17491,19249
2026-07-26T03:30Z,17171,19159
2026-07-26T04:00Z,16687,19561
2026-07-26T04:30Z,16470,19581
2026-07-26T05:00Z,16800,18488
2026-07-26T05:30Z,16859,18651
2026-07-26T06:00Z,16914,19923
2026-07-26T06:30Z,17213,20184
2026-07-26T07:00Z,17825,19741
2026-07-26T07:30Z,17890,19756
2026-07-26T08:00Z,17730,19428
2026-07-26T08:30Z,17827,19537
2026-07-26T09:00Z,17542,19811
2026-07-26T09:30Z,17344,19711
2026-07-26T10:00Z,16794,19978
2026-07-26T10:30Z,15989,19073
2026-07-26T11:00Z,16355,19427
2026-07-26T11:30Z,15961,19191
2026-07-26T12:00Z,15730,19002
2026-07-26T12:30Z,15474,18751
2026-07-26T13:00Z,15387,19038
2026-07-26T13:30Z,15179,18971
2026-07-26T14:00Z,15561,19000
2026-07-26T14:30Z,16235,19275
2026-07-26T15:00Z,17141,19456
2026-07-26T15:30Z,18557,20263
2026-07-26T16:00Z,19491,20506
2026-07-26T16:30Z,20857,21626
2026-07-26T17:00Z,21870,22868
2026-07-26T17:30Z,23201,24328
2026-07-26T18:00Z,23702,24705
2026-07-26T18:30Z,23641,24879
2026-07-26T19:00Z,24009,25334
2026-07-26T19:30Z,23782,25389
2026-07-26T20:00Z,23593,25358
2026-07-26T20:30Z,23173,25005
2026-07-26T21:00Z,22665,24389
2026-07-26T21:30Z,21851,23574
2026-07-26T22:00Z,20736,22604
2026-07-26T22:30Z,20321,22428
2026-07-26T23:00Z,20760,22905
2026-07-26T23:30Z,20288,22480
2026-07-27T00:00Z,20033,22616
2026-07-27T00:30Z,20211,22847
2026-07-27T01:00Z,19656,22299
2026-07-27T01:30Z,19427,22079
2026-07-27T02:00Z,18827,21550
2026-07-27T02:30Z,18544,21327
2026-07-27T03:00Z,18586,20891
2026-07-27T03:30Z,18247,20456
2026-07-27T04:00Z,18201,20135
2026-07-27T04:30Z,18562,20066
2026-07-27T05:00Z,19982,21261
2026-07-27T05:30Z,21084,22514
2026-07-27T06:00Z,22098,23536
2026-07-27T06:30Z,22258,23853
2026-07-27T07:00Z,22639,24230
2026-07-27T07:30Z,22765,24426
2026-07-27T08:00Z,22867,24603
2026-07-27T08:30Z,22942,24532
2026-07-27T09:00Z,22940,24305
2026-07-27T09:30Z,22460,23767
2026-07-27T10:00Z,21797,23232
2026-07-27T10:30Z,21242,22765
2026-07-27T11:00Z,20600,22149
2026-07-27T11:30Z,19913,21393
2026-07-27T12:00Z,19318,20913
2026-07-27T12:30Z,18939,20667
2026-07-27T13:00Z,18894,20668
2026-07-27T13:30Z,18882,20810
2026-07-27T14:00Z,19119,21032
2026-07-27T14:30Z,19573,21254
2026-07-27T15:00Z,20666,22145
2026-07-27T15:30Z,22113,23592
2026-07-27T16:00Z,23889,25364
2026-07-27T16:30Z,25239,26783
2026-07-27T17:00Z,25991,27691
2026-07-27T17:30Z,27170,29019
2026-07-27T18:00Z,27967,29945
2026-07-27T18:30Z,28440,30323
2026-07-27T19:00Z,28179,29823
2026-07-27T19:30Z,27859,29599
2026-07-27T20:00Z,27488,29288
2026-07-27T20:30Z,26708,28385
2026-07-27T21:00Z,25448,27115
2026-07-27T21:30Z,24753,26351
2026-07-27T22:00Z,23493,24835
2026-07-27T22:30Z,23016,24050
2026-07-27T23:00Z,22711,23504
2026-07-27T23:30Z,22233,22800
2026-07-28T00:00Z,22200,22706
2026-07-28T00:30Z,21511,22017
2026-07-28T01:00Z,21249,21843
2026-07-28T01:30Z,20959,21474
2026-07-28T02:00Z,20119,20625
2026-07-28T02:30Z,19798,20304
2026-07-28T03:00Z,19415,20188
2026-07-28T03:30Z,19379,20196
2026-07-28T04:00Z,18824,20716
2026-07-28T04:30Z,19105,21005
2026-07-28T05:00Z,20417,21299
2026-07-28T05:30Z,21433,22276
2026-07-28T06:00Z,23109,23761
2026-07-28T06:30Z,23943,24826
2026-07-28T07:00Z,24682,25741
2026-07-28T07:30Z,24803,25953
2026-07-28T08:00Z,24838,26332
2026-07-28T08:30Z,23692,25167
2026-07-28T09:00Z,22785,24596
2026-07-28T09:30Z,22002,24213
2026-07-28T10:00Z,21396,23958
2026-07-28T10:30Z,21561,24273
2026-07-28T11:00Z,21596,24422
2026-07-28T11:30Z,21207,23938
2026-07-28T12:00Z,21344,23974
2026-07-28T12:30Z,21059,23843
2026-07-28T13:00Z,21214,23827
2026-07-28T13:30Z,21606,24126
2026-07-28T14:00Z,21755,24008
2026-07-28T14:30Z,22497,24040
2026-07-28T15:00Z,23577,24905
2026-07-28T15:30Z,25030,26146
2026-07-28T16:00Z,25627,26383
2026-07-28T16:30Z,27120,28040
2026-07-28T17:00Z,27273,29992
2026-07-28T17:30Z,27986,31004
2026-07-28T18:00Z,28274,31592
2026-07-28T18:30Z,28333,31688
2026-07-28T19:00Z,27996,31556
2026-07-28T19:30Z,27924,31604
2026-07-28T20:00Z,28118,30751
2026-07-28T20:30Z,27450,30195
2026-07-28T21:00Z,26530,29394
2026-07-28T21:30Z,25656,28521
2026-07-28T22:00Z,24778,27690
2026-07-28T22:30Z,23878,26605
2026-07-28T23:00Z,23492,25761
2026-07-28T23:30Z,22905,25150
2026-07-29T00:00Z,22797,24997
2026-07-29T00:30Z,22830,24974
2026-07-29T01:00Z,22298,24661
2026-07-29T01:30Z,22076,24496
2026-07-29T02:00Z,21597,24463
2026-07-29T02:30Z,21319,24098
2026-07-29T03:00Z,21374,24643
2026-07-29T03:30Z,21232,24404
2026-07-29T04:00Z,20779,24568
2026-07-29T04:30Z,20970,24681
2026-07-29T05:00Z,22284,24493
2026-07-29T05:30Z,23067,25342
2026-07-29T06:00Z,24519,26292
2026-07-29T06:30Z,24973,26766
2026-07-29T07:00Z,25880,27669
2026-07-29T07:30Z,25481,27271
2026-07-29T08:00Z,24672,26467
2026-07-29T08:30Z,24026,25820
2026-07-29T09:00Z,23195,25056
2026-07-29T09:30Z,22456,24358
2026-07-29T10:00Z,21937,23839
2026-07-29T10:30Z,21918,23819
2026-07-29T11:00Z,22283,24185
2026-07-29T11:30Z,22096,23998
2026-07-29T12:00Z,22324,24220
2026-07-29T12:30Z,22116,24015
2026-07-29T13:00Z,22181,24080
2026-07-29T13:30Z,22075,23979
2026-07-29T14:00Z,21935,23900
2026-07-29T14:30Z,22496,24460
2026-07-29T15:00Z,23172,25086
2026-07-29T15:30Z,24696,26594
2026-07-29T16:00Z,25572,27417
2026-07-29T16:30Z,26816,28664
2026-07-29T17:00Z,27467,30201
2026-07-29T17:30Z,27875,30671
2026-07-29T18:00Z,28598,31894
2026-07-29T18:30Z,29078,32243
2026-07-29T19:00Z,28858,31586
2026-07-29T19:30Z,28473,31156
2026-07-29T20:00Z,29409,31298
2026-07-29T20:30Z,28480,30519
2026-07-29T21:00Z,27587,29885
2026-07-29T21:30Z,26235,28501
2026-07-29T22:00Z,25008,26777
2026-07-29T22:30Z,24314,26154
2026-07-29T23:00Z,23767,25500
2026-07-29T23:30Z,23488,25066
2026-07-30T00:00Z,23003,24482
2026-07-30T00:30Z,22707,24113
2026-07-30T01:00Z,22421,23942
2026-07-30T01:30Z,22010,23446
2026-07-30T02:00Z,21337,22726
2026-07-30T02:30Z,21023,22423
2026-07-30T03:00Z,20905,22185
2026-07-30T03:30Z,20721,21978
2026-07-30T04:00Z,20439,22097
2026-07-30T04:30Z,20794,22481
2026-07-30T05:00Z,21980,23365
2026-07-30T05:30Z,22912,24463
2026-07-30T06:00Z,24348,26114
2026-07-30T06:30Z,24794,26638
2026-07-30T07:00Z,25149,26964
2026-07-30T07:30Z,24913,26587
2026-07-30T08:00Z,24649,26105
2026-07-30T08:30Z,24110,25380
2026-07-30T09:00Z,23988,25272
2026-07-30T09:30Z,23700,24872
2026-07-30T10:00Z,23134,24457
2026-07-30T10:30Z,22715,24496
2026-07-30T11:00Z,22343,24531
2026-07-30T11:30Z,22223,24481
2026-07-30T12:00Z,21679,24312
2026-07-30T12:30Z,21421,24340
2026-07-30T13:00Z,21709,24950
2026-07-30T13:30Z,21715,25305
2026-07-30T14:00Z,21472,24751
2026-07-30T14:30Z,21883,24835
2026-07-30T15:00Z,21971,23963
2026-07-30T15:30Z,23000,24877
2026-07-30T16:00Z,23703,26911
2026-07-30T16:30Z,25228,28725
2026-07-30T17:00Z,26510,29366
2026-07-30T17:30Z,27194,30081
2026-07-30T18:00Z,27701,30436
2026-07-30T18:30Z,27462,30385
2026-07-30T19:00Z,27601,30478
2026-07-30T19:30Z,27509,30349
2026-07-30T20:00Z,27710,30032
2026-07-30T20:30Z,26971,29251
2026-07-30T21:00Z,26482,28460
2026-07-30T21:30Z,25164,27144
2026-07-30T22:00Z,23881,25840
2026-07-30T22:30Z,23669,25625
2026-07-30T23:00Z,22682,24978
2026-07-30T23:30Z,22728,24968
2026-07-31T00:00Z,22022,24538
2026-07-31T00:30Z,22106,24678
2026-07-31T01:00Z,21463,25462
2026-07-31T01:30Z,21075,25018
2026-07-31T02:00Z,20686,25507
2026-07-31T02:30Z,20546,25280
2026-07-31T03:00Z,20236,24997
2026-07-31T03:30Z,19841,24610
2026-07-31T04:00Z,19654,24435
2026-07-31T04:30Z,19721,24571
2026-07-31T05:00Z,20970,25178
2026-07-31T05:30Z,21750,25928
2026-07-31T06:00Z,23118,25330
2026-07-31T06:30Z,23604,25702
2026-07-31T07:00Z,23860,25708
2026-07-31T07:30Z,23015,24854
2026-07-31T08:00Z,22143,23957
2026-07-31T08:30Z,20671,22434
2026-07-31T09:00Z,19946,21476
2026-07-31T09:30Z,19472,20790
2026-07-31T10:00Z,18823,20312
2026-07-31T10:30Z,18889,20585
2026-07-31T11:00Z,19167,20825
2026-07-31T11:30Z,18640,20326
2026-07-31T12:00Z,18078,19777
2026-07-31T12:30Z,18089,20047
2026-07-31T13:00Z,17774,19833
2026-07-31T13:30Z,16995,19110
2026-07-31T14:00Z,17602,19488
2026-07-31T14:30Z,17802,19497
2026-07-31T15:00Z,18268,19572
2026-07-31T15:30Z,19120,20419
2026-07-31T16:00Z,20014,23138
2026-07-31T16:30Z,21755,25088
2026-07-31T17:00Z,23301,26010
2026-07-31T17:30Z,24340,27124
2026-07-31T18:00Z,25791,28053
2026-07-31T18:30Z,26758,29177
2026-07-31T19:00Z,26278,28835
2026-07-31T19:30Z,26334,28825
2026-07-31T20:00Z,26172,28108
2026-07-31T20:30Z,25697,27722
2026-07-31T21:00Z,24759,26997
2026-07-31T21:30Z,23672,25923
2026-07-31T22:00Z,22490,25309
2026-07-31T22:30Z,21947,24792
2026-07-31T23:00Z,21529,24459
2026-07-31T23:30Z,21166,24020
