location,time,temperature_2m,relative_humidity_2m,dew_point_2m,apparent_temperature,precipitation,cloud_cover,surface_pressure,wind_speed_10m,wind_speed_100m,wind_direction_100m,wind_gusts_10m,shortwave_radiation,direct_normal_irradiance,diffuse_radiation
AT_Vienna,2026-10-01T00:00Z,16.3,59,8.3,14.6,0.0,22,1001.9,8.9,28.2,162,20.5,0.0,0.0,0.0
AU_NSW1_Sydney,2026-10-01T00:00Z,25.7,32,7.7,24.9,0.0,55,1015.7,8.7,12.9,318,23.8,729.0,872.1,103.0
AU_QLD1_Brisbane,2026-10-01T00:00Z,21.7,51,11.1,22.5,0.0,37,1027.1,7.1,10.0,75,22.3,801.0,900.7,103.0
AU_SA1_Adelaide,2026-10-01T00:00Z,19.0,86,16.6,20.2,0.4,90,1011.2,7.4,8.4,222,19.8,336.0,176.7,231.0
AU_TAS1_Hobart,2026-10-01T00:00Z,18.7,55,9.4,16.4,0.0,42,1010.9,14.7,22.3,293,39.6,464.0,373.8,234.0
AU_VIC1_Melbourne,2026-10-01T00:00Z,21.5,68,15.4,22.4,0.2,93,1015.9,6.4,13.2,336,18.7,281.0,108.5,212.0
BE_Brussels,2026-10-01T00:00Z,21.0,85,18.4,21.7,0.0,100,1014.3,16.6,28.8,178,30.6,0.0,0.0,0.0
DE_Berlin,2026-10-01T00:00Z,16.6,59,8.6,14.6,0.0,100,1018.7,11.3,28.4,120,26.3,0.0,0.0,0.0
DE_Hamburg,2026-10-01T00:00Z,16.4,60,8.6,14.5,0.0,100,1018.4,10.1,30.5,130,23.8,0.0,0.0,0.0
DE_Munich,2026-10-01T00:00Z,12.8,87,10.7,12.7,0.0,2,959.8,2.5,10.0,122,6.5,0.0,0.0,0.0
ES_Madrid,2026-10-01T00:00Z,19.2,59,11.0,19.2,0.0,54,943.8,1.4,5.5,243,4.3,0.0,0.0,0.0
FR_Paris,2026-10-01T00:00Z,18.9,85,16.3,20.3,1.0,100,1011.4,5.2,10.9,245,19.1,0.0,0.0,0.0
GB_Glasgow,2026-10-01T00:00Z,13.6,79,10.0,12.2,0.0,0,1009.0,10.1,26.3,180,20.9,0.0,0.0,0.0
GB_London,2026-10-01T00:00Z,16.7,81,13.4,16.2,0.1,96,1011.9,10.4,18.4,250,23.0,0.0,0.0,0.0
GB_Manchester,2026-10-01T00:00Z,14.0,89,12.2,13.0,1.5,100,1006.6,11.5,23.8,208,23.8,0.0,0.0,0.0
NL_Amsterdam,2026-10-01T00:00Z,19.5,92,18.1,20.3,3.7,100,1015.6,14.4,25.6,159,25.9,0.0,0.0,0.0
PL_Warsaw,2026-10-01T00:00Z,12.9,62,5.8,10.0,0.0,100,1018.6,13.0,28.8,135,22.3,0.0,0.0,0.0
US_AZPS_Phoenix,2026-10-01T00:00Z,29.0,36,12.5,29.3,0.0,23,969.6,3.4,4.3,24,16.9,274.0,593.0,68.0
US_BPAT_Portland,2026-10-01T00:00Z,20.1,48,8.8,18.6,0.0,0,1012.4,8.4,14.0,1,11.2,323.0,635.3,77.0
US_CISO_LosAngeles,2026-10-01T00:00Z,26.2,67,19.6,27.9,0.0,4,997.6,13.6,12.1,233,15.8,356.0,612.8,98.0
US_CISO_SanFrancisco,2026-10-01T00:00Z,23.2,52,12.8,21.5,0.0,0,1006.6,18.2,16.9,290,23.0,400.0,702.1,88.0
US_DUK_Charlotte,2026-10-01T00:00Z,22.8,58,14.1,23.6,0.0,0,991.1,3.7,3.1,159,7.2,0.0,0.0,0.0
US_ERCO_Dallas,2026-10-01T00:00Z,27.7,78,23.5,31.4,0.0,69,991.8,14.3,29.2,176,28.8,55.0,27.3,51.0
US_ERCO_Houston,2026-10-01T00:00Z,28.0,79,24.0,31.7,0.0,2,1006.2,16.0,27.7,134,29.5,12.0,14.0,10.0
US_FPL_Miami,2026-10-01T00:00Z,25.3,76,20.8,27.7,0.0,100,1015.3,13.0,30.0,95,24.5,0.0,0.0,0.0
US_ISNE_Boston,2026-10-01T00:00Z,16.9,89,15.1,17.4,0.0,100,1017.0,8.7,21.4,224,17.6,0.0,0.0,0.0
US_MISO_Chicago,2026-10-01T00:00Z,16.9,92,15.6,17.1,0.0,100,980.4,11.7,22.2,205,36.4,0.0,0.0,0.0
US_MISO_Minneapolis,2026-10-01T00:00Z,20.2,88,18.1,22.8,0.0,98,977.4,2.2,14.4,233,5.4,0.0,0.0,0.0
US_NEVP_LasVegas,2026-10-01T00:00Z,34.3,9,-3.1,30.2,0.0,0,938.4,10.8,20.8,342,22.7,320.0,641.6,82.0
US_NYIS_NewYork,2026-10-01T00:00Z,18.4,90,16.7,19.9,0.0,7,1015.5,5.4,14.0,192,9.0,0.0,0.0,0.0
US_PJM_Philadelphia,2026-10-01T00:00Z,20.9,82,17.7,23.0,0.0,9,1017.0,4.6,14.1,220,5.8,0.0,0.0,0.0
US_PSCO_Denver,2026-10-01T00:00Z,18.1,48,6.9,15.5,0.0,74,838.7,12.5,18.5,21,30.2,31.0,0.0,31.0
US_SCL_Seattle,2026-10-01T00:00Z,16.1,68,10.2,14.9,0.0,2,1010.0,8.9,14.5,353,11.5,306.0,622.3,78.0
US_SOCO_Atlanta,2026-10-01T00:00Z,24.4,53,14.2,25.4,0.0,0,980.8,2.6,16.2,122,5.0,0.0,0.0,0.0
US_SWPP_KansasCity,2026-10-01T00:00Z,23.4,90,21.7,27.0,1.1,99,975.5,7.9,17.3,216,16.9,0.0,0.0,0.0
US_SWPP_OklahomaCity,2026-10-01T00:00Z,25.3,87,23.0,28.3,0.0,100,963.5,17.7,37.4,150,44.3,49.0,82.6,37.0
US_TVA_Nashville,2026-10-01T00:00Z,27.0,31,8.4,26.0,0.0,0,997.0,4.3,16.7,186,5.0,0.0,0.0,0.0
VN_DaNang,2026-10-01T00:00Z,27.4,89,25.4,33.9,0.0,0,1012.2,3.6,6.3,178,11.5,140.0,439.3,50.0
VN_HaNoi,2026-10-01T00:00Z,28.4,91,26.8,35.0,0.0,24,1009.6,9.3,13.5,139,20.2,84.0,215.7,49.0
VN_HoChiMinh,2026-10-01T00:00Z,25.9,94,24.9,31.9,0.0,95,1011.6,4.1,6.6,43,12.6,117.0,322.5,56.0
AT_Vienna,2026-10-01T01:00Z,16.1,60,8.3,14.3,0.0,0,1002.0,8.8,32.0,166,20.9,0.0,0.0,0.0
AU_NSW1_Sydney,2026-10-01T01:00Z,27.4,26,6.2,26.9,0.0,58,1015.3,8.9,13.2,314,24.8,845.0,908.5,106.0
AU_QLD1_Brisbane,2026-10-01T01:00Z,22.4,48,10.8,23.4,0.0,5,1026.8,7.7,11.0,69,24.5,868.0,789.2,181.0
AU_SA1_Adelaide,2026-10-01T01:00Z,19.1,85,16.5,20.0,0.6,76,1011.4,9.2,12.1,223,24.5,459.0,365.3,193.0
AU_TAS1_Hobart,2026-10-01T01:00Z,18.9,53,9.1,16.6,0.0,55,1010.7,16.9,25.6,294,44.6,641.0,680.7,157.0
AU_VIC1_Melbourne,2026-10-01T01:00Z,22.3,63,15.0,23.2,0.0,87,1015.5,5.5,9.8,336,18.7,284.0,64.3,236.0
BE_Brussels,2026-10-01T01:00Z,20.8,86,18.4,21.9,0.0,100,1013.9,13.7,26.6,200,26.3,0.0,0.0,0.0
DE_Berlin,2026-10-01T01:00Z,16.0,61,8.5,14.1,0.0,100,1019.0,10.9,28.7,124,25.6,0.0,0.0,0.0
DE_Hamburg,2026-10-01T01:00Z,15.8,62,8.5,13.9,0.0,60,1018.3,10.2,30.6,119,23.8,0.0,0.0,0.0
DE_Munich,2026-10-01T01:00Z,12.3,88,10.4,12.1,0.0,0,960.1,2.6,9.9,96,5.8,0.0,0.0,0.0
ES_Madrid,2026-10-01T01:00Z,18.6,60,10.6,18.4,0.0,73,944.1,2.6,5.3,266,3.2,0.0,0.0,0.0
FR_Paris,2026-10-01T01:00Z,18.8,85,16.2,20.0,0.0,100,1012.5,7.0,15.2,257,14.4,0.0,0.0,0.0
GB_Glasgow,2026-10-01T01:00Z,13.3,81,10.1,12.3,0.0,63,1009.2,7.2,21.6,186,15.1,0.0,0.0,0.0
GB_London,2026-10-01T01:00Z,16.1,85,13.5,16.2,0.0,85,1012.1,6.8,11.2,236,14.8,0.0,0.0,0.0
GB_Manchester,2026-10-01T01:00Z,12.7,92,11.5,12.1,2.3,100,1006.7,7.6,13.3,208,15.5,0.0,0.0,0.0
NL_Amsterdam,2026-10-01T01:00Z,19.3,94,18.3,20.6,0.8,100,1015.6,11.9,25.2,175,21.2,0.0,0.0,0.0
PL_Warsaw,2026-10-01T01:00Z,12.4,67,6.4,9.7,0.0,100,1018.3,11.9,27.4,127,22.7,0.0,0.0,0.0
US_AZPS_Phoenix,2026-10-01T01:00Z,28.6,36,12.1,29.2,0.0,11,969.8,0.5,5.7,55,4.0,34.0,40.9,28.0
US_BPAT_Portland,2026-10-01T01:00Z,18.5,51,8.2,16.9,0.0,13,1012.5,7.6,16.3,8,13.7,146.0,379.1,59.0
US_CISO_LosAngeles,2026-10-01T01:00Z,25.6,62,17.8,27.0,0.0,1,997.6,10.2,10.7,230,11.9,132.0,269.0,71.0
US_CISO_SanFrancisco,2026-10-01T01:00Z,20.0,63,12.8,17.7,0.0,1,1006.7,22.2,14.1,289,29.2,190.0,447.5,71.0
US_DUK_Charlotte,2026-10-01T01:00Z,21.0,62,13.4,21.5,0.0,0,991.6,4.1,7.4,157,5.4,0.0,0.0,0.0
US_ERCO_Dallas,2026-10-01T01:00Z,26.5,81,23.0,30.4,0.0,10,991.9,11.6,34.9,143,28.4,0.0,0.0,0.0
US_ERCO_Houston,2026-10-01T01:00Z,27.4,82,24.0,31.6,0.0,23,1006.1,12.9,28.1,130,31.0,0.0,0.0,0.0
US_FPL_Miami,2026-10-01T01:00Z,25.3,86,22.8,29.0,0.0,100,1016.1,11.4,28.9,94,27.4,0.0,0.0,0.0
US_ISNE_Boston,2026-10-01T01:00Z,16.4,92,15.1,17.3,0.0,9,1017.1,5.8,21.4,224,15.5,0.0,0.0,0.0
US_MISO_Chicago,2026-10-01T01:00Z,17.1,90,15.4,17.4,0.0,100,980.4,10.1,15.1,218,38.9,0.0,0.0,0.0
US_MISO_Minneapolis,2026-10-01T01:00Z,18.9,88,16.8,20.7,0.0,98,977.4,4.2,13.5,241,4.7,0.0,0.0,0.0
US_NEVP_LasVegas,2026-10-01T01:00Z,32.2,10,-3.3,28.5,0.0,0,937.9,7.4,10.1,333,12.2,91.0,220.3,52.0
US_NYIS_NewYork,2026-10-01T01:00Z,18.3,87,16.1,19.8,0.0,49,1015.5,4.6,11.7,189,9.0,0.0,0.0,0.0
US_PJM_Philadelphia,2026-10-01T01:00Z,20.3,79,16.5,22.2,0.0,2,1017.1,2.9,15.9,198,2.9,0.0,0.0,0.0
US_PSCO_Denver,2026-10-01T01:00Z,16.0,60,8.3,14.6,0.0,100,838.2,7.0,15.5,360,10.4,0.0,0.0,0.0
US_SCL_Seattle,2026-10-01T01:00Z,14.6,72,9.6,13.4,0.0,1,1010.1,7.5,17.5,351,14.4,133.0,350.4,58.0
US_SOCO_Atlanta,2026-10-01T01:00Z,23.4,55,13.8,24.0,0.0,0,981.1,4.3,16.6,120,9.0,0.0,0.0,0.0
US_SWPP_KansasCity,2026-10-01T01:00Z,23.2,88,21.1,26.4,0.4,100,975.4,8.6,9.4,187,13.3,0.0,0.0,0.0
US_SWPP_OklahomaCity,2026-10-01T01:00Z,24.7,88,22.6,27.6,0.0,99,963.3,15.6,34.2,181,47.9,0.0,0.0,0.0
US_TVA_Nashville,2026-10-01T01:00Z,24.4,38,9.2,23.4,0.0,11,997.9,5.1,18.4,163,4.7,0.0,0.0,0.0
VN_DaNang,2026-10-01T01:00Z,28.9,83,25.6,35.4,0.0,0,1012.7,4.2,5.8,176,14.4,370.0,652.5,84.0
VN_HaNoi,2026-10-01T01:00Z,29.9,81,26.4,36.0,0.0,30,1010.3,10.3,14.5,157,23.8,267.0,386.4,118.0
VN_HoChiMinh,2026-10-01T01:00Z,27.4,86,24.9,33.5,0.0,98,1012.4,3.1,4.7,50,13.3,334.0,495.1,121.0
AT_Vienna,2026-10-01T02:00Z,16.1,55,7.1,14.0,0.0,0,1002.3,9.4,32.7,162,20.2,0.0,0.0,0.0
AU_NSW1_Sydney,2026-10-01T02:00Z,28.5,23,5.2,27.9,0.0,77,1014.3,9.6,14.1,325,26.3,896.0,919.7,109.0
AU_QLD1_Brisbane,2026-10-01T02:00Z,22.8,47,10.9,24.1,0.0,0,1026.2,8.8,12.3,59,27.0,946.0,899.4,129.0
AU_SA1_Adelaide,2026-10-01T02:00Z,19.6,77,15.4,19.6,0.1,92,1011.2,12.9,18.5,222,32.8,524.0,358.4,232.0
AU_TAS1_Hobart,2026-10-01T02:00Z,19.4,50,8.8,17.3,0.0,61,1010.5,18.0,27.4,294,47.9,715.0,700.5,182.0
AU_VIC1_Melbourne,2026-10-01T02:00Z,21.7,66,15.1,21.8,0.5,100,1015.4,10.8,18.0,322,37.8,420.0,163.2,288.0
BE_Brussels,2026-10-01T02:00Z,20.6,85,18.0,21.6,0.0,100,1014.2,13.7,25.9,208,25.9,0.0,0.0,0.0
DE_Berlin,2026-10-01T02:00Z,15.4,64,8.7,13.8,0.0,92,1019.2,8.8,24.7,132,23.8,0.0,0.0,0.0
DE_Hamburg,2026-10-01T02:00Z,15.2,66,8.9,13.4,0.0,28,1018.6,9.8,29.8,123,22.7,0.0,0.0,0.0
DE_Munich,2026-10-01T02:00Z,12.0,92,10.7,11.8,0.0,5,960.5,2.9,9.6,107,6.1,0.0,0.0,0.0
ES_Madrid,2026-10-01T02:00Z,17.8,64,10.9,17.6,0.0,75,943.9,3.3,6.2,347,6.8,0.0,0.0,0.0
FR_Paris,2026-10-01T02:00Z,18.7,81,15.4,19.4,0.1,100,1013.6,7.6,16.8,248,16.2,0.0,0.0,0.0
GB_Glasgow,2026-10-01T02:00Z,13.2,82,10.2,12.3,0.0,100,1009.2,6.5,20.5,186,14.8,0.0,0.0,0.0
GB_London,2026-10-01T02:00Z,15.8,82,12.7,15.1,0.0,100,1012.6,10.1,17.3,246,21.2,0.0,0.0,0.0
GB_Manchester,2026-10-01T02:00Z,12.8,93,11.7,12.4,1.2,100,1006.6,6.5,13.0,166,13.3,0.0,0.0,0.0
NL_Amsterdam,2026-10-01T02:00Z,19.6,92,18.2,19.9,1.2,100,1015.5,18.4,30.2,158,32.8,0.0,0.0,0.0
PL_Warsaw,2026-10-01T02:00Z,11.9,67,6.0,9.3,0.0,100,1018.1,11.2,27.0,128,23.4,0.0,0.0,0.0
US_AZPS_Phoenix,2026-10-01T02:00Z,27.0,40,12.3,27.3,0.0,0,969.9,3.3,5.4,86,4.0,0.0,0.0,0.0
US_BPAT_Portland,2026-10-01T02:00Z,17.5,53,7.8,15.7,0.0,2,1012.4,8.0,16.3,5,18.0,0.0,0.0,0.0
US_CISO_LosAngeles,2026-10-01T02:00Z,22.8,76,18.4,25.1,0.0,0,997.8,5.6,10.9,226,7.9,0.0,0.0,0.0
US_CISO_SanFrancisco,2026-10-01T02:00Z,17.5,69,11.7,14.6,0.0,4,1006.9,23.7,10.9,287,33.5,0.0,0.0,0.0
US_DUK_Charlotte,2026-10-01T02:00Z,19.2,74,14.5,20.0,0.0,0,991.8,4.4,10.0,167,8.6,0.0,0.0,0.0
US_ERCO_Dallas,2026-10-01T02:00Z,26.2,83,23.1,30.5,0.0,3,992.4,9.3,35.7,161,26.3,0.0,0.0,0.0
US_ERCO_Houston,2026-10-01T02:00Z,27.0,82,23.7,31.4,0.0,100,1007.0,10.6,29.3,135,32.0,0.0,0.0,0.0
US_FPL_Miami,2026-10-01T02:00Z,26.0,86,23.5,30.1,0.0,100,1016.5,11.5,26.7,93,21.6,0.0,0.0,0.0
US_ISNE_Boston,2026-10-01T02:00Z,15.5,90,13.9,15.9,0.0,45,1017.4,6.0,22.3,247,13.7,0.0,0.0,0.0
US_MISO_Chicago,2026-10-01T02:00Z,16.8,89,15.0,17.8,0.0,100,980.6,4.5,17.1,221,14.0,0.0,0.0,0.0
US_MISO_Minneapolis,2026-10-01T02:00Z,18.1,93,16.9,20.4,0.0,98,977.3,1.1,14.9,238,2.9,0.0,0.0,0.0
US_NEVP_LasVegas,2026-10-01T02:00Z,30.8,9,-5.7,27.4,0.0,0,938.1,3.6,5.9,232,3.6,0.0,0.0,0.0
US_NYIS_NewYork,2026-10-01T02:00Z,17.8,92,16.4,19.2,0.0,50,1015.8,5.4,10.7,192,10.1,0.0,0.0,0.0
US_PJM_Philadelphia,2026-10-01T02:00Z,19.2,86,16.8,20.5,0.0,3,1017.4,7.7,16.1,214,11.9,0.0,0.0,0.0
US_PSCO_Denver,2026-10-01T02:00Z,15.8,67,9.7,14.9,0.0,100,838.5,5.9,17.6,28,21.2,0.0,0.0,0.0
US_SCL_Seattle,2026-10-01T02:00Z,12.6,74,8.1,11.2,0.0,0,1010.1,5.8,19.2,355,19.4,0.0,0.0,0.0
US_SOCO_Atlanta,2026-10-01T02:00Z,23.1,58,14.4,23.9,0.0,0,981.4,4.7,20.5,105,15.5,0.0,0.0,0.0
US_SWPP_KansasCity,2026-10-01T02:00Z,22.2,93,21.0,26.1,0.0,100,975.7,2.9,7.4,299,25.2,0.0,0.0,0.0
US_SWPP_OklahomaCity,2026-10-01T02:00Z,24.5,86,22.0,26.3,0.0,100,963.7,22.1,45.0,194,49.7,0.0,0.0,0.0
US_TVA_Nashville,2026-10-01T02:00Z,22.9,45,10.3,22.6,0.0,31,998.3,2.6,23.9,164,7.6,0.0,0.0,0.0
VN_DaNang,2026-10-01T02:00Z,30.3,75,25.3,36.8,0.0,0,1013.2,4.5,5.9,169,16.2,593.0,766.1,102.0
VN_HaNoi,2026-10-01T02:00Z,31.0,75,26.2,37.2,0.0,8,1010.5,9.2,12.5,162,23.8,447.0,471.0,170.0
VN_HoChiMinh,2026-10-01T02:00Z,29.0,78,24.8,35.2,0.0,100,1013.0,2.9,4.3,62,13.7,556.0,647.2,141.0
AT_Vienna,2026-10-01T03:00Z,15.4,56,6.7,13.2,0.0,0,1002.2,9.3,30.6,153,21.6,0.0,0.0,0.0
AU_NSW1_Sydney,2026-10-01T03:00Z,29.2,20,4.2,28.0,0.0,99,1013.4,10.7,15.9,340,28.1,861.0,839.9,154.0
AU_QLD1_Brisbane,2026-10-01T03:00Z,22.9,47,10.9,24.1,0.0,0,1025.5,9.0,12.6,54,27.7,932.0,931.1,107.0
AU_SA1_Adelaide,2026-10-01T03:00Z,18.5,77,14.3,18.1,1.1,100,1011.5,13.4,18.7,219,40.7,570.0,298.4,317.0
AU_TAS1_Hobart,2026-10-01T03:00Z,20.0,44,7.5,17.9,0.0,100,1010.6,17.3,26.1,292,47.9,755.0,802.4,144.0
AU_VIC1_Melbourne,2026-10-01T03:00Z,20.5,74,15.8,22.2,0.6,100,1014.8,2.1,0.5,315,29.2,182.0,9.8,174.0
BE_Brussels,2026-10-01T03:00Z,20.0,91,18.5,21.2,1.8,100,1014.4,13.0,23.8,217,24.8,0.0,0.0,0.0
DE_Berlin,2026-10-01T03:00Z,15.4,64,8.6,13.5,0.0,98,1019.1,10.6,28.6,129,21.6,0.0,0.0,0.0
DE_Hamburg,2026-10-01T03:00Z,14.9,68,9.1,13.2,0.0,100,1018.4,10.2,30.3,126,22.3,0.0,0.0,0.0
DE_Munich,2026-10-01T03:00Z,12.4,95,11.6,12.6,0.0,30,960.5,2.3,4.6,203,6.1,0.0,0.0,0.0
ES_Madrid,2026-10-01T03:00Z,17.2,67,11.0,16.9,0.0,82,944.2,4.6,16.9,36,12.2,0.0,0.0,0.0
FR_Paris,2026-10-01T03:00Z,18.1,83,15.2,18.7,0.0,100,1013.7,8.2,18.2,252,17.6,0.0,0.0,0.0
GB_Glasgow,2026-10-01T03:00Z,12.8,83,10.0,11.9,0.0,100,1009.9,6.5,17.3,178,13.0,0.0,0.0,0.0
GB_London,2026-10-01T03:00Z,15.6,81,12.3,14.9,0.0,43,1013.3,9.7,17.3,242,20.9,0.0,0.0,0.0
GB_Manchester,2026-10-01T03:00Z,12.7,92,11.5,12.0,0.3,100,1007.0,8.3,16.9,180,16.2,0.0,0.0,0.0
NL_Amsterdam,2026-10-01T03:00Z,19.0,92,17.7,19.7,0.0,100,1015.4,14.0,26.3,151,25.2,0.0,0.0,0.0
PL_Warsaw,2026-10-01T03:00Z,11.8,66,5.6,9.1,0.0,100,1018.5,10.8,23.8,115,19.1,0.0,0.0,0.0
US_AZPS_Phoenix,2026-10-01T03:00Z,26.7,42,12.8,26.9,0.0,0,970.5,5.1,5.8,90,9.4,0.0,0.0,0.0
US_BPAT_Portland,2026-10-01T03:00Z,16.5,60,8.7,15.1,0.0,15,1012.9,7.4,16.1,350,10.1,0.0,0.0,0.0
US_CISO_LosAngeles,2026-10-01T03:00Z,22.6,77,18.4,25.2,0.0,2,998.1,3.8,7.4,209,5.4,0.0,0.0,0.0
US_CISO_SanFrancisco,2026-10-01T03:00Z,16.0,72,11.0,14.0,0.0,6,1007.4,16.3,9.4,274,29.2,0.0,0.0,0.0
US_DUK_Charlotte,2026-10-01T03:00Z,18.1,77,14.0,19.0,0.0,0,991.6,2.6,10.8,180,8.6,0.0,0.0,0.0
US_ERCO_Dallas,2026-10-01T03:00Z,26.0,89,24.0,29.8,0.0,7,992.9,15.6,32.5,167,32.4,0.0,0.0,0.0
US_ERCO_Houston,2026-10-01T03:00Z,26.7,87,24.4,31.7,0.0,100,1008.1,9.2,30.1,138,29.5,0.0,0.0,0.0
US_FPL_Miami,2026-10-01T03:00Z,25.6,87,23.3,30.2,0.0,80,1016.2,7.2,28.3,102,22.0,0.0,0.0,0.0
US_ISNE_Boston,2026-10-01T03:00Z,15.0,88,13.0,15.1,0.0,4,1017.1,5.8,19.2,230,11.2,0.0,0.0,0.0
US_MISO_Chicago,2026-10-01T03:00Z,17.0,86,14.6,17.7,0.0,100,980.3,5.8,21.2,215,14.0,0.0,0.0,0.0
US_MISO_Minneapolis,2026-10-01T03:00Z,17.0,91,15.5,18.3,0.0,98,978.0,3.6,15.8,225,4.7,0.0,0.0,0.0
US_NEVP_LasVegas,2026-10-01T03:00Z,28.4,13,-2.7,24.5,0.0,0,938.4,10.0,9.5,217,14.4,0.0,0.0,0.0
US_NYIS_NewYork,2026-10-01T03:00Z,17.7,92,16.3,19.5,0.0,76,1015.7,2.7,7.9,240,6.8,0.0,0.0,0.0
US_PJM_Philadelphia,2026-10-01T03:00Z,19.2,84,16.4,20.7,0.0,87,1017.4,5.1,16.6,210,17.6,0.0,0.0,0.0
US_PSCO_Denver,2026-10-01T03:00Z,15.5,70,10.1,14.4,0.0,100,838.7,7.9,11.4,11,7.9,0.0,0.0,0.0
US_SCL_Seattle,2026-10-01T03:00Z,11.5,74,7.1,10.2,0.0,2,1010.0,3.9,15.1,12,18.7,0.0,0.0,0.0
US_SOCO_Atlanta,2026-10-01T03:00Z,22.6,61,14.7,23.2,0.0,0,981.4,6.5,24.0,109,20.2,0.0,0.0,0.0
US_SWPP_KansasCity,2026-10-01T03:00Z,22.5,91,20.9,24.7,0.0,96,975.7,14.3,2.8,40,24.8,0.0,0.0,0.0
US_SWPP_OklahomaCity,2026-10-01T03:00Z,24.0,89,22.1,26.1,0.0,11,963.9,19.3,34.8,208,55.8,0.0,0.0,0.0
US_TVA_Nashville,2026-10-01T03:00Z,21.4,49,10.2,20.8,0.0,26,998.0,4.3,25.7,169,11.2,0.0,0.0,0.0
VN_DaNang,2026-10-01T03:00Z,31.5,68,25.0,38.8,0.0,4,1013.1,5.2,6.5,138,18.0,773.0,826.3,113.0
VN_HaNoi,2026-10-01T03:00Z,32.2,68,25.6,38.5,0.0,21,1010.4,9.5,12.9,171,24.1,658.0,648.7,172.0
VN_HoChiMinh,2026-10-01T03:00Z,30.2,75,25.2,38.0,0.0,100,1012.8,2.4,3.4,72,14.0,745.0,693.3,185.0
AT_Vienna,2026-10-01T04:00Z,14.8,57,6.3,12.4,0.0,0,1002.6,9.8,29.8,151,22.0,0.0,0.0,0.0
AU_NSW1_Sydney,2026-10-01T04:00Z,29.1,21,4.7,27.4,0.0,100,1012.5,10.4,15.3,3,28.4,754.0,721.1,197.0
AU_QLD1_Brisbane,2026-10-01T04:00Z,22.7,48,11.0,23.3,0.0,2,1025.0,9.3,12.8,61,27.4,832.0,898.0,109.0
AU_SA1_Adelaide,2026-10-01T04:00Z,17.0,87,14.9,17.2,2.3,100,1011.7,10.2,14.7,239,32.4,254.0,37.6,223.0
AU_TAS1_Hobart,2026-10-01T04:00Z,19.4,43,6.4,16.0,0.0,100,1011.0,17.4,27.1,288,45.0,545.0,334.0,307.0
AU_VIC1_Melbourne,2026-10-01T04:00Z,18.3,83,15.5,18.7,0.5,98,1014.7,9.6,14.0,213,29.9,142.0,0.0,142.0
BE_Brussels,2026-10-01T04:00Z,19.8,93,18.6,21.5,0.0,100,1014.5,10.4,18.0,226,25.6,0.0,0.0,0.0
DE_Berlin,2026-10-01T04:00Z,15.0,66,8.7,13.2,0.0,59,1018.9,10.7,28.5,130,24.5,0.0,0.0,0.0
DE_Hamburg,2026-10-01T04:00Z,14.4,71,9.2,12.7,0.0,100,1018.1,10.2,29.5,132,23.0,0.0,0.0,0.0
DE_Munich,2026-10-01T04:00Z,12.4,93,11.3,12.5,0.0,20,960.5,2.3,7.8,252,4.7,0.0,0.0,0.0
ES_Madrid,2026-10-01T04:00Z,17.4,66,11.0,16.8,0.0,91,944.2,6.1,21.5,42,15.5,0.0,0.0,0.0
FR_Paris,2026-10-01T04:00Z,17.6,84,14.9,18.0,0.0,100,1013.8,8.3,18.0,269,19.1,0.0,0.0,0.0
GB_Glasgow,2026-10-01T04:00Z,12.4,85,10.0,11.6,0.0,76,1010.2,5.8,19.8,194,11.9,0.0,0.0,0.0
GB_London,2026-10-01T04:00Z,15.1,84,12.4,14.4,0.0,81,1014.0,9.4,16.9,240,20.2,0.0,0.0,0.0
GB_Manchester,2026-10-01T04:00Z,12.7,94,11.7,12.1,0.2,94,1007.6,7.9,19.4,190,16.2,0.0,0.0,0.0
NL_Amsterdam,2026-10-01T04:00Z,19.1,89,17.2,19.6,0.0,100,1015.4,13.7,26.6,152,27.7,0.0,0.0,0.0
PL_Warsaw,2026-10-01T04:00Z,11.9,65,5.5,9.3,0.0,100,1017.8,10.4,24.8,119,19.8,0.0,0.0,0.0
US_AZPS_Phoenix,2026-10-01T04:00Z,26.4,42,12.4,26.1,0.0,0,971.0,7.0,5.8,86,13.0,0.0,0.0,0.0
US_BPAT_Portland,2026-10-01T04:00Z,15.5,66,9.2,14.4,0.0,22,1013.0,6.5,13.3,347,8.6,0.0,0.0,0.0
US_CISO_LosAngeles,2026-10-01T04:00Z,22.2,78,18.2,25.1,0.0,0,998.7,1.1,8.0,190,6.1,0.0,0.0,0.0
US_CISO_SanFrancisco,2026-10-01T04:00Z,14.9,84,12.2,13.1,0.0,12,1007.8,17.2,8.0,262,28.1,0.0,0.0,0.0
US_DUK_Charlotte,2026-10-01T04:00Z,17.6,78,13.7,17.8,0.0,0,991.6,6.8,7.4,194,7.9,0.0,0.0,0.0
US_ERCO_Dallas,2026-10-01T04:00Z,26.8,81,23.3,30.0,0.0,82,992.9,16.8,37.1,166,37.8,0.0,0.0,0.0
US_ERCO_Houston,2026-10-01T04:00Z,26.7,86,24.2,31.8,0.0,56,1008.4,8.0,30.2,141,34.9,0.0,0.0,0.0
US_FPL_Miami,2026-10-01T04:00Z,25.3,81,21.8,28.4,0.0,22,1016.1,11.5,32.6,119,30.6,0.0,0.0,0.0
US_ISNE_Boston,2026-10-01T04:00Z,14.3,88,12.4,14.2,0.0,38,1016.9,5.9,20.1,243,14.8,0.0,0.0,0.0
US_MISO_Chicago,2026-10-01T04:00Z,16.9,88,14.9,17.8,0.0,100,980.4,5.6,19.2,203,11.5,0.0,0.0,0.0
US_MISO_Minneapolis,2026-10-01T04:00Z,16.6,94,15.6,18.1,0.0,98,978.4,2.8,14.0,244,9.0,0.0,0.0,0.0
US_NEVP_LasVegas,2026-10-01T04:00Z,26.4,17,-0.6,23.4,0.0,0,938.4,5.4,5.2,258,12.2,0.0,0.0,0.0
US_NYIS_NewYork,2026-10-01T04:00Z,17.3,90,15.7,18.9,0.0,48,1015.6,2.1,11.3,248,5.8,0.0,0.0,0.0
US_PJM_Philadelphia,2026-10-01T04:00Z,18.1,89,16.3,19.9,0.0,13,1017.6,2.7,15.0,204,12.2,0.0,0.0,0.0
US_PSCO_Denver,2026-10-01T04:00Z,13.7,82,10.7,13.3,0.0,100,838.6,3.8,14.4,4,6.1,0.0,0.0,0.0
US_SCL_Seattle,2026-10-01T04:00Z,10.8,77,6.9,9.4,0.0,1,1010.3,4.0,12.9,23,20.5,0.0,0.0,0.0
US_SOCO_Atlanta,2026-10-01T04:00Z,22.4,60,14.2,22.0,0.0,0,981.8,12.1,25.4,122,24.8,0.0,0.0,0.0
US_SWPP_KansasCity,2026-10-01T04:00Z,22.1,91,20.5,25.3,0.7,99,975.7,6.4,9.0,29,21.2,0.0,0.0,0.0
US_SWPP_OklahomaCity,2026-10-01T04:00Z,24.3,85,21.6,25.8,0.0,100,964.1,22.2,34.1,202,51.1,0.0,0.0,0.0
US_TVA_Nashville,2026-10-01T04:00Z,20.7,49,9.6,19.7,0.0,9,998.4,5.6,24.2,169,18.4,0.0,0.0,0.0
VN_DaNang,2026-10-01T04:00Z,31.9,67,25.0,39.3,0.0,5,1012.9,8.0,9.8,110,22.7,853.0,778.0,152.0
VN_HaNoi,2026-10-01T04:00Z,33.2,63,25.2,40.2,0.1,20,1009.9,8.5,11.5,178,24.1,774.0,683.1,188.0
VN_HoChiMinh,2026-10-01T04:00Z,31.1,72,25.4,39.9,0.0,100,1012.1,2.1,2.8,105,13.7,870.0,719.6,209.0
AT_Vienna,2026-10-01T05:00Z,14.4,58,6.2,12.3,0.0,0,1003.3,8.0,27.0,153,21.6,0.0,0.0,0.0
AU_NSW1_Sydney,2026-10-01T05:00Z,28.1,33,10.1,26.9,0.0,100,1011.8,10.2,15.5,33,25.6,598.0,622.1,192.0
AU_QLD1_Brisbane,2026-10-01T05:00Z,22.2,48,10.7,21.5,0.0,0,1024.3,10.9,15.5,63,29.5,682.0,883.8,89.0
AU_SA1_Adelaide,2026-10-01T05:00Z,16.4,92,15.1,17.1,2.5,100,1011.2,7.2,10.0,218,24.8,139.0,1.3,138.0
AU_TAS1_Hobart,2026-10-01T05:00Z,18.3,44,5.7,14.7,0.0,100,1011.3,16.9,26.6,292,45.0,335.0,116.5,263.0
AU_VIC1_Melbourne,2026-10-01T05:00Z,15.6,95,14.8,14.2,2.7,100,1015.2,20.3,31.3,186,45.7,175.0,51.6,140.0
BE_Brussels,2026-10-01T05:00Z,19.3,88,17.3,19.6,0.1,100,1015.0,15.5,25.9,238,32.4,0.0,0.0,0.0
DE_Berlin,2026-10-01T05:00Z,14.6,67,8.6,12.9,0.0,96,1019.3,9.2,24.5,131,22.7,0.0,0.0,0.0
DE_Hamburg,2026-10-01T05:00Z,14.0,73,9.2,12.2,0.0,100,1018.0,10.6,29.5,131,24.1,0.0,0.0,0.0
DE_Munich,2026-10-01T05:00Z,11.5,94,10.6,11.4,0.0,49,960.6,2.6,5.7,227,5.8,0.0,0.0,0.0
ES_Madrid,2026-10-01T05:00Z,17.3,66,10.8,16.5,0.0,97,944.7,7.1,22.2,37,17.6,0.0,0.0,0.0
FR_Paris,2026-10-01T05:00Z,17.1,85,14.5,17.2,0.0,100,1014.9,9.2,20.7,261,20.2,0.0,0.0,0.0
GB_Glasgow,2026-10-01T05:00Z,12.2,84,9.5,10.9,0.0,14,1010.9,8.3,23.8,202,17.3,0.0,0.0,0.0
GB_London,2026-10-01T05:00Z,14.9,84,12.2,14.3,0.0,68,1014.8,8.3,15.8,228,17.3,0.0,0.0,0.0
GB_Manchester,2026-10-01T05:00Z,12.8,94,11.9,12.3,0.0,100,1008.2,7.9,20.5,202,16.6,0.0,0.0,0.0
NL_Amsterdam,2026-10-01T05:00Z,18.8,75,14.2,18.6,8.1,100,1015.9,10.4,19.8,273,29.9,0.0,0.0,0.0
PL_Warsaw,2026-10-01T05:00Z,12.0,66,5.9,9.5,0.0,100,1018.3,10.4,22.7,117,20.5,3.0,0.0,3.0
US_AZPS_Phoenix,2026-10-01T05:00Z,25.0,50,13.9,25.4,0.0,0,970.6,6.3,7.7,79,14.0,0.0,0.0,0.0
US_BPAT_Portland,2026-10-01T05:00Z,14.7,72,9.7,13.2,0.0,80,1013.6,9.4,11.9,358,13.0,0.0,0.0,0.0
US_CISO_LosAngeles,2026-10-01T05:00Z,20.8,79,17.1,22.9,0.0,0,998.8,3.1,8.0,185,4.3,0.0,0.0,0.0
US_CISO_SanFrancisco,2026-10-01T05:00Z,14.5,91,13.0,14.0,0.0,7,1007.6,10.1,6.8,252,24.1,0.0,0.0,0.0
US_DUK_Charlotte,2026-10-01T05:00Z,17.0,84,14.2,17.3,0.0,0,991.0,7.3,8.0,190,11.9,0.0,0.0,0.0
US_ERCO_Dallas,2026-10-01T05:00Z,26.6,81,23.1,29.5,0.0,100,992.8,18.0,36.3,173,44.6,0.0,0.0,0.0
US_ERCO_Houston,2026-10-01T05:00Z,26.5,83,23.4,31.0,0.0,6,1008.6,8.9,31.0,147,33.5,0.0,0.0,0.0
US_FPL_Miami,2026-10-01T05:00Z,25.5,78,21.4,28.4,0.0,29,1015.2,11.6,30.8,117,29.2,0.0,0.0,0.0
US_ISNE_Boston,2026-10-01T05:00Z,13.7,90,12.1,13.2,0.0,100,1016.8,7.8,19.2,240,17.6,0.0,0.0,0.0
US_MISO_Chicago,2026-10-01T05:00Z,16.5,89,14.7,17.1,0.0,100,980.6,6.6,14.8,203,14.8,0.0,0.0,0.0
US_MISO_Minneapolis,2026-10-01T05:00Z,15.9,94,15.0,16.9,0.0,100,978.3,4.7,15.8,258,12.2,0.0,0.0,0.0
US_NEVP_LasVegas,2026-10-01T05:00Z,24.9,18,-1.0,21.8,0.0,0,938.1,5.9,3.2,333,8.6,0.0,0.0,0.0
US_NYIS_NewYork,2026-10-01T05:00Z,17.0,90,15.3,18.4,0.0,100,1015.5,2.3,18.1,239,7.6,0.0,0.0,0.0
US_PJM_Philadelphia,2026-10-01T05:00Z,17.9,89,16.1,19.3,0.0,73,1016.9,5.3,16.5,212,10.1,0.0,0.0,0.0
US_PSCO_Denver,2026-10-01T05:00Z,13.6,81,10.4,13.1,0.0,100,838.1,4.0,10.1,354,4.0,0.0,0.0,0.0
US_SCL_Seattle,2026-10-01T05:00Z,10.2,75,6.0,8.4,0.0,5,1010.2,5.1,12.5,12,17.3,0.0,0.0,0.0
US_SOCO_Atlanta,2026-10-01T05:00Z,21.1,67,14.7,20.7,0.0,0,979.7,13.2,22.4,123,23.8,0.0,0.0,0.0
US_SWPP_KansasCity,2026-10-01T05:00Z,21.7,88,19.6,24.3,0.0,100,974.5,7.5,9.7,292,11.5,0.0,0.0,0.0
US_SWPP_OklahomaCity,2026-10-01T05:00Z,24.0,90,22.3,27.4,0.0,50,962.5,12.1,37.8,192,33.8,0.0,0.0,0.0
US_TVA_Nashville,2026-10-01T05:00Z,19.2,56,10.2,18.0,0.0,0,997.5,8.4,22.7,170,20.2,0.0,0.0,0.0
VN_DaNang,2026-10-01T05:00Z,31.7,69,25.2,38.7,0.0,10,1012.2,11.6,14.3,97,29.5,897.0,798.2,146.0
VN_HaNoi,2026-10-01T05:00Z,33.8,60,25.0,41.0,0.1,13,1008.8,7.4,9.9,177,22.7,806.0,671.7,197.0
VN_HoChiMinh,2026-10-01T05:00Z,31.8,69,25.4,41.3,0.0,98,1011.1,1.0,1.5,120,13.3,938.0,775.4,189.0
AT_Vienna,2026-10-01T06:00Z,14.5,57,6.1,12.4,0.0,0,1003.3,8.0,26.6,150,18.0,50.0,152.3,34.0
AU_NSW1_Sydney,2026-10-01T06:00Z,26.7,41,12.5,25.9,0.0,87,1011.7,10.8,17.0,24,24.5,335.0,259.0,208.0
AU_QLD1_Brisbane,2026-10-01T06:00Z,21.3,47,9.4,19.5,0.0,0,1024.5,11.1,16.1,59,29.5,474.0,803.5,78.0
AU_SA1_Adelaide,2026-10-01T06:00Z,16.7,92,15.5,17.8,1.1,71,1010.7,5.2,7.7,169,17.6,136.0,11.2,129.0
AU_TAS1_Hobart,2026-10-01T06:00Z,17.4,46,5.7,14.1,0.0,100,1012.3,15.6,25.3,293,42.1,185.0,22.8,174.0
AU_VIC1_Melbourne,2026-10-01T06:00Z,13.6,90,11.9,11.4,8.1,100,1017.1,18.6,30.6,181,49.7,49.0,0.0,49.0
BE_Brussels,2026-10-01T06:00Z,18.8,89,16.9,19.1,0.0,100,1015.9,14.4,24.1,246,29.5,1.0,0.0,1.0
DE_Berlin,2026-10-01T06:00Z,14.4,69,8.8,12.6,0.0,100,1019.7,10.0,27.8,129,21.6,24.0,25.8,22.0
DE_Hamburg,2026-10-01T06:00Z,13.7,73,9.0,11.9,0.0,100,1018.2,10.7,30.2,138,23.8,10.0,0.0,10.0
DE_Munich,2026-10-01T06:00Z,11.7,92,10.4,11.6,0.0,34,961.0,1.8,8.7,249,5.4,22.0,51.2,18.0
ES_Madrid,2026-10-01T06:00Z,17.2,66,10.8,16.3,0.0,100,944.7,7.3,23.2,33,18.7,0.0,0.0,0.0
FR_Paris,2026-10-01T06:00Z,16.8,82,13.7,16.8,0.0,100,1015.5,7.9,18.7,269,18.7,0.0,0.0,0.0
GB_Glasgow,2026-10-01T06:00Z,11.7,83,8.9,10.1,0.0,43,1011.9,8.6,23.4,206,17.6,0.0,0.0,0.0
GB_London,2026-10-01T06:00Z,14.8,83,11.9,14.1,0.0,0,1015.7,8.3,18.0,236,18.0,0.0,0.0,0.0
GB_Manchester,2026-10-01T06:00Z,12.7,94,11.8,11.9,0.0,81,1009.0,9.4,22.7,210,18.7,0.0,0.0,0.0
NL_Amsterdam,2026-10-01T06:00Z,18.6,72,13.4,19.0,1.1,100,1016.6,4.7,8.3,297,17.6,0.0,0.0,0.0
PL_Warsaw,2026-10-01T06:00Z,12.4,67,6.5,9.8,0.0,100,1018.8,11.5,20.9,115,22.0,61.0,8.0,60.0
US_AZPS_Phoenix,2026-10-01T06:00Z,24.1,53,14.0,24.6,0.0,0,970.0,5.4,11.2,69,13.0,0.0,0.0,0.0
US_BPAT_Portland,2026-10-01T06:00Z,14.2,73,9.5,12.5,0.0,100,1013.2,10.7,10.8,356,14.8,0.0,0.0,0.0
US_CISO_LosAngeles,2026-10-01T06:00Z,19.8,85,17.2,22.0,0.0,2,998.1,2.2,7.3,189,6.5,0.0,0.0,0.0
US_CISO_SanFrancisco,2026-10-01T06:00Z,13.5,96,12.9,12.6,0.0,18,1007.6,12.6,6.2,249,23.4,0.0,0.0,0.0
US_DUK_Charlotte,2026-10-01T06:00Z,16.3,88,14.3,16.7,0.0,2,990.5,6.8,11.2,178,13.7,0.0,0.0,0.0
US_ERCO_Dallas,2026-10-01T06:00Z,26.8,79,22.8,29.1,0.0,97,992.0,21.2,35.9,170,50.4,0.0,0.0,0.0
US_ERCO_Houston,2026-10-01T06:00Z,26.3,84,23.4,31.1,0.0,4,1007.0,6.7,30.4,154,28.4,0.0,0.0,0.0
US_FPL_Miami,2026-10-01T06:00Z,25.5,80,21.8,28.5,0.0,32,1015.0,12.3,32.9,115,31.3,0.0,0.0,0.0
US_ISNE_Boston,2026-10-01T06:00Z,13.2,91,11.8,12.9,0.0,100,1016.5,6.4,20.1,241,16.9,0.0,0.0,0.0
US_MISO_Chicago,2026-10-01T06:00Z,16.4,90,14.7,16.9,0.0,100,980.0,7.4,16.3,223,14.0,0.0,0.0,0.0
US_MISO_Minneapolis,2026-10-01T06:00Z,15.4,99,15.3,17.1,0.0,100,978.4,0.5,14.1,264,13.0,0.0,0.0,0.0
US_NEVP_LasVegas,2026-10-01T06:00Z,23.7,22,0.7,20.7,0.0,0,938.2,6.9,5.5,23,6.8,0.0,0.0,0.0
US_NYIS_NewYork,2026-10-01T06:00Z,17.0,88,15.0,17.8,0.0,100,1015.2,5.8,19.4,248,8.6,0.0,0.0,0.0
US_PJM_Philadelphia,2026-10-01T06:00Z,17.6,93,16.5,19.1,0.0,100,1016.8,4.8,15.7,212,9.7,0.0,0.0,0.0
US_PSCO_Denver,2026-10-01T06:00Z,13.3,85,10.8,12.8,0.0,100,837.4,4.8,11.3,301,6.1,0.0,0.0,0.0
US_SCL_Seattle,2026-10-01T06:00Z,9.8,74,5.4,7.9,0.0,30,1010.1,5.0,14.4,22,11.5,0.0,0.0,0.0
US_SOCO_Atlanta,2026-10-01T06:00Z,20.5,68,14.4,20.1,0.0,0,980.0,12.4,22.6,121,23.8,0.0,0.0,0.0
US_SWPP_KansasCity,2026-10-01T06:00Z,21.4,89,19.5,24.5,0.0,95,974.6,4.0,18.3,196,5.0,0.0,0.0,0.0
US_SWPP_OklahomaCity,2026-10-01T06:00Z,23.7,93,22.5,25.9,0.0,88,964.8,20.4,37.1,178,49.0,0.0,0.0,0.0
US_TVA_Nashville,2026-10-01T06:00Z,18.4,60,10.5,17.4,0.0,0,998.0,7.5,21.7,168,17.3,0.0,0.0,0.0
VN_DaNang,2026-10-01T06:00Z,31.6,63,23.6,37.2,0.0,48,1011.2,13.3,17.5,99,32.8,872.0,793.0,146.0
VN_HaNoi,2026-10-01T06:00Z,34.3,57,24.6,41.4,0.0,16,1007.8,6.7,8.9,173,21.2,813.0,702.7,186.0
VN_HoChiMinh,2026-10-01T06:00Z,31.9,65,24.6,40.2,0.1,75,1010.1,0.8,1.0,248,12.2,841.0,701.3,177.0
