period,BHBA_BASI,BHBA_SDE,BHBA_WYE,CISO_PGAE,CISO_SCE,CISO_SDGE,CISO_VEA,ERCO_COAS,ERCO_EAST,ERCO_FWES,ERCO_NCEN,ERCO_NRTH,ERCO_SCEN,ERCO_SOUT,ERCO_WEST,MISO_0001,MISO_0004,MISO_0006,MISO_0027,MISO_0035,MISO_8910,NYIS_ZONA,NYIS_ZONB,NYIS_ZONC,NYIS_ZOND,NYIS_ZONE,NYIS_ZONF,NYIS_ZONG,NYIS_ZONH,NYIS_ZONI,NYIS_ZONJ,NYIS_ZONK,PJM_AE,PJM_AEP,PJM_AP,PJM_ATSI,PJM_BC,PJM_CE,PJM_DAY,PJM_DEOK,PJM_DOM,PJM_DPL,PJM_DUQ,PJM_EKPC,PJM_JC,PJM_ME,PJM_PE,PJM_PEP,PJM_PL,PJM_PN,PJM_PS,PJM_RECO,PNM_ACMA,PNM_CYGA,PNM_Frep,PNM_Jica,PNM_KAFB,PNM_KCEC,PNM_LAC,PNM_PNM,PNM_TSGT,SWPP_CSWS,SWPP_EDE,SWPP_GRDA,SWPP_INDN,SWPP_KACY,SWPP_KCPL,SWPP_LES,SWPP_MPS,SWPP_NPPD,SWPP_OKGE,SWPP_OPPD,SWPP_SECI,SWPP_SPRM,SWPP_SPS,SWPP_WAUE,SWPP_WFEC,SWPP_WR,SWPW_PRPA,SWPW_WACM,SWPW_WAUW
2026-09-20T11:00Z,176.0,204.0,351.0,9602.0,10010.0,2384.0,42.0,13126.0,1609.0,7415.0,15113.0,1616.0,8517.0,4417.0,1928.0,8734.0,4506.0,9190.0,15611.0,9399.0,19071.0,1318.0,846.0,1331.0,504.0,664.0,1066.0,847.0,182.0,494.0,4596.0,1759.0,1024.0,14967.0,4536.0,6248.0,2906.0,8970.0,1661.0,2672.0,14562.0,1623.0,1246.0,1367.0,1862.0,1311.0,3351.0,2780.0,3659.0,1428.0,3884.0,127.0,2.0,10.0,43.0,1.0,50.0,22.0,64.0,985.0,220.0,4955.0,545.0,1195.0,109.0,240.0,1929.0,411.0,929.0,1650.0,4128.0,1729.0,654.0,346.0,4068.0,3480.0,982.0,3250.0,279.0,1948.0,51.0
2026-09-20T12:00Z,176.0,209.0,354.0,9456.0,9831.0,2230.0,43.0,13110.0,1599.0,7474.0,15050.0,1611.0,8485.0,4426.0,1943.0,8971.0,4552.0,9433.0,15473.0,9179.0,19158.0,1334.0,876.0,1373.0,508.0,692.0,1103.0,886.0,194.0,514.0,4744.0,1810.0,1051.0,15232.0,4664.0,6395.0,2977.0,9071.0,1703.0,2714.0,14790.0,1694.0,1279.0,1371.0,1971.0,1372.0,3464.0,2839.0,3816.0,1481.0,3944.0,130.0,2.0,12.0,42.0,1.0,50.0,23.0,65.0,992.0,214.0,4952.0,551.0,1194.0,109.0,240.0,1942.0,419.0,949.0,1676.0,4098.0,1752.0,656.0,348.0,4038.0,3544.0,985.0,3295.0,283.0,1967.0,51.0
2026-09-20T13:00Z,173.0,219.0,357.0,9449.0,9843.0,2181.0,44.0,13113.0,1571.0,7445.0,15093.0,1619.0,8494.0,4372.0,1947.0,9225.0,4592.0,9697.0,15683.0,9310.0,19019.0,1373.0,899.0,1440.0,543.0,732.0,1157.0,955.0,205.0,543.0,4934.0,1948.0,1104.0,15737.0,4888.0,6683.0,3172.0,9182.0,1788.0,2822.0,15301.0,1794.0,1322.0,1443.0,2085.0,1458.0,3657.0,2982.0,4048.0,1548.0,4064.0,137.0,2.0,13.0,41.0,2.0,50.0,25.0,64.0,1007.0,222.0,4989.0,564.0,1192.0,110.0,238.0,1959.0,432.0,960.0,1716.0,4082.0,1780.0,661.0,350.0,4023.0,3634.0,996.0,3311.0,291.0,2006.0,52.0
2026-09-20T14:00Z,180.0,231.0,357.0,9703.0,10140.0,2204.0,46.0,13976.0,1569.0,7432.0,15754.0,1699.0,8970.0,4543.0,1937.0,9423.0,4736.0,10185.0,16304.0,9735.0,20116.0,1400.0,927.0,1484.0,551.0,753.0,1212.0,1018.0,225.0,568.0,5153.0,2078.0,1133.0,16135.0,5111.0,6973.0,3296.0,9414.0,1919.0,3020.0,15942.0,1857.0,1398.0,1559.0,2214.0,1526.0,3859.0,3110.0,4233.0,1604.0,4229.0,146.0,3.0,12.0,41.0,2.0,49.0,17.0,64.0,996.0,221.0,5326.0,605.0,1231.0,117.0,242.0,2020.0,448.0,1016.0,1766.0,4225.0,1837.0,672.0,374.0,4033.0,3732.0,1050.0,3418.0,298.0,2022.0,53.0
2026-09-20T15:00Z,200.0,244.0,361.0,9955.0,10867.0,2320.0,46.0,15243.0,1684.0,7494.0,17029.0,1793.0,9696.0,4902.0,1941.0,9437.0,4896.0,10781.0,16758.0,10279.0,21862.0,1375.0,917.0,1511.0,558.0,745.0,1238.0,1059.0,238.0,597.0,5334.0,2185.0,1187.0,16628.0,5300.0,7219.0,3374.0,9751.0,2049.0,3315.0,16580.0,1911.0,1453.0,1721.0,2320.0,1577.0,4022.0,3176.0,4364.0,1656.0,4359.0,150.0,2.0,13.0,43.0,1.0,49.0,0.0,64.0,1004.0,225.0,5868.0,665.0,1275.0,122.0,247.0,2086.0,466.0,1090.0,1795.0,4512.0,1904.0,692.0,411.0,4150.0,3797.0,1125.0,3578.0,314.0,2038.0,58.0
2026-09-20T16:00Z,213.0,253.0,367.0,10197.0,13359.0,3037.0,46.0,16683.0,1781.0,7695.0,18721.0,1867.0,10567.0,5311.0,2010.0,9575.0,5078.0,11460.0,17088.0,10758.0,23696.0,1367.0,883.0,1503.0,521.0,746.0,1256.0,1073.0,251.0,614.0,5533.0,2243.0,1167.0,17174.0,5482.0,7361.0,3475.0,10087.0,2144.0,3624.0,17468.0,1978.0,1483.0,1878.0,2410.0,1624.0,4138.0,3324.0,4459.0,1690.0,4532.0,154.0,2.0,13.0,42.0,2.0,51.0,,63.0,1014.0,227.0,6492.0,730.0,1322.0,128.0,257.0,2182.0,483.0,1129.0,1804.0,4884.0,1955.0,704.0,467.0,4306.0,3828.0,1187.0,3758.0,325.0,2065.0,61.0
2026-09-20T17:00Z,211.0,259.0,366.0,10557.0,15490.0,3291.0,48.0,18079.0,1976.0,7766.0,20482.0,1956.0,11517.0,5750.0,2178.0,9787.0,5322.0,12017.0,17297.0,11101.0,25652.0,1372.0,923.0,1494.0,537.0,733.0,1241.0,1098.0,255.0,631.0,5645.0,2288.0,1178.0,17502.0,5686.0,7480.0,3736.0,10241.0,2238.0,3939.0,18351.0,2101.0,1525.0,1956.0,2460.0,1682.0,4261.0,3583.0,4592.0,1711.0,4624.0,157.0,2.0,15.0,44.0,2.0,52.0,,64.0,997.0,237.0,7156.0,810.0,1395.0,138.0,265.0,2282.0,496.0,1208.0,1818.0,5289.0,1991.0,724.0,521.0,4470.0,3862.0,1266.0,3948.0,334.0,2092.0,62.0
2026-09-20T18:00Z,214.0,265.0,364.0,10341.0,15933.0,3167.0,49.0,19336.0,2144.0,7932.0,22095.0,2197.0,12412.0,6103.0,2285.0,9908.0,5548.0,12470.0,17086.0,11592.0,27400.0,1404.0,973.0,1517.0,535.0,693.0,1234.0,1093.0,257.0,636.0,5699.0,2319.0,1254.0,17969.0,5802.0,7603.0,3903.0,10318.0,2319.0,4167.0,19181.0,2197.0,1559.0,2129.0,2501.0,1725.0,4338.0,3753.0,4627.0,1717.0,4680.0,159.0,2.0,14.0,42.0,2.0,53.0,,64.0,1051.0,243.0,7764.0,890.0,1434.0,146.0,270.0,2329.0,504.0,1272.0,1817.0,5614.0,2011.0,746.0,575.0,4657.0,3878.0,1344.0,4148.0,347.0,2138.0,63.0
2026-09-20T19:00Z,213.0,269.0,364.0,9935.0,16088.0,3303.0,54.0,20340.0,2351.0,8096.0,23347.0,2301.0,13110.0,6365.0,2373.0,9903.0,5810.0,12763.0,16631.0,11970.0,28808.0,1422.0,966.0,1541.0,524.0,677.0,1246.0,1090.0,257.0,642.0,5717.0,2342.0,1305.0,18400.0,5884.0,7601.0,4079.0,10282.0,2438.0,4323.0,19816.0,2324.0,1571.0,2325.0,2531.0,1730.0,4404.0,3838.0,4635.0,1710.0,4749.0,161.0,2.0,17.0,41.0,2.0,54.0,,65.0,1104.0,253.0,8212.0,949.0,1458.0,148.0,271.0,2397.0,505.0,1307.0,1843.0,5815.0,2011.0,759.0,625.0,4805.0,3885.0,1394.0,4271.0,369.0,2189.0,63.0
2026-09-20T20:00Z,207.0,268.0,362.0,10138.0,14972.0,2946.0,62.0,20974.0,2530.0,8203.0,24436.0,2387.0,13601.0,6543.0,2443.0,9867.0,6017.0,13085.0,16618.0,12209.0,29633.0,1438.0,972.0,1582.0,524.0,679.0,1271.0,1102.0,259.0,644.0,5767.0,2328.0,1406.0,18938.0,5968.0,7682.0,4169.0,10257.0,2552.0,4419.0,20265.0,2417.0,1578.0,2401.0,2557.0,1752.0,4451.0,3979.0,4660.0,1707.0,4783.0,162.0,2.0,17.0,43.0,2.0,55.0,,67.0,1180.0,262.0,8508.0,984.0,1457.0,148.0,268.0,2416.0,505.0,1333.0,1841.0,5736.0,2011.0,772.0,653.0,4954.0,3861.0,1413.0,4328.0,388.0,2251.0,63.0
2026-09-20T21:00Z,200.0,267.0,361.0,10332.0,14940.0,2654.0,72.0,21340.0,2651.0,8176.0,24954.0,2457.0,14061.0,6678.0,2523.0,9977.0,6204.0,13211.0,16576.0,12428.0,30227.0,1519.0,1003.0,1643.0,536.0,701.0,1305.0,1134.0,265.0,658.0,5827.0,2386.0,1437.0,19360.0,6078.0,7714.0,4279.0,10241.0,2639.0,4503.0,20500.0,2499.0,1573.0,2414.0,2588.0,1814.0,4528.0,4059.0,4795.0,1733.0,4879.0,164.0,2.0,17.0,39.0,2.0,55.0,,66.0,1270.0,273.0,8647.0,989.0,1449.0,148.0,263.0,2439.0,507.0,1335.0,1843.0,5739.0,2008.0,794.0,664.0,5120.0,3874.0,1420.0,4376.0,407.0,2329.0,63.0
2026-09-20T22:00Z,192.0,271.0,357.0,10325.0,15140.0,2793.0,80.0,21560.0,2649.0,7808.0,24960.0,2371.0,14452.0,6727.0,2480.0,10201.0,6336.0,13246.0,16909.0,12569.0,30309.0,1563.0,1093.0,1700.0,532.0,774.0,1357.0,1171.0,272.0,676.0,5891.0,2442.0,1477.0,19446.0,6168.0,7746.0,4356.0,10300.0,2665.0,4522.0,20609.0,2557.0,1577.0,2404.0,2697.0,1846.0,4624.0,4105.0,4898.0,1757.0,4965.0,167.0,2.0,18.0,41.0,2.0,55.0,,67.0,1364.0,277.0,8664.0,938.0,1440.0,148.0,263.0,2433.0,510.0,1341.0,1865.0,5885.0,2029.0,804.0,662.0,5215.0,3907.0,1425.0,4433.0,422.0,2405.0,64.0
2026-09-20T23:00Z,200.0,271.0,368.0,10788.0,14501.0,2695.0,87.0,21373.0,2709.0,7702.0,23942.0,2360.0,14452.0,6753.0,2463.0,10465.0,6455.0,13050.0,16990.0,12563.0,30345.0,1582.0,1106.0,1743.0,522.0,836.0,1401.0,1183.0,277.0,684.0,5945.0,2476.0,1511.0,19122.0,6173.0,7703.0,4361.0,10278.0,2583.0,4436.0,20580.0,2555.0,1575.0,2324.0,2721.0,1856.0,4674.0,4098.0,4923.0,1757.0,5084.0,169.0,3.0,18.0,42.0,2.0,56.0,2.0,69.0,1462.0,283.0,8433.0,865.0,1420.0,149.0,261.0,2410.0,518.0,1316.0,1903.0,5942.0,2054.0,801.0,606.0,5241.0,3924.0,1408.0,4430.0,435.0,2486.0,64.0
2026-09-21T00:00Z,209.0,276.0,370.0,11014.0,14263.0,2952.0,94.0,20583.0,2715.0,7548.0,22288.0,2081.0,14159.0,6583.0,2429.0,10675.0,6382.0,12666.0,17108.0,12299.0,29425.0,1616.0,1142.0,1756.0,527.0,870.0,1386.0,1177.0,278.0,689.0,5990.0,2492.0,1541.0,18963.0,6142.0,7690.0,4413.0,10399.0,2511.0,4275.0,20385.0,2540.0,1565.0,2229.0,2801.0,1862.0,4719.0,4109.0,4918.0,1771.0,5223.0,172.0,2.0,19.0,43.0,2.0,56.0,5.0,69.0,1541.0,290.0,8030.0,785.0,1394.0,145.0,260.0,2347.0,518.0,1257.0,1910.0,5811.0,2057.0,790.0,534.0,5230.0,3899.0,1380.0,4321.0,449.0,2568.0,61.0
2026-09-21T01:00Z,191.0,274.0,372.0,11812.0,13909.0,2930.0,94.0,19858.0,2593.0,7545.0,21369.0,2129.0,13733.0,6385.0,2376.0,10897.0,6268.0,12455.0,17255.0,12151.0,28476.0,1591.0,1122.0,1723.0,512.0,842.0,1329.0,1135.0,269.0,677.0,5963.0,2436.0,1510.0,18745.0,6091.0,7628.0,4336.0,10430.0,2327.0,4075.0,19900.0,2443.0,1533.0,2174.0,2738.0,1811.0,4662.0,4059.0,4768.0,1760.0,5186.0,169.0,2.0,18.0,40.0,2.0,55.0,24.0,72.0,1550.0,299.0,7660.0,756.0,1369.0,140.0,277.0,2282.0,520.0,1223.0,1904.0,5640.0,2071.0,775.0,504.0,5199.0,3878.0,1350.0,4199.0,438.0,2581.0,62.0
2026-09-21T02:00Z,190.0,276.0,373.0,12233.0,13457.0,3018.0,88.0,19348.0,2480.0,7634.0,20705.0,2186.0,13261.0,6297.0,2321.0,10815.0,6023.0,11769.0,16817.0,11775.0,27330.0,1532.0,1051.0,1627.0,506.0,790.0,1265.0,1085.0,253.0,653.0,5858.0,2356.0,1445.0,17911.0,5812.0,7373.0,4128.0,10301.0,2138.0,3819.0,19048.0,2293.0,1486.0,2033.0,2604.0,1741.0,4543.0,3896.0,4555.0,1683.0,5072.0,164.0,2.0,17.0,40.0,2.0,55.0,25.0,72.0,1504.0,289.0,7326.0,730.0,1354.0,134.0,272.0,2215.0,519.0,1185.0,1908.0,5480.0,2059.0,755.0,476.0,5057.0,3851.0,1326.0,4081.0,434.0,2566.0,63.0
2026-09-21T03:00Z,197.0,270.0,369.0,12409.0,13533.0,2939.0,81.0,18650.0,2422.0,7624.0,19806.0,2021.0,12583.0,6110.0,2219.0,10344.0,5683.0,11059.0,16184.0,11239.0,26088.0,1451.0,974.0,1532.0,505.0,730.0,1188.0,1031.0,236.0,619.0,5642.0,2261.0,1361.0,17019.0,5479.0,7012.0,3857.0,9972.0,2001.0,3516.0,18132.0,2154.0,1417.0,1836.0,2448.0,1627.0,4346.0,3668.0,4275.0,1629.0,4870.0,155.0,2.0,16.0,42.0,2.0,54.0,24.0,70.0,1431.0,281.0,6918.0,692.0,1324.0,127.0,267.0,2153.0,499.0,1160.0,1858.0,5202.0,1996.0,726.0,455.0,4876.0,3760.0,1259.0,3902.0,422.0,2497.0,60.0
2026-09-21T04:00Z,198.0,255.0,363.0,12413.0,13264.0,2944.0,74.0,17713.0,2307.0,7819.0,18598.0,1861.0,11697.0,5815.0,2111.0,9777.0,5324.0,10399.0,15473.0,10862.0,24569.0,1391.0,912.0,1456.0,492.0,687.0,1126.0,961.0,221.0,582.0,5380.0,2129.0,1269.0,16104.0,5157.0,6657.0,3539.0,9583.0,1900.0,3245.0,17151.0,1991.0,1351.0,1650.0,2271.0,1527.0,4030.0,3399.0,4031.0,1562.0,4610.0,146.0,2.0,16.0,44.0,2.0,53.0,22.0,69.0,1353.0,259.0,6461.0,644.0,1293.0,118.0,260.0,2034.0,475.0,1084.0,1789.0,4897.0,1910.0,691.0,429.0,4690.0,3648.0,1175.0,3650.0,398.0,2390.0,60.0
2026-09-21T05:00Z,200.0,239.0,358.0,12005.0,13092.0,2909.0,67.0,16834.0,2216.0,7776.0,17390.0,1798.0,10931.0,5484.0,2011.0,9250.0,4991.0,9793.0,15247.0,10462.0,23185.0,1347.0,867.0,1380.0,504.0,663.0,1085.0,904.0,205.0,557.0,5134.0,2020.0,1197.0,15559.0,4929.0,6462.0,3281.0,9156.0,1806.0,3033.0,16360.0,1859.0,1296.0,1527.0,2130.0,1447.0,3811.0,3123.0,3840.0,1517.0,4368.0,140.0,2.0,14.0,44.0,2.0,52.0,26.0,68.0,1263.0,244.0,5991.0,606.0,1269.0,111.0,251.0,1935.0,455.0,1024.0,1703.0,4582.0,1826.0,661.0,403.0,4500.0,3559.0,1117.0,3438.0,366.0,2254.0,59.0
2026-09-21T06:00Z,193.0,223.0,355.0,11319.0,12482.0,2745.0,60.0,16043.0,2075.0,7633.0,16323.0,1691.0,10257.0,5173.0,1992.0,8949.0,4797.0,9406.0,15370.0,9968.0,22243.0,1304.0,838.0,1341.0,492.0,638.0,1054.0,865.0,201.0,525.0,4894.0,1913.0,1130.0,15130.0,4760.0,6247.0,3079.0,8832.0,1735.0,2876.0,15715.0,1736.0,1249.0,1354.0,2010.0,1395.0,3604.0,2916.0,3713.0,1476.0,4145.0,134.0,2.0,13.0,44.0,2.0,51.0,24.0,67.0,1172.0,231.0,5610.0,568.0,1244.0,103.0,244.0,1837.0,436.0,958.0,1668.0,4311.0,1761.0,644.0,374.0,4361.0,3484.0,1057.0,3247.0,331.0,2128.0,56.0
2026-09-21T07:00Z,195.0,214.0,354.0,10593.0,11777.0,2557.0,54.0,15378.0,2009.0,7588.0,15437.0,1642.0,9719.0,4979.0,1969.0,8752.0,4629.0,9166.0,15374.0,9630.0,21458.0,1273.0,824.0,1318.0,482.0,629.0,1037.0,835.0,196.0,498.0,4703.0,1835.0,1079.0,14806.0,4663.0,6205.0,2942.0,8563.0,1675.0,2781.0,15315.0,1678.0,1203.0,1309.0,1950.0,1359.0,3450.0,2784.0,3628.0,1460.0,3975.0,129.0,2.0,12.0,43.0,2.0,50.0,23.0,66.0,1106.0,221.0,5345.0,542.0,1226.0,98.0,234.0,1748.0,422.0,904.0,1650.0,4115.0,1722.0,635.0,357.0,4264.0,3465.0,997.0,3123.0,309.0,2045.0,52.0
2026-09-21T08:00Z,192.0,210.0,354.0,10319.0,11129.0,2764.0,50.0,15096.0,1928.0,7549.0,14828.0,1616.0,9327.0,4795.0,1911.0,8638.0,4433.0,8989.0,15288.0,9415.0,20786.0,1257.0,820.0,1315.0,486.0,625.0,1034.0,820.0,188.0,483.0,4564.0,1786.0,1050.0,14664.0,4616.0,6139.0,2855.0,8382.0,1642.0,2709.0,15085.0,1645.0,1197.0,1221.0,1880.0,1340.0,3381.0,2724.0,3591.0,1441.0,3880.0,127.0,3.0,12.0,45.0,2.0,50.0,22.0,66.0,1062.0,214.0,5165.0,529.0,1221.0,94.0,231.0,1698.0,414.0,886.0,1639.0,4009.0,1707.0,637.0,344.0,4193.0,3483.0,972.0,3054.0,296.0,1994.0,55.0
2026-09-21T09:00Z,187.0,207.0,353.0,9911.0,10642.0,2622.0,47.0,14917.0,1872.0,7559.0,14510.0,1625.0,9127.0,4693.0,1799.0,8627.0,4421.0,9013.0,15443.0,9309.0,20459.0,1255.0,834.0,1343.0,507.0,641.0,1052.0,821.0,188.0,481.0,4548.0,1791.0,1040.0,14789.0,4654.0,6217.0,2844.0,8327.0,1647.0,2706.0,15084.0,1652.0,1216.0,1234.0,1895.0,1369.0,3432.0,2753.0,3665.0,1480.0,3894.0,127.0,2.0,11.0,42.0,2.0,50.0,22.0,66.0,1026.0,213.0,5060.0,525.0,1222.0,92.0,231.0,1681.0,415.0,876.0,1642.0,3939.0,1709.0,632.0,336.0,4178.0,3457.0,981.0,3029.0,286.0,1959.0,52.0
2026-09-21T10:00Z,196.0,207.0,353.0,9613.0,10245.0,2462.0,45.0,14985.0,1899.0,7587.0,14490.0,1666.0,9047.0,4682.0,1800.0,8783.0,4413.0,9317.0,15596.0,9381.0,20245.0,1303.0,883.0,1405.0,539.0,695.0,1121.0,850.0,195.0,502.0,4711.0,1849.0,1066.0,15238.0,4818.0,6513.0,2934.0,8517.0,1720.0,2803.0,15448.0,1731.0,1235.0,1275.0,1969.0,1456.0,3587.0,2936.0,3887.0,1587.0,4043.0,131.0,2.0,11.0,41.0,2.0,50.0,23.0,65.0,1016.0,207.0,5073.0,535.0,1218.0,95.0,236.0,1710.0,419.0,893.0,1646.0,3951.0,1733.0,641.0,336.0,4173.0,3472.0,987.0,3076.0,280.0,1942.0,48.0
2026-09-21T11:00Z,197.0,212.0,355.0,9464.0,10102.0,2392.0,44.0,15264.0,1965.0,7552.0,14915.0,1663.0,9176.0,4712.0,1894.0,9124.0,4508.0,9874.0,16782.0,9345.0,20570.0,1414.0,981.0,1558.0,556.0,772.0,1214.0,911.0,203.0,542.0,5092.0,1957.0,1127.0,16075.0,5178.0,6978.0,3097.0,9034.0,1861.0,2992.0,15974.0,1869.0,1288.0,1414.0,2095.0,1601.0,3813.0,3143.0,4289.0,1724.0,4285.0,141.0,2.0,12.0,43.0,2.0,50.0,23.0,64.0,1018.0,209.0,5200.0,562.0,1231.0,98.0,243.0,1791.0,437.0,942.0,1703.0,4056.0,1791.0,669.0,351.0,4194.0,3544.0,1014.0,3238.0,280.0,1962.0,48.0
2026-09-21T12:00Z,193.0,227.0,362.0,9765.0,10341.0,2423.0,45.0,15525.0,2039.0,7508.0,15639.0,1683.0,9500.0,4857.0,1948.0,10135.0,4806.0,10368.0,17673.0,9875.0,21215.0,1498.0,1040.0,1589.0,565.0,770.0,1233.0,935.0,212.0,575.0,5398.0,2043.0,1140.0,16586.0,5357.0,7223.0,3156.0,9837.0,1957.0,3093.0,16301.0,1927.0,1362.0,1534.0,2164.0,1670.0,4020.0,3232.0,4492.0,1831.0,4420.0,149.0,2.0,12.0,42.0,2.0,51.0,24.0,64.0,1043.0,223.0,5431.0,606.0,1249.0,104.0,261.0,1927.0,473.0,1001.0,1804.0,4234.0,1898.0,697.0,377.0,4261.0,3716.0,1052.0,3493.0,294.0,2038.0,49.0
2026-09-21T13:00Z,190.0,254.0,370.0,10378.0,11007.0,2437.0,49.0,15505.0,1959.0,7521.0,15944.0,1692.0,9661.0,4866.0,1982.0,10792.0,4976.0,10484.0,18278.0,10341.0,21426.0,1538.0,1065.0,1487.0,557.0,701.0,1172.0,897.0,224.0,593.0,5647.0,2137.0,1107.0,16868.0,5439.0,7475.0,3230.0,10291.0,1980.0,3115.0,16574.0,1935.0,1383.0,1595.0,2198.0,1707.0,4138.0,3281.0,4515.0,1856.0,4428.0,159.0,2.0,14.0,41.0,2.0,53.0,27.0,66.0,1108.0,233.0,5538.0,631.0,1257.0,107.0,272.0,2009.0,507.0,1071.0,1917.0,4362.0,1987.0,726.0,398.0,4318.0,3864.0,1071.0,3645.0,319.0,2161.0,53.0
2026-09-21T14:00Z,205.0,265.0,375.0,11285.0,11733.0,2541.0,52.0,16088.0,1965.0,7523.0,16492.0,1714.0,9994.0,4961.0,2006.0,10848.0,5069.0,10500.0,18279.0,10574.0,22072.0,1531.0,1062.0,1402.0,540.0,630.0,1061.0,770.0,216.0,586.0,5757.0,2196.0,1061.0,17095.0,5552.0,7606.0,3283.0,10538.0,2017.0,3126.0,16813.0,1943.0,1386.0,1629.0,2154.0,1733.0,4242.0,3309.0,4535.0,1901.0,4306.0,162.0,2.0,14.0,42.0,2.0,55.0,20.0,67.0,1109.0,234.0,5709.0,646.0,1264.0,111.0,279.0,2040.0,521.0,1088.0,1946.0,4441.0,2007.0,730.0,411.0,4267.0,3871.0,1082.0,3728.0,337.0,2204.0,55.0
2026-09-21T15:00Z,223.0,265.0,375.0,12007.0,12491.0,2705.0,53.0,17308.0,2056.0,7692.0,17596.0,1779.0,10698.0,5274.0,2077.0,10881.0,5139.0,10729.0,18493.0,10737.0,23336.0,1520.0,1033.0,1331.0,526.0,582.0,976.0,694.0,213.0,574.0,5788.0,2182.0,1066.0,17457.0,5661.0,7676.0,3350.0,10648.0,2042.0,3161.0,17332.0,1950.0,1404.0,1740.0,2080.0,1745.0,4350.0,3308.0,4546.0,1918.0,4178.0,163.0,2.0,15.0,44.0,2.0,57.0,,70.0,1110.0,233.0,6066.0,669.0,1293.0,115.0,280.0,2100.0,534.0,1122.0,1976.0,4551.0,2041.0,743.0,429.0,4310.0,3915.0,1127.0,3812.0,342.0,2190.0,60.0
2026-09-21T16:00Z,223.0,269.0,365.0,11859.0,13782.0,2751.0,54.0,18508.0,2386.0,7838.0,19022.0,1875.0,11398.0,5662.0,2175.0,10905.0,5113.0,10891.0,18677.0,10881.0,24969.0,1491.0,990.0,1257.0,447.0,542.0,952.0,686.0,212.0,573.0,5846.0,2111.0,1078.0,17777.0,5762.0,7688.0,3485.0,10679.0,2046.0,3152.0,17826.0,1955.0,1416.0,1866.0,2018.0,1774.0,4447.0,3435.0,4604.0,1928.0,4120.0,165.0,2.0,17.0,43.0,2.0,58.0,,71.0,1107.0,232.0,6562.0,691.0,1326.0,118.0,287.0,2179.0,545.0,1144.0,1996.0,4743.0,2071.0,755.0,449.0,4389.0,3933.0,1168.0,3917.0,351.0,2180.0,61.0
2026-09-21T17:00Z,222.0,273.0,367.0,11905.0,15308.0,2765.0,54.0,19616.0,2421.0,8000.0,20729.0,2019.0,12280.0,6080.0,2296.0,10913.0,5153.0,10876.0,18699.0,11054.0,26540.0,1485.0,943.0,1257.0,507.0,524.0,902.0,692.0,217.0,578.0,5948.0,2082.0,1092.0,18002.0,5875.0,7766.0,3580.0,10664.0,2069.0,3163.0,18263.0,2017.0,1412.0,1987.0,2047.0,1806.0,4584.0,3511.0,4703.0,1936.0,4194.0,169.0,3.0,19.0,40.0,2.0,60.0,,72.0,1109.0,236.0,7085.0,718.0,1374.0,123.0,292.0,2233.0,557.0,1170.0,2039.0,4999.0,2092.0,767.0,459.0,4475.0,3941.0,1214.0,3993.0,352.0,2197.0,58.0
2026-09-21T18:00Z,216.0,275.0,366.0,11177.0,15307.0,3152.0,58.0,20669.0,2360.0,8009.0,22615.0,2235.0,13253.0,6381.0,2467.0,10946.0,5184.0,10945.0,18747.0,11127.0,28175.0,1495.0,912.0,1259.0,495.0,507.0,875.0,719.0,228.0,601.0,6005.0,2034.0,1106.0,18341.0,5859.0,7853.0,3684.0,10683.0,2085.0,3186.0,18551.0,2102.0,1400.0,2109.0,2197.0,1830.0,4691.0,3543.0,4794.0,1903.0,4401.0,174.0,2.0,19.0,36.0,2.0,62.0,,74.0,1137.0,246.0,7566.0,767.0,1407.0,130.0,299.0,2270.0,568.0,1206.0,2050.0,5298.0,2099.0,782.0,482.0,4588.0,3942.0,1284.0,4093.0,361.0,2227.0,60.0
2026-09-21T19:00Z,220.0,276.0,372.0,10664.0,16504.0,2854.0,68.0,21603.0,2450.0,7917.0,24175.0,2380.0,14044.0,6601.0,2587.0,10950.0,5208.0,11022.0,18601.0,11180.0,29483.0,1475.0,935.0,1234.0,480.0,502.0,862.0,794.0,243.0,624.0,6099.0,2033.0,1160.0,18455.0,5814.0,7854.0,3630.0,10783.0,2067.0,3151.0,18611.0,2120.0,1390.0,2207.0,2343.0,1803.0,4669.0,3501.0,4782.0,1863.0,4725.0,184.0,2.0,19.0,37.0,2.0,63.0,,74.0,1199.0,257.0,7855.0,811.0,1433.0,135.0,304.0,2290.0,580.0,1218.0,2073.0,5517.0,2133.0,794.0,519.0,4706.0,3975.0,1320.0,4173.0,375.0,2263.0,60.0
2026-09-21T20:00Z,218.0,277.0,380.0,10143.0,17463.0,3614.0,72.0,22227.0,2563.0,7995.0,25444.0,2496.0,14598.0,6831.0,2661.0,10909.0,5254.0,11156.0,18422.0,11147.0,30230.0,1466.0,940.0,1272.0,480.0,527.0,852.0,847.0,261.0,657.0,6188.0,2191.0,1201.0,18440.0,5774.0,7734.0,3608.0,10844.0,2023.0,3175.0,18643.0,2113.0,1377.0,2198.0,2476.0,1787.0,4623.0,3503.0,4742.0,1819.0,5001.0,186.0,2.0,21.0,40.0,2.0,64.0,,76.0,1300.0,268.0,7974.0,830.0,1413.0,135.0,296.0,2292.0,588.0,1233.0,2088.0,5600.0,2144.0,821.0,545.0,4862.0,3962.0,1339.0,4243.0,393.0,2321.0,62.0
2026-09-21T21:00Z,215.0,274.0,387.0,9983.0,17904.0,3172.0,78.0,22413.0,2548.0,7691.0,26407.0,2304.0,15053.0,6877.0,2633.0,10938.0,5244.0,11081.0,18268.0,11080.0,30495.0,1517.0,986.0,1407.0,490.0,609.0,973.0,959.0,266.0,670.0,6198.0,2379.0,1235.0,18326.0,5782.0,7694.0,3624.0,10780.0,2001.0,3155.0,18778.0,2130.0,1393.0,2168.0,2551.0,1785.0,4614.0,3537.0,4797.0,1831.0,5105.0,187.0,2.0,21.0,42.0,2.0,64.0,,77.0,1409.0,283.0,7994.0,824.0,1405.0,136.0,298.0,2302.0,568.0,1229.0,2087.0,5659.0,2135.0,835.0,553.0,4928.0,3949.0,1363.0,4359.0,406.0,2382.0,62.0
2026-09-21T22:00Z,214.0,274.0,386.0,10577.0,17465.0,3174.0,85.0,21761.0,2543.0,7531.0,26710.0,2229.0,15290.0,6941.0,2656.0,10994.0,5293.0,11012.0,18132.0,11010.0,30041.0,1572.0,1055.0,1634.0,515.0,755.0,1215.0,1092.0,287.0,698.0,6179.0,2471.0,1264.0,18253.0,5831.0,7658.0,3641.0,10754.0,1999.0,3105.0,18748.0,2169.0,1381.0,2233.0,2632.0,1798.0,4620.0,3498.0,4892.0,1862.0,5234.0,189.0,2.0,20.0,41.0,2.0,64.0,,77.0,1478.0,289.0,8010.0,830.0,1397.0,138.0,294.0,2295.0,592.0,1229.0,2075.0,5677.0,2136.0,845.0,554.0,4972.0,3911.0,1368.0,4452.0,421.0,2448.0,63.0
2026-09-21T23:00Z,224.0,274.0,386.0,10892.0,17148.0,3558.0,79.0,20470.0,2552.0,7645.0,26417.0,2314.0,15202.0,7007.0,2553.0,11097.0,5369.0,10923.0,18005.0,10974.0,29423.0,1613.0,1111.0,1756.0,550.0,844.0,1361.0,1164.0,298.0,699.0,6015.0,2533.0,1289.0,17909.0,5807.0,7566.0,3659.0,10789.0,1981.0,3073.0,18634.0,2184.0,1380.0,2174.0,2660.0,1816.0,4601.0,3408.0,4910.0,1872.0,5261.0,186.0,2.0,21.0,44.0,2.0,63.0,2.0,78.0,1546.0,301.0,7950.0,827.0,1379.0,135.0,290.0,2279.0,586.0,1218.0,2043.0,5548.0,2136.0,855.0,551.0,4949.0,3910.0,1372.0,4491.0,444.0,2541.0,53.0
2026-09-22T00:00Z,223.0,272.0,385.0,12033.0,16440.0,3419.0,78.0,19629.0,2715.0,7290.0,25576.0,2197.0,14526.0,6880.0,2489.0,11113.0,5391.0,10870.0,18096.0,10907.0,28528.0,1663.0,1151.0,1797.0,598.0,877.0,1402.0,1193.0,305.0,698.0,5975.0,2587.0,1305.0,17840.0,5815.0,7623.0,3709.0,10803.0,1959.0,3042.0,18551.0,2191.0,1367.0,2107.0,2738.0,1830.0,4613.0,3420.0,4945.0,1878.0,5341.0,187.0,2.0,19.0,42.0,2.0,61.0,19.0,77.0,1607.0,293.0,7682.0,812.0,1366.0,134.0,287.0,2250.0,567.0,1209.0,2025.0,5410.0,2108.0,845.0,530.0,4902.0,3914.0,1344.0,4424.0,460.0,2597.0,53.0
2026-09-22T01:00Z,205.0,268.0,385.0,12878.0,14963.0,3253.0,80.0,19274.0,2649.0,7426.0,23658.0,2162.0,13995.0,6643.0,2411.0,11296.0,5431.0,10982.0,18296.0,10917.0,27827.0,1625.0,1124.0,1745.0,549.0,853.0,1348.0,1157.0,286.0,669.0,5831.0,2504.0,1266.0,17633.0,5717.0,7564.0,3650.0,10996.0,1958.0,3017.0,18108.0,2102.0,1346.0,2038.0,2655.0,1785.0,4505.0,3344.0,4811.0,1847.0,5230.0,182.0,2.0,19.0,41.0,2.0,57.0,29.0,76.0,1605.0,291.0,7345.0,786.0,1353.0,138.0,290.0,2263.0,555.0,1193.0,2027.0,5263.0,2105.0,823.0,515.0,4839.0,3897.0,1302.0,4295.0,454.0,2599.0,52.0
2026-09-22T02:00Z,211.0,271.0,385.0,13364.0,14263.0,3300.0,79.0,18944.0,2522.0,7630.0,22507.0,2138.0,13473.0,6507.0,2371.0,11286.0,5314.0,10619.0,17749.0,10681.0,26705.0,1571.0,1064.0,1659.0,525.0,799.0,1273.0,1096.0,265.0,632.0,5636.0,2360.0,1202.0,16975.0,5496.0,7391.0,3486.0,10801.0,1882.0,2868.0,17450.0,1987.0,1319.0,1890.0,2525.0,1702.0,4327.0,3204.0,4586.0,1749.0,5041.0,172.0,2.0,18.0,44.0,2.0,56.0,25.0,76.0,1542.0,291.0,7017.0,759.0,1319.0,133.0,283.0,2226.0,548.0,1179.0,2014.0,5132.0,2085.0,806.0,494.0,4773.0,3888.0,1277.0,4169.0,447.0,2575.0,52.0
2026-09-22T03:00Z,219.0,262.0,380.0,13407.0,14173.0,3110.0,75.0,18345.0,2352.0,7640.0,21312.0,2021.0,12867.0,6202.0,2298.0,10804.0,5090.0,10096.0,16830.0,10345.0,25582.0,1493.0,985.0,1560.0,520.0,749.0,1187.0,1021.0,250.0,592.0,5351.0,2202.0,1121.0,16196.0,5183.0,7031.0,3247.0,10420.0,1785.0,2679.0,16621.0,1839.0,1281.0,1728.0,2344.0,1579.0,4034.0,3001.0,4281.0,1654.0,4758.0,161.0,3.0,17.0,43.0,2.0,55.0,24.0,75.0,1484.0,283.0,6606.0,709.0,1275.0,123.0,273.0,2121.0,526.0,1124.0,1917.0,4903.0,2013.0,773.0,465.0,4643.0,3814.0,1226.0,3926.0,426.0,2513.0,52.0
2026-09-22T04:00Z,219.0,245.0,374.0,13285.0,13932.0,3051.0,71.0,17406.0,2249.0,7591.0,19815.0,1882.0,12102.0,5822.0,2193.0,10261.0,4816.0,9562.0,15974.0,10197.0,24113.0,1427.0,919.0,1475.0,512.0,706.0,1123.0,940.0,226.0,548.0,5016.0,2016.0,1033.0,15414.0,4935.0,6634.0,2988.0,9873.0,1685.0,2507.0,15831.0,1698.0,1185.0,1516.0,2185.0,1489.0,3739.0,2774.0,3997.0,1570.0,4448.0,149.0,2.0,16.0,43.0,2.0,54.0,22.0,74.0,1406.0,270.0,6115.0,658.0,1252.0,113.0,256.0,1984.0,493.0,1052.0,1868.0,4610.0,1927.0,736.0,434.0,4478.0,3694.0,1139.0,3650.0,402.0,2418.0,49.0
2026-09-22T05:00Z,215.0,226.0,358.0,12787.0,13776.0,2974.0,66.0,16403.0,2043.0,7599.0,18303.0,1780.0,11263.0,5394.0,2097.0,9630.0,4607.0,8939.0,15658.0,9772.0,22641.0,1384.0,875.0,1403.0,511.0,672.0,1089.0,886.0,214.0,520.0,4717.0,1880.0,970.0,14854.0,4711.0,6393.0,2800.0,9332.0,1611.0,2379.0,15269.0,1591.0,1139.0,1357.0,1989.0,1412.0,3531.0,2577.0,3787.0,1499.0,4185.0,139.0,2.0,14.0,42.0,2.0,53.0,26.0,74.0,1316.0,253.0,5641.0,607.0,1227.0,102.0,246.0,1846.0,456.0,969.0,1762.0,4342.0,1832.0,704.0,402.0,4331.0,3562.0,1067.0,3373.0,370.0,2280.0,48.0
2026-09-22T06:00Z,208.0,211.0,362.0,11910.0,13036.0,2758.0,59.0,15553.0,1933.0,7568.0,17195.0,1692.0,10554.0,5103.0,2029.0,9277.0,4363.0,8756.0,15955.0,9373.0,21688.0,1321.0,847.0,1356.0,504.0,647.0,1067.0,839.0,197.0,491.0,4470.0,1777.0,928.0,14458.0,4542.0,6251.0,2657.0,8944.0,1564.0,2286.0,14818.0,1523.0,1118.0,1213.0,1910.0,1361.0,3361.0,2444.0,3672.0,1463.0,3966.0,132.0,2.0,13.0,44.0,2.0,53.0,25.0,73.0,1225.0,245.0,5294.0,566.0,1207.0,94.0,236.0,1749.0,431.0,915.0,1703.0,4131.0,1764.0,680.0,375.0,4218.0,3482.0,1023.0,3199.0,335.0,2164.0,45.0
2026-09-22T07:00Z,211.0,202.0,359.0,11150.0,12167.0,2556.0,54.0,14966.0,1844.0,7478.0,16073.0,1637.0,9964.0,4933.0,1941.0,9035.0,4243.0,8560.0,16158.0,9151.0,20857.0,1287.0,831.0,1328.0,502.0,639.0,1044.0,809.0,190.0,469.0,4301.0,1711.0,904.0,14192.0,4495.0,6165.0,2568.0,8624.0,1528.0,2221.0,14562.0,1484.0,1106.0,1156.0,1830.0,1330.0,3256.0,2372.0,3603.0,1448.0,3817.0,127.0,2.0,12.0,43.0,2.0,53.0,23.0,73.0,1162.0,229.0,5064.0,544.0,1196.0,90.0,231.0,1683.0,420.0,886.0,1681.0,3988.0,1727.0,663.0,360.0,4137.0,3442.0,994.0,3084.0,312.0,2089.0,44.0
2026-09-22T08:00Z,201.0,198.0,357.0,11030.0,11498.0,2708.0,50.0,14513.0,1786.0,7290.0,15321.0,1607.0,9460.0,4781.0,1960.0,8885.0,4194.0,8440.0,15998.0,8996.0,20232.0,1273.0,822.0,1318.0,503.0,639.0,1040.0,797.0,184.0,454.0,4194.0,1674.0,891.0,14133.0,4430.0,6142.0,2520.0,8444.0,1517.0,2200.0,14463.0,1464.0,1103.0,1116.0,1785.0,1316.0,3137.0,2346.0,3572.0,1481.0,3727.0,125.0,2.0,12.0,44.0,2.0,52.0,23.0,71.0,1124.0,227.0,4910.0,529.0,1191.0,87.0,223.0,1634.0,410.0,855.0,1668.0,3888.0,1710.0,652.0,346.0,4091.0,3423.0,972.0,2998.0,294.0,2041.0,41.0
2026-09-22T09:00Z,204.0,195.0,355.0,10547.0,11013.0,2523.0,47.0,14284.0,1752.0,7208.0,14870.0,1596.0,9182.0,4682.0,1922.0,8824.0,4136.0,8528.0,16073.0,8884.0,19739.0,1283.0,834.0,1344.0,506.0,654.0,1061.0,800.0,184.0,455.0,4195.0,1685.0,896.0,14258.0,4526.0,6203.0,2551.0,8360.0,1537.0,2223.0,14561.0,1478.0,1109.0,1096.0,1809.0,1351.0,3129.0,2375.0,3641.0,1521.0,3744.0,125.0,2.0,12.0,44.0,2.0,53.0,23.0,71.0,1093.0,222.0,4802.0,525.0,1183.0,86.0,229.0,1609.0,403.0,845.0,1644.0,3815.0,1703.0,650.0,339.0,4056.0,3416.0,960.0,2969.0,285.0,1995.0,41.0
2026-09-22T10:00Z,200.0,194.0,354.0,10374.0,10964.0,2374.0,46.0,14359.0,1729.0,7295.0,14777.0,1612.0,9097.0,4687.0,1919.0,8980.0,4182.0,8784.0,16139.0,8791.0,19674.0,1335.0,878.0,1395.0,538.0,699.0,1114.0,837.0,195.0,477.0,4390.0,1781.0,938.0,14784.0,4704.0,6525.0,2677.0,8488.0,1622.0,2346.0,14961.0,1561.0,1149.0,1134.0,1887.0,1430.0,3295.0,2556.0,3848.0,1609.0,3902.0,130.0,2.0,11.0,43.0,2.0,53.0,21.0,70.0,1076.0,214.0,4796.0,530.0,1184.0,88.0,224.0,1624.0,408.0,861.0,1667.0,3810.0,1722.0,655.0,344.0,4052.0,3447.0,959.0,2999.0,280.0,1976.0,41.0
2026-09-22T11:00Z,198.0,201.0,356.0,10134.0,10766.0,2299.0,45.0,14690.0,1791.0,7318.0,15131.0,1635.0,9212.0,4733.0,1933.0,9448.0,4321.0,9276.0,16939.0,8882.0,19782.0,1441.0,971.0,1543.0,569.0,783.0,1222.0,916.0,214.0,532.0,4851.0,1931.0,1020.0,15697.0,4997.0,6977.0,2922.0,8933.0,1785.0,2563.0,15724.0,1717.0,1214.0,1220.0,2072.0,1571.0,3608.0,2815.0,4234.0,1774.0,4206.0,141.0,2.0,12.0,43.0,2.0,53.0,21.0,70.0,1083.0,217.0,4934.0,558.0,1196.0,91.0,225.0,1694.0,425.0,898.0,1708.0,3905.0,1770.0,677.0,359.0,4088.0,3530.0,974.0,3136.0,284.0,1986.0,40.0
2026-09-22T12:00Z,200.0,215.0,361.0,10210.0,10519.0,2294.0,46.0,15152.0,1871.0,7414.0,15828.0,1693.0,9547.0,4903.0,1968.0,10321.0,4630.0,9758.0,18137.0,9493.0,20411.0,1498.0,1002.0,1553.0,569.0,768.0,1262.0,951.0,221.0,569.0,5263.0,2035.0,1068.0,16210.0,5176.0,7383.0,3060.0,9673.0,1897.0,2687.0,16180.0,1791.0,1274.0,1256.0,2183.0,1659.0,3850.0,2969.0,4458.0,1862.0,4393.0,152.0,3.0,12.0,44.0,2.0,55.0,25.0,71.0,1111.0,225.0,5241.0,613.0,1219.0,97.0,242.0,1828.0,461.0,956.0,1808.0,4095.0,1882.0,713.0,387.0,4181.0,3722.0,1009.0,3376.0,298.0,2061.0,42.0
2026-09-22T13:00Z,194.0,243.0,372.0,10596.0,11011.0,2373.0,49.0,15197.0,1862.0,7397.0,16009.0,1751.0,9590.0,4875.0,1969.0,10830.0,4712.0,9756.0,18728.0,9956.0,20581.0,1462.0,924.0,1353.0,518.0,579.0,1182.0,940.0,231.0,594.0,5541.0,2087.0,1091.0,16322.0,5368.0,7528.0,3108.0,10011.0,1930.0,2707.0,16321.0,1819.0,1334.0,1241.0,2243.0,1682.0,3916.0,3052.0,4531.0,1881.0,4493.0,161.0,2.0,14.0,43.0,2.0,57.0,27.0,73.0,1172.0,239.0,5358.0,646.0,1220.0,100.0,254.0,1918.0,483.0,1007.0,1915.0,4242.0,1956.0,733.0,405.0,4250.0,3850.0,1018.0,3533.0,322.0,2189.0,44.0
2026-09-22T14:00Z,209.0,259.0,377.0,11457.0,11848.0,2486.0,52.0,15754.0,1819.0,7519.0,16491.0,1794.0,9922.0,4905.0,1858.0,10537.0,4689.0,9847.0,18912.0,10080.0,21147.0,1401.0,807.0,1146.0,496.0,439.0,995.0,885.0,234.0,591.0,5667.0,2070.0,1085.0,16500.0,5465.0,7646.0,3141.0,10180.0,1964.0,2762.0,16534.0,1842.0,1362.0,1241.0,2214.0,1693.0,3999.0,3085.0,4540.0,1875.0,4470.0,164.0,2.0,15.0,42.0,2.0,58.0,21.0,75.0,1166.0,240.0,5576.0,659.0,1254.0,101.0,260.0,1951.0,491.0,1027.0,1872.0,4318.0,1983.0,741.0,409.0,4256.0,3859.0,1036.0,3590.0,338.0,2223.0,43.0
2026-09-22T15:00Z,214.0,263.0,379.0,11986.0,12547.0,2623.0,52.0,16930.0,1826.0,7627.0,17597.0,1857.0,10632.0,5252.0,2072.0,10229.0,4646.0,9873.0,19053.0,10182.0,22158.0,1381.0,782.0,990.0,465.0,389.0,822.0,755.0,226.0,573.0,5711.0,2041.0,1075.0,16672.0,5465.0,7733.0,3163.0,10158.0,1991.0,2808.0,16666.0,1851.0,1409.0,1251.0,2191.0,1702.0,4075.0,3096.0,4500.0,1901.0,4460.0,164.0,2.0,16.0,44.0,2.0,60.0,10.0,75.0,1198.0,238.0,5978.0,667.0,1281.0,104.0,263.0,1979.0,495.0,1036.0,1866.0,4447.0,2014.0,751.0,419.0,4271.0,3860.0,1073.0,3636.0,345.0,2205.0,45.0
2026-09-22T16:00Z,215.0,265.0,383.0,12054.0,14165.0,2969.0,52.0,18187.0,2018.0,7747.0,18930.0,1925.0,11328.0,5553.0,2163.0,10145.0,4593.0,9844.0,18814.0,10421.0,23852.0,1376.0,789.0,987.0,449.0,371.0,758.0,678.0,208.0,573.0,5731.0,1995.0,1063.0,16761.0,5502.0,7763.0,3165.0,10147.0,2010.0,2828.0,16802.0,1851.0,1413.0,1265.0,2158.0,1707.0,4093.0,3096.0,4473.0,1895.0,4413.0,162.0,2.0,17.0,42.0,2.0,61.0,16.0,75.0,1230.0,240.0,6434.0,676.0,1316.0,108.0,271.0,1980.0,503.0,1033.0,1863.0,4649.0,2030.0,765.0,428.0,4266.0,3896.0,1099.0,3704.0,346.0,2201.0,47.0
2026-09-22T17:00Z,212.0,269.0,387.0,12093.0,15892.0,3219.0,52.0,19454.0,2197.0,7877.0,20541.0,2006.0,12114.0,5837.0,2258.0,10104.0,4629.0,10106.0,18335.0,10571.0,25604.0,1382.0,787.0,1044.0,443.0,381.0,788.0,688.0,204.0,560.0,5762.0,1907.0,1045.0,16936.0,5463.0,7703.0,3177.0,10195.0,2017.0,2847.0,17013.0,1845.0,1416.0,1287.0,2160.0,1709.0,4116.0,3094.0,4489.0,1903.0,4300.0,162.0,2.0,18.0,43.0,2.0,62.0,11.0,75.0,1244.0,243.0,6938.0,682.0,1333.0,111.0,273.0,2028.0,507.0,1036.0,1864.0,4880.0,2039.0,785.0,439.0,4358.0,3905.0,1123.0,3819.0,353.0,2221.0,46.0
2026-09-22T18:00Z,209.0,271.0,391.0,11272.0,17215.0,3021.0,52.0,20558.0,2462.0,7857.0,22201.0,2078.0,12930.0,6100.0,2372.0,10250.0,4564.0,10156.0,18330.0,10595.0,27146.0,1405.0,758.0,1087.0,455.0,401.0,847.0,811.0,219.0,568.0,5845.0,1937.0,1055.0,16985.0,5425.0,7781.0,3179.0,10242.0,2034.0,2867.0,17153.0,1833.0,1425.0,1316.0,2189.0,1719.0,4116.0,3083.0,4498.0,1919.0,4422.0,166.0,2.0,19.0,43.0,2.0,63.0,6.0,76.0,1256.0,245.0,7450.0,725.0,1365.0,115.0,282.0,2103.0,525.0,1070.0,1882.0,5174.0,2047.0,811.0,466.0,4457.0,3916.0,1172.0,3970.0,368.0,2264.0,46.0
2026-09-22T19:00Z,213.0,276.0,394.0,10988.0,17686.0,2916.0,55.0,21540.0,2641.0,7878.0,23786.0,2161.0,13715.0,6401.0,2463.0,10320.0,4569.0,10142.0,18306.0,10524.0,28557.0,1425.0,746.0,1099.0,441.0,423.0,923.0,930.0,232.0,584.0,5906.0,2065.0,1071.0,17017.0,5380.0,7805.0,3169.0,10276.0,2019.0,2855.0,16958.0,1845.0,1415.0,1328.0,2221.0,1701.0,4090.0,3083.0,4512.0,1878.0,4497.0,168.0,2.0,19.0,43.0,2.0,63.0,4.0,76.0,1288.0,254.0,7918.0,760.0,1380.0,119.0,289.0,2173.0,528.0,1114.0,1903.0,5431.0,2054.0,831.0,497.0,4571.0,3925.0,1236.0,4147.0,388.0,2344.0,47.0
2026-09-22T20:00Z,217.0,279.0,394.0,10629.0,18483.0,2780.0,60.0,22246.0,2694.0,7891.0,25006.0,2276.0,14307.0,6653.0,2539.0,10290.0,4573.0,10041.0,18162.0,10444.0,29284.0,1429.0,760.0,1165.0,442.0,452.0,1007.0,970.0,240.0,613.0,5897.0,2120.0,1073.0,16985.0,5394.0,7706.0,3181.0,10200.0,1987.0,2849.0,16918.0,1856.0,1392.0,1336.0,2233.0,1692.0,4077.0,3096.0,4542.0,1841.0,4543.0,170.0,2.0,21.0,41.0,2.0,63.0,5.0,78.0,1317.0,255.0,8193.0,782.0,1376.0,128.0,295.0,2225.0,526.0,1150.0,1927.0,5635.0,2048.0,852.0,518.0,4665.0,3952.0,1293.0,4299.0,418.0,2423.0,48.0
2026-09-22T21:00Z,213.0,283.0,397.0,10660.0,18273.0,3013.0,67.0,22738.0,2798.0,7633.0,25639.0,2368.0,14780.0,6800.0,2465.0,10286.0,4628.0,10009.0,17983.0,10438.0,29412.0,1436.0,813.0,1280.0,463.0,509.0,1112.0,1017.0,245.0,626.0,5943.0,2197.0,1109.0,17024.0,5449.0,7676.0,3222.0,10210.0,1983.0,2853.0,17069.0,1883.0,1411.0,1352.0,2314.0,1704.0,4107.0,3125.0,4573.0,1848.0,4735.0,171.0,3.0,20.0,44.0,2.0,63.0,11.0,78.0,1321.0,263.0,8386.0,800.0,1396.0,130.0,295.0,2286.0,529.0,1182.0,1989.0,5816.0,2035.0,871.0,530.0,4737.0,3933.0,1360.0,4419.0,438.0,2517.0,49.0
2026-09-22T22:00Z,220.0,288.0,399.0,10902.0,17343.0,2661.0,74.0,22775.0,2787.0,7375.0,26064.0,2215.0,14933.0,6733.0,2431.0,10487.0,4789.0,9954.0,17945.0,10463.0,28997.0,1491.0,951.0,1458.0,508.0,646.0,1229.0,1085.0,255.0,645.0,5951.0,2293.0,1137.0,17038.0,5536.0,7654.0,3290.0,10311.0,1988.0,2860.0,17062.0,1933.0,1385.0,1371.0,2402.0,1731.0,4161.0,3151.0,4612.0,1837.0,4784.0,171.0,2.0,20.0,43.0,2.0,62.0,26.0,78.0,1316.0,264.0,8410.0,816.0,1394.0,135.0,294.0,2314.0,531.0,1172.0,2030.0,5930.0,2042.0,884.0,531.0,4764.0,3937.0,1401.0,4504.0,461.0,2601.0,51.0
2026-09-22T23:00Z,221.0,288.0,399.0,11051.0,16744.0,2882.0,82.0,22362.0,2775.0,7236.0,25966.0,2262.0,14706.0,6537.0,2380.0,10797.0,4986.0,9933.0,17995.0,10445.0,28723.0,1570.0,1086.0,1678.0,569.0,816.0,1334.0,1130.0,272.0,650.0,5837.0,2368.0,1160.0,16968.0,5540.0,7675.0,3333.0,10399.0,1980.0,2845.0,16968.0,1965.0,1378.0,1376.0,2490.0,1736.0,4172.0,3148.0,4633.0,1839.0,4883.0,173.0,2.0,20.0,40.0,2.0,60.0,28.0,76.0,1373.0,270.0,8256.0,818.0,1383.0,140.0,288.0,2322.0,532.0,1211.0,1995.0,5877.0,2042.0,883.0,521.0,4735.0,3956.0,1403.0,4530.0,484.0,2672.0,53.0
2026-09-23T00:00Z,220.0,285.0,400.0,11596.0,16542.0,2915.0,87.0,21433.0,2772.0,6937.0,25189.0,2202.0,14108.0,6270.0,2411.0,11085.0,5060.0,10012.0,18147.0,10452.0,27886.0,1603.0,1135.0,1752.0,585.0,875.0,1374.0,1154.0,273.0,653.0,5732.0,2427.0,1182.0,17043.0,5609.0,7717.0,3387.0,10530.0,1992.0,2858.0,16936.0,1976.0,1386.0,1377.0,2568.0,1767.0,4189.0,3135.0,4699.0,1887.0,4969.0,175.0,2.0,17.0,35.0,2.0,57.0,29.0,76.0,1357.0,261.0,7926.0,792.0,1364.0,138.0,283.0,2255.0,531.0,1194.0,2002.0,5674.0,2032.0,860.0,503.0,4659.0,3949.0,1373.0,4436.0,501.0,2699.0,53.0
2026-09-23T01:00Z,207.0,279.0,399.0,12783.0,15898.0,3236.0,89.0,20730.0,2753.0,6982.0,24169.0,2137.0,13493.0,6101.0,2289.0,11334.0,5199.0,10157.0,18359.0,10480.0,27249.0,1589.0,1124.0,1718.0,579.0,855.0,1334.0,1118.0,264.0,626.0,5520.0,2341.0,1148.0,16992.0,5497.0,7695.0,3315.0,10742.0,1992.0,2871.0,16643.0,1914.0,1355.0,1391.0,2510.0,1722.0,4093.0,3050.0,4572.0,1858.0,4852.0,171.0,2.0,18.0,33.0,2.0,54.0,30.0,75.0,1331.0,259.0,7537.0,754.0,1333.0,133.0,276.0,2197.0,522.0,1158.0,1988.0,5448.0,2040.0,840.0,480.0,4568.0,3940.0,1316.0,4265.0,483.0,2669.0,54.0
2026-09-23T02:00Z,208.0,279.0,394.0,13612.0,15119.0,3255.0,86.0,20075.0,2587.0,7026.0,23225.0,2071.0,12960.0,6109.0,2244.0,11246.0,5110.0,10009.0,17851.0,10308.0,26439.0,1530.0,1065.0,1637.0,552.0,803.0,1265.0,1058.0,251.0,591.0,5285.0,2203.0,1089.0,16485.0,5313.0,7498.0,3171.0,10571.0,1907.0,2766.0,16116.0,1810.0,1325.0,1321.0,2375.0,1640.0,3935.0,2924.0,4332.0,1775.0,4667.0,163.0,2.0,17.0,33.0,2.0,54.0,25.0,75.0,1313.0,268.0,7209.0,729.0,1306.0,126.0,273.0,2159.0,513.0,1137.0,2003.0,5291.0,2030.0,827.0,458.0,4532.0,3913.0,1290.0,4133.0,476.0,2646.0,52.0
2026-09-23T03:00Z,214.0,268.0,391.0,13548.0,14958.0,3213.0,80.0,19163.0,2399.0,6773.0,21693.0,1761.0,12315.0,5902.0,2100.0,10824.0,4899.0,9690.0,16960.0,9916.0,25173.0,1446.0,992.0,1533.0,548.0,743.0,1180.0,983.0,232.0,550.0,4974.0,2052.0,1018.0,15828.0,5048.0,7135.0,2963.0,10209.0,1802.0,2594.0,15422.0,1683.0,1271.0,1215.0,2208.0,1540.0,3673.0,2738.0,4059.0,1685.0,4399.0,152.0,2.0,16.0,39.0,2.0,54.0,24.0,75.0,1303.0,270.0,6809.0,685.0,1253.0,115.0,261.0,2049.0,494.0,1066.0,1945.0,5025.0,1966.0,799.0,429.0,4452.0,3838.0,1245.0,3894.0,454.0,2591.0,49.0
2026-09-23T04:00Z,212.0,250.0,384.0,13454.0,14496.0,3271.0,74.0,18153.0,2271.0,6711.0,20145.0,1711.0,11580.0,5541.0,1998.0,10238.0,4669.0,9114.0,16088.0,9434.0,23597.0,1389.0,921.0,1443.0,544.0,695.0,1120.0,909.0,212.0,507.0,4619.0,1877.0,949.0,15160.0,4800.0,6669.0,2746.0,9704.0,1705.0,2446.0,14751.0,1562.0,1212.0,1109.0,2020.0,1446.0,3416.0,2546.0,3789.0,1600.0,4109.0,141.0,2.0,16.0,32.0,2.0,54.0,23.0,74.0,1252.0,255.0,6310.0,630.0,1223.0,105.0,248.0,1905.0,461.0,977.0,1859.0,4730.0,1881.0,776.0,395.0,4342.0,3726.0,1179.0,3600.0,431.0,2493.0,47.0
2026-09-23T05:00Z,215.0,232.0,377.0,12949.0,14389.0,3046.0,67.0,17380.0,2153.0,6752.0,18847.0,1619.0,11029.0,5367.0,2011.0,9624.0,4397.0,8791.0,15925.0,9053.0,22422.0,1334.0,878.0,1367.0,537.0,669.0,1081.0,855.0,203.0,481.0,4325.0,1756.0,901.0,14577.0,4606.0,6400.0,2594.0,9210.0,1637.0,2341.0,14327.0,1476.0,1169.0,1034.0,1909.0,1379.0,3232.0,2360.0,3606.0,1514.0,3882.0,132.0,2.0,14.0,35.0,2.0,53.0,26.0,73.0,1204.0,245.0,5816.0,579.0,1200.0,95.0,236.0,1760.0,433.0,904.0,1768.0,4425.0,1796.0,749.0,360.0,4219.0,3626.0,1110.0,3308.0,388.0,2358.0,43.0
2026-09-23T06:00Z,215.0,216.0,369.0,12178.0,13516.0,2924.0,60.0,16410.0,2062.0,7139.0,17616.0,1697.0,10495.0,5054.0,1861.0,9286.0,4256.0,8534.0,16305.0,9005.0,21305.0,1299.0,851.0,1321.0,534.0,652.0,1057.0,815.0,192.0,457.0,4115.0,1669.0,866.0,14308.0,4461.0,6249.0,2476.0,8876.0,1582.0,2267.0,13974.0,1419.0,1135.0,987.0,1829.0,1326.0,3116.0,2235.0,3497.0,1492.0,3709.0,126.0,3.0,12.0,35.0,2.0,53.0,24.0,72.0,1139.0,237.0,5456.0,543.0,1179.0,87.0,223.0,1662.0,408.0,857.0,1710.0,4182.0,1732.0,725.0,333.0,4149.0,3552.0,1058.0,3111.0,350.0,2232.0,40.0
2026-09-23T07:00Z,211.0,207.0,365.0,11473.0,12624.0,2670.0,54.0,15726.0,1905.0,7317.0,16650.0,1628.0,9913.0,4884.0,1964.0,9049.0,4143.0,8342.0,16193.0,8783.0,20435.0,1267.0,835.0,1303.0,535.0,643.0,1042.0,795.0,189.0,438.0,3972.0,1612.0,847.0,14060.0,4407.0,6161.0,2423.0,8596.0,1548.0,2212.0,13736.0,1385.0,1121.0,959.0,1752.0,1305.0,3018.0,2176.0,3417.0,1462.0,3594.0,123.0,2.0,13.0,35.0,2.0,53.0,23.0,73.0,1081.0,232.0,5181.0,523.0,1169.0,83.0,216.0,1597.0,395.0,823.0,1670.0,3998.0,1696.0,702.0,314.0,4098.0,3508.0,1010.0,2984.0,326.0,2142.0,40.0
2026-09-23T08:00Z,208.0,202.0,364.0,11115.0,11750.0,2705.0,50.0,15289.0,1862.0,7161.0,15941.0,1591.0,9469.0,4712.0,1940.0,8940.0,4106.0,8283.0,15498.0,8627.0,19947.0,1255.0,828.0,1297.0,535.0,644.0,1040.0,782.0,184.0,428.0,3906.0,1587.0,838.0,14066.0,4403.0,6090.0,2404.0,8427.0,1535.0,2202.0,13603.0,1367.0,1117.0,948.0,1715.0,1299.0,2962.0,2179.0,3363.0,1476.0,3533.0,121.0,2.0,12.0,33.0,2.0,52.0,23.0,70.0,1058.0,224.0,4988.0,506.0,1161.0,82.0,218.0,1557.0,387.0,796.0,1654.0,3879.0,1689.0,686.0,302.0,4063.0,3494.0,984.0,2919.0,305.0,2100.0,40.0
2026-09-23T09:00Z,194.0,199.0,362.0,10559.0,11142.0,2564.0,47.0,14975.0,1820.0,7109.0,15404.0,1542.0,9164.0,4538.0,1927.0,8936.0,4063.0,8232.0,15401.0,8565.0,19802.0,1265.0,838.0,1324.0,539.0,658.0,1057.0,789.0,187.0,431.0,3924.0,1611.0,847.0,14221.0,4399.0,6185.0,2432.0,8338.0,1555.0,2224.0,13773.0,1390.0,1129.0,960.0,1717.0,1328.0,2997.0,2242.0,3447.0,1502.0,3564.0,123.0,2.0,12.0,32.0,2.0,52.0,23.0,70.0,1028.0,220.0,4884.0,501.0,1159.0,81.0,218.0,1545.0,388.0,792.0,1648.0,3780.0,1684.0,683.0,297.0,4041.0,3502.0,978.0,2885.0,293.0,2055.0,39.0
2026-09-23T10:00Z,194.0,198.0,360.0,10127.0,10768.0,2411.0,46.0,14934.0,1834.0,7165.0,15268.0,1528.0,9012.0,4418.0,1917.0,9071.0,4103.0,8460.0,15947.0,8647.0,19590.0,1314.0,888.0,1406.0,553.0,707.0,1105.0,830.0,200.0,455.0,4123.0,1709.0,888.0,14723.0,4575.0,6417.0,2566.0,8474.0,1641.0,2342.0,14214.0,1482.0,1177.0,1013.0,1868.0,1412.0,3141.0,2436.0,3678.0,1624.0,3740.0,127.0,2.0,12.0,31.0,2.0,52.0,23.0,69.0,1023.0,217.0,4860.0,505.0,1159.0,83.0,220.0,1561.0,393.0,804.0,1668.0,3761.0,1698.0,685.0,299.0,4030.0,3521.0,976.0,2918.0,287.0,2023.0,37.0
2026-09-23T11:00Z,201.0,202.0,363.0,9886.0,10551.0,2292.0,45.0,15204.0,1864.0,7167.0,15566.0,1571.0,9095.0,4459.0,1920.0,9549.0,4245.0,8990.0,16832.0,8667.0,19762.0,1424.0,983.0,1562.0,572.0,794.0,1220.0,912.0,223.0,486.0,4599.0,1876.0,972.0,15682.0,4922.0,6918.0,2825.0,8961.0,1797.0,2547.0,14927.0,1634.0,1240.0,1124.0,2034.0,1548.0,3487.0,2721.0,4093.0,1782.0,4052.0,137.0,2.0,12.0,29.0,2.0,53.0,23.0,70.0,1014.0,218.0,5003.0,532.0,1173.0,88.0,228.0,1639.0,407.0,839.0,1726.0,3837.0,1754.0,699.0,311.0,4057.0,3592.0,989.0,3065.0,291.0,2034.0,38.0
2026-09-23T12:00Z,200.0,216.0,368.0,10047.0,10751.0,2341.0,46.0,15592.0,1967.0,7214.0,16241.0,1662.0,9368.0,4609.0,1976.0,10333.0,4520.0,9496.0,17486.0,9167.0,20382.0,1460.0,1014.0,1587.0,570.0,767.0,1215.0,952.0,230.0,495.0,5015.0,1924.0,1015.0,16168.0,5135.0,7217.0,2957.0,9730.0,1910.0,2708.0,15383.0,1707.0,1279.0,1170.0,2108.0,1633.0,3717.0,2843.0,4305.0,1830.0,4210.0,147.0,2.0,12.0,29.0,2.0,54.0,25.0,70.0,1034.0,231.0,5269.0,580.0,1199.0,94.0,244.0,1769.0,447.0,886.0,1843.0,4017.0,1861.0,727.0,336.0,4133.0,3768.0,1024.0,3308.0,308.0,2095.0,40.0
2026-09-23T13:00Z,194.0,242.0,377.0,10576.0,11085.0,2413.0,50.0,15627.0,1934.0,7265.0,16424.0,1648.0,9443.0,4579.0,1969.0,10757.0,4627.0,9581.0,17951.0,9565.0,20293.0,1376.0,892.0,1362.0,521.0,563.0,1017.0,925.0,236.0,563.0,5192.0,1926.0,1020.0,16245.0,5174.0,7359.0,2996.0,10093.0,1942.0,2738.0,15530.0,1730.0,1338.0,1171.0,2108.0,1649.0,3824.0,2913.0,4336.0,1854.0,4164.0,154.0,2.0,14.0,25.0,2.0,56.0,27.0,72.0,1128.0,245.0,5360.0,605.0,1202.0,96.0,252.0,1858.0,479.0,942.0,1931.0,4114.0,1938.0,743.0,351.0,4186.0,3907.0,1026.0,3459.0,330.0,2217.0,43.0
2026-09-23T14:00Z,202.0,258.0,380.0,11351.0,11648.0,2493.0,53.0,16109.0,1880.0,7297.0,16991.0,1687.0,9749.0,4683.0,2010.0,10565.0,4661.0,9702.0,18118.0,9682.0,20881.0,1264.0,759.0,1089.0,493.0,397.0,803.0,848.0,228.0,558.0,5368.0,1859.0,979.0,16481.0,5155.0,7449.0,3009.0,10193.0,1967.0,2770.0,15577.0,1727.0,1338.0,1187.0,2041.0,1624.0,3825.0,2950.0,4204.0,1860.0,4070.0,156.0,2.0,16.0,28.0,2.0,58.0,28.0,74.0,1156.0,246.0,5533.0,620.0,1222.0,97.0,260.0,1849.0,484.0,981.0,1951.0,4156.0,1964.0,756.0,360.0,4180.0,3946.0,1044.0,3545.0,346.0,2263.0,43.0
2026-09-23T15:00Z,215.0,267.0,381.0,11913.0,12236.0,2722.0,53.0,17161.0,1918.0,7337.0,18136.0,1778.0,10452.0,4993.0,2067.0,10243.0,4620.0,9843.0,18307.0,9815.0,21796.0,1219.0,718.0,970.0,465.0,345.0,702.0,701.0,214.0,534.0,5442.0,1765.0,910.0,16659.0,5119.0,7538.0,2969.0,10205.0,1992.0,2841.0,15603.0,1728.0,1364.0,1203.0,1938.0,1539.0,3852.0,2898.0,4137.0,1846.0,3978.0,156.0,3.0,16.0,28.0,2.0,59.0,29.0,75.0,1183.0,238.0,5811.0,637.0,1273.0,99.0,261.0,1875.0,506.0,1010.0,1986.0,4358.0,1997.0,762.0,375.0,4175.0,3941.0,1075.0,3586.0,360.0,2269.0,44.0
2026-09-23T16:00Z,217.0,274.0,386.0,11901.0,15230.0,3028.0,53.0,18424.0,2050.0,7472.0,19635.0,1869.0,11318.0,5297.0,2147.0,10154.0,4573.0,9912.0,18462.0,9942.0,23139.0,1213.0,705.0,932.0,440.0,337.0,656.0,640.0,208.0,515.0,5478.0,1778.0,836.0,16773.0,5198.0,7528.0,2873.0,10269.0,1997.0,2849.0,15648.0,1705.0,1347.0,1225.0,1838.0,1582.0,3876.0,2914.0,4074.0,1852.0,3782.0,158.0,2.0,18.0,29.0,2.0,59.0,27.0,75.0,1198.0,243.0,6230.0,663.0,1295.0,101.0,271.0,1927.0,514.0,1046.0,2001.0,4656.0,2018.0,755.0,397.0,4210.0,3976.0,1133.0,3644.0,374.0,2284.0,46.0
2026-09-23T17:00Z,215.0,278.0,392.0,11927.0,17877.0,3103.0,53.0,19670.0,2236.0,7509.0,21268.0,1964.0,12191.0,5614.0,2231.0,10224.0,4500.0,10027.0,18565.0,10070.0,24681.0,1227.0,704.0,927.0,439.0,335.0,667.0,628.0,203.0,536.0,5540.0,1728.0,773.0,16688.0,5204.0,7559.0,2933.0,10379.0,2008.0,2873.0,15651.0,1662.0,1337.0,1248.0,1800.0,1581.0,3887.0,2906.0,4029.0,1841.0,3939.0,158.0,2.0,18.0,29.0,2.0,60.0,26.0,76.0,1213.0,246.0,6754.0,689.0,1331.0,105.0,276.0,2014.0,521.0,1114.0,2021.0,4997.0,2042.0,772.0,422.0,4297.0,4018.0,1205.0,3756.0,397.0,2310.0,49.0
2026-09-23T18:00Z,217.0,282.0,397.0,11311.0,18133.0,3162.0,55.0,20647.0,2450.0,7620.0,22916.0,2083.0,13048.0,5881.0,2389.0,10216.0,4595.0,10153.0,18659.0,10194.0,26178.0,1229.0,708.0,914.0,461.0,324.0,669.0,652.0,207.0,540.0,5594.0,1726.0,728.0,16829.0,5179.0,7630.0,2978.0,10501.0,2015.0,2881.0,15721.0,1647.0,1355.0,1266.0,1823.0,1590.0,3902.0,2903.0,4013.0,1858.0,3893.0,159.0,2.0,18.0,32.0,2.0,60.0,21.0,76.0,1231.0,246.0,7304.0,730.0,1350.0,113.0,292.0,2095.0,531.0,1175.0,1995.0,5403.0,2092.0,780.0,444.0,4387.0,4050.0,1284.0,3925.0,404.0,2338.0,51.0
2026-09-23T19:00Z,216.0,290.0,396.0,11123.0,18667.0,3133.0,61.0,21554.0,2631.0,7662.0,24508.0,2215.0,13718.0,6058.0,2523.0,10232.0,4723.0,10115.0,18602.0,10343.0,27471.0,1234.0,704.0,917.0,466.0,321.0,677.0,681.0,212.0,537.0,5595.0,1762.0,770.0,16807.0,5221.0,7572.0,2955.0,10670.0,1997.0,2868.0,15681.0,1634.0,1364.0,1275.0,1881.0,1593.0,3920.0,2899.0,3966.0,1807.0,3943.0,159.0,2.0,19.0,31.0,2.0,60.0,22.0,76.0,1226.0,249.0,7811.0,771.0,1396.0,121.0,304.0,2161.0,537.0,1202.0,2018.0,5739.0,2137.0,785.0,465.0,4503.0,4014.0,1364.0,4111.0,410.0,2357.0,51.0
2026-09-23T20:00Z,201.0,296.0,393.0,10954.0,18392.0,3020.0,68.0,22173.0,2731.0,7698.0,25669.0,2288.0,14189.0,6036.0,2459.0,10209.0,4792.0,10230.0,18388.0,10406.0,28460.0,1221.0,727.0,952.0,469.0,338.0,749.0,746.0,224.0,564.0,5684.0,1865.0,856.0,16839.0,5191.0,7450.0,2933.0,10733.0,1964.0,2852.0,15733.0,1635.0,1374.0,1289.0,1965.0,1605.0,3927.0,2844.0,4023.0,1793.0,4137.0,163.0,2.0,19.0,28.0,2.0,60.0,24.0,76.0,1206.0,248.0,8155.0,795.0,1411.0,130.0,311.0,2218.0,553.0,1227.0,2019.0,5995.0,2178.0,788.0,482.0,4614.0,4003.0,1430.0,4239.0,419.0,2401.0,54.0
2026-09-23T21:00Z,209.0,295.0,395.0,10970.0,17637.0,3049.0,76.0,22564.0,2757.0,7699.0,26243.0,2327.0,14448.0,6225.0,2595.0,10351.0,4828.0,10182.0,18269.0,10442.0,28921.0,1279.0,792.0,1093.0,462.0,434.0,916.0,880.0,244.0,593.0,5784.0,2057.0,952.0,16819.0,5287.0,7493.0,3015.0,10768.0,1958.0,2853.0,15844.0,1704.0,1386.0,1321.0,2182.0,1639.0,3975.0,2925.0,4204.0,1811.0,4322.0,167.0,2.0,19.0,25.0,2.0,60.0,24.0,75.0,1214.0,247.0,8416.0,810.0,1437.0,134.0,307.0,2271.0,567.0,1254.0,2048.0,6167.0,2224.0,781.0,499.0,4607.0,4033.0,1475.0,4398.0,416.0,2435.0,54.0
2026-09-23T22:00Z,215.0,295.0,392.0,11381.0,17808.0,2879.0,85.0,22570.0,2785.0,7518.0,26315.0,2296.0,14516.0,6395.0,2665.0,10622.0,4895.0,10144.0,18259.0,10446.0,29223.0,1387.0,943.0,1388.0,497.0,628.0,1163.0,1024.0,258.0,612.0,5816.0,2222.0,1039.0,16846.0,5306.0,7567.0,3125.0,10794.0,1965.0,2874.0,15940.0,1806.0,1376.0,1342.0,2351.0,1672.0,4024.0,2989.0,4412.0,1794.0,4635.0,167.0,2.0,18.0,30.0,2.0,59.0,26.0,75.0,1199.0,253.0,8508.0,827.0,1417.0,140.0,301.0,2285.0,576.0,1256.0,2093.0,6205.0,2276.0,791.0,507.0,4596.0,4085.0,1510.0,4524.0,413.0,2447.0,55.0
2026-09-23T23:00Z,222.0,297.0,392.0,12119.0,18101.0,3027.0,93.0,22007.0,2733.0,7349.0,25786.0,2251.0,14409.0,6408.0,2603.0,10916.0,5008.0,10190.0,18312.0,10469.0,28952.0,1519.0,1093.0,1658.0,543.0,813.0,1336.0,1105.0,271.0,618.0,5664.0,2304.0,1117.0,16735.0,5397.0,7540.0,3179.0,10847.0,1956.0,2863.0,15962.0,1880.0,1337.0,1354.0,2464.0,1699.0,4027.0,2978.0,4520.0,1820.0,4741.0,167.0,2.0,19.0,31.0,2.0,57.0,28.0,75.0,1206.0,244.0,8345.0,825.0,1419.0,141.0,296.0,2294.0,576.0,1263.0,2105.0,6172.0,2260.0,782.0,494.0,4554.0,4085.0,1529.0,4544.0,428.0,2471.0,55.0
2026-09-24T00:00Z,213.0,292.0,385.0,13069.0,18394.0,3096.0,99.0,20958.0,2825.0,7184.0,24569.0,2236.0,13822.0,6314.0,2512.0,11240.0,5074.0,10279.0,18350.0,10466.0,28134.0,1562.0,1140.0,1736.0,546.0,865.0,1372.0,1147.0,282.0,621.0,5594.0,2345.0,1162.0,16841.0,5531.0,7591.0,3305.0,10896.0,1972.0,2890.0,16098.0,1931.0,1376.0,1366.0,2548.0,1744.0,4077.0,3034.0,4611.0,1876.0,4860.0,171.0,2.0,18.0,27.0,2.0,56.0,30.0,74.0,1212.0,248.0,7995.0,795.0,1389.0,137.0,280.0,2213.0,566.0,1220.0,2097.0,5961.0,2213.0,771.0,470.0,4495.0,4050.0,1481.0,4437.0,431.0,2504.0,54.0
2026-09-24T01:00Z,198.0,285.0,385.0,14445.0,18680.0,3281.0,100.0,20233.0,2747.0,7397.0,23489.0,2229.0,13292.0,6181.0,2437.0,11424.0,5128.0,10398.0,18563.0,10538.0,27309.0,1520.0,1118.0,1692.0,542.0,844.0,1336.0,1111.0,270.0,599.0,5397.0,2275.0,1138.0,16698.0,5481.0,7671.0,3271.0,11049.0,1961.0,2903.0,15926.0,1882.0,1358.0,1370.0,2475.0,1715.0,4011.0,2980.0,4506.0,1826.0,4764.0,167.0,3.0,17.0,27.0,2.0,54.0,32.0,75.0,1225.0,253.0,7609.0,756.0,1348.0,132.0,281.0,2139.0,560.0,1197.0,2095.0,5709.0,2196.0,759.0,445.0,4457.0,4046.0,1411.0,4263.0,429.0,2527.0,51.0
2026-09-24T02:00Z,202.0,285.0,389.0,15063.0,17521.0,3396.0,96.0,19605.0,2638.0,7542.0,22565.0,2082.0,12873.0,6068.0,2382.0,11291.0,5082.0,10102.0,18029.0,10431.0,26308.0,1460.0,1060.0,1604.0,531.0,800.0,1263.0,1054.0,256.0,568.0,5155.0,2144.0,1081.0,16253.0,5265.0,7439.0,3116.0,10841.0,1885.0,2808.0,15471.0,1779.0,1315.0,1310.0,2330.0,1632.0,3866.0,2859.0,4284.0,1775.0,4590.0,160.0,2.0,18.0,30.0,2.0,54.0,26.0,75.0,1244.0,255.0,7258.0,722.0,1310.0,128.0,276.0,2089.0,553.0,1157.0,2048.0,5514.0,2170.0,747.0,425.0,4481.0,4040.0,1360.0,4114.0,433.0,2526.0,52.0
2026-09-24T03:00Z,214.0,274.0,383.0,14819.0,16909.0,3272.0,88.0,18802.0,2502.0,7560.0,21511.0,1989.0,12300.0,5819.0,2305.0,10905.0,4862.0,9732.0,17126.0,10016.0,24992.0,1390.0,984.0,1515.0,516.0,747.0,1180.0,978.0,236.0,528.0,4850.0,2000.0,1005.0,15553.0,4989.0,7097.0,2899.0,10458.0,1787.0,2625.0,14848.0,1646.0,1241.0,1212.0,2159.0,1526.0,3581.0,2674.0,3981.0,1651.0,4317.0,150.0,2.0,16.0,34.0,2.0,53.0,25.0,73.0,1246.0,250.0,6867.0,675.0,1276.0,119.0,264.0,1980.0,533.0,1085.0,1975.0,5244.0,2086.0,728.0,398.0,4407.0,3959.0,1300.0,3865.0,418.0,2482.0,55.0
2026-09-24T04:00Z,214.0,255.0,377.0,14491.0,16332.0,3205.0,80.0,17750.0,2323.0,7486.0,20197.0,1903.0,11556.0,5447.0,2196.0,10423.0,4641.0,9211.0,16286.0,9615.0,23742.0,1318.0,913.0,1429.0,509.0,693.0,1112.0,906.0,213.0,487.0,4523.0,1830.0,934.0,14922.0,4701.0,6707.0,2697.0,9952.0,1694.0,2487.0,14177.0,1522.0,1202.0,1111.0,1989.0,1429.0,3360.0,2480.0,3733.0,1557.0,4029.0,138.0,2.0,15.0,35.0,2.0,53.0,24.0,72.0,1198.0,245.0,6366.0,617.0,1245.0,108.0,254.0,1850.0,496.0,1007.0,1873.0,4893.0,1973.0,722.0,365.0,4313.0,3844.0,1249.0,3591.0,401.0,2406.0,50.0
2026-09-24T05:00Z,219.0,233.0,370.0,13850.0,15819.0,3074.0,73.0,16776.0,2192.0,7402.0,18885.0,1773.0,10807.0,5151.0,2083.0,9821.0,4446.0,8816.0,16157.0,9421.0,22306.0,1285.0,872.0,1357.0,502.0,664.0,1073.0,856.0,207.0,465.0,4247.0,1710.0,883.0,14485.0,4536.0,6512.0,2546.0,9407.0,1622.0,2369.0,13767.0,1436.0,1159.0,1031.0,1864.0,1372.0,3136.0,2315.0,3560.0,1508.0,3813.0,131.0,2.0,14.0,34.0,2.0,53.0,27.0,71.0,1139.0,232.0,5888.0,566.0,1216.0,97.0,242.0,1721.0,462.0,928.0,1781.0,4604.0,1871.0,713.0,333.0,4209.0,3742.0,1178.0,3333.0,371.0,2284.0,47.0
2026-09-24T06:00Z,210.0,216.0,366.0,12851.0,14706.0,2900.0,65.0,15938.0,2062.0,7398.0,17735.0,1681.0,10119.0,4938.0,1988.0,9375.0,4384.0,8590.0,16385.0,9203.0,21276.0,1256.0,842.0,1309.0,498.0,647.0,1043.0,820.0,199.0,446.0,4044.0,1631.0,847.0,14154.0,4437.0,6289.0,2439.0,8941.0,1579.0,2305.0,13435.0,1382.0,1117.0,981.0,1775.0,1324.0,2999.0,2203.0,3442.0,1468.0,3645.0,125.0,2.0,12.0,43.0,2.0,52.0,25.0,69.0,1084.0,221.0,5516.0,533.0,1193.0,90.0,233.0,1634.0,436.0,865.0,1714.0,4321.0,1800.0,692.0,308.0,4134.0,3678.0,1108.0,3142.0,340.0,2170.0,44.0
2026-09-24T07:00Z,207.0,209.0,363.0,11980.0,13553.0,2768.0,58.0,15322.0,1964.0,7430.0,16823.0,1594.0,9574.0,4720.0,1978.0,9118.0,4221.0,8489.0,16361.0,8886.0,20386.0,1231.0,828.0,1292.0,497.0,644.0,1032.0,796.0,192.0,428.0,3910.0,1580.0,827.0,13975.0,4404.0,6220.0,2376.0,8692.0,1545.0,2238.0,13251.0,1349.0,1087.0,953.0,1720.0,1293.0,2947.0,2141.0,3360.0,1443.0,3533.0,122.0,2.0,13.0,44.0,2.0,52.0,24.0,70.0,1034.0,213.0,5211.0,508.0,1180.0,85.0,223.0,1557.0,420.0,837.0,1696.0,4137.0,1758.0,669.0,292.0,4084.0,3634.0,1053.0,3012.0,318.0,2096.0,42.0
2026-09-24T08:00Z,200.0,202.0,360.0,11671.0,12814.0,2757.0,53.0,14894.0,1884.0,7348.0,16157.0,1549.0,9176.0,4574.0,1967.0,8936.0,4213.0,8477.0,16193.0,8742.0,19684.0,1232.0,824.0,1297.0,500.0,645.0,1036.0,785.0,187.0,421.0,3846.0,1556.0,818.0,13802.0,4419.0,6149.0,2359.0,8479.0,1530.0,2210.0,13166.0,1336.0,1080.0,940.0,1697.0,1297.0,2881.0,2119.0,3356.0,1454.0,3487.0,120.0,2.0,12.0,45.0,2.0,51.0,23.0,70.0,1002.0,211.0,4988.0,495.0,1162.0,82.0,217.0,1502.0,396.0,804.0,1681.0,4005.0,1741.0,659.0,282.0,4046.0,3609.0,1021.0,2930.0,303.0,2041.0,42.0
2026-09-24T09:00Z,202.0,199.0,359.0,11118.0,12442.0,2629.0,49.0,14693.0,1821.0,7249.0,15645.0,1577.0,8919.0,4503.0,1939.0,8859.0,4167.0,8547.0,15949.0,8687.0,19319.0,1258.0,834.0,1336.0,504.0,657.0,1061.0,792.0,190.0,425.0,3865.0,1577.0,828.0,13956.0,4401.0,6279.0,2403.0,8393.0,1548.0,2222.0,13355.0,1361.0,1093.0,951.0,1713.0,1315.0,2939.0,2169.0,3458.0,1486.0,3528.0,122.0,2.0,10.0,44.0,2.0,51.0,23.0,69.0,990.0,209.0,4841.0,485.0,1155.0,81.0,215.0,1480.0,406.0,788.0,1672.0,3920.0,1736.0,656.0,277.0,4032.0,3584.0,1006.0,2888.0,292.0,2011.0,41.0
2026-09-24T10:00Z,203.0,199.0,358.0,10672.0,12276.0,2547.0,47.0,14719.0,1763.0,7259.0,15474.0,1601.0,8871.0,4495.0,1911.0,9020.0,4214.0,8785.0,15815.0,8596.0,19167.0,1318.0,881.0,1431.0,517.0,710.0,1126.0,834.0,204.0,448.0,4062.0,1673.0,872.0,14466.0,4620.0,6560.0,2542.0,8508.0,1629.0,2336.0,13812.0,1456.0,1134.0,998.0,1829.0,1406.0,3134.0,2369.0,3707.0,1587.0,3700.0,126.0,3.0,12.0,44.0,2.0,51.0,22.0,69.0,972.0,209.0,4792.0,490.0,1151.0,83.0,219.0,1495.0,411.0,792.0,1690.0,3930.0,1751.0,667.0,281.0,3999.0,3603.0,1007.0,2932.0,288.0,2001.0,40.0
2026-09-24T11:00Z,212.0,204.0,360.0,10443.0,12112.0,2495.0,47.0,15024.0,1799.0,7304.0,15732.0,1642.0,9013.0,4578.0,1913.0,9504.0,4333.0,9357.0,16340.0,8688.0,19449.0,1429.0,977.0,1575.0,542.0,797.0,1239.0,917.0,226.0,500.0,4518.0,1842.0,953.0,15296.0,4990.0,7052.0,2807.0,8982.0,1790.0,2554.0,14545.0,1614.0,1190.0,1115.0,2017.0,1555.0,3470.0,2645.0,4156.0,1756.0,4011.0,137.0,2.0,12.0,39.0,2.0,51.0,23.0,69.0,987.0,214.0,4895.0,517.0,1163.0,86.0,221.0,1560.0,427.0,812.0,1752.0,3975.0,1805.0,686.0,294.0,4013.0,3674.0,1025.0,3077.0,292.0,2017.0,40.0
2026-09-24T12:00Z,215.0,217.0,365.0,10486.0,11707.0,2545.0,48.0,15449.0,1904.0,7375.0,16331.0,1719.0,9370.0,4744.0,1948.0,10379.0,4668.0,9894.0,17487.0,9344.0,20052.0,1480.0,1012.0,1606.0,546.0,777.0,1252.0,943.0,236.0,537.0,4930.0,1923.0,977.0,15756.0,5201.0,7262.0,2916.0,9770.0,1907.0,2725.0,14987.0,1665.0,1256.0,1167.0,2111.0,1623.0,3684.0,2781.0,4370.0,1832.0,4189.0,147.0,2.0,13.0,41.0,2.0,53.0,25.0,69.0,1025.0,221.0,5155.0,563.0,1181.0,92.0,240.0,1694.0,445.0,862.0,1892.0,4152.0,1913.0,714.0,320.0,4079.0,3837.0,1052.0,3310.0,308.0,2075.0,42.0
2026-09-24T13:00Z,206.0,243.0,375.0,10875.0,11773.0,2538.0,51.0,15480.0,1896.0,7328.0,16429.0,1684.0,9521.0,4777.0,1989.0,10977.0,4775.0,10045.0,17969.0,9770.0,19845.0,1415.0,897.0,1356.0,524.0,587.0,1058.0,853.0,235.0,540.0,5177.0,1917.0,942.0,15922.0,5190.0,7403.0,2852.0,10149.0,1930.0,2773.0,15072.0,1600.0,1302.0,1165.0,2080.0,1633.0,3789.0,2747.0,4336.0,1883.0,4192.0,153.0,2.0,14.0,41.0,2.0,55.0,28.0,71.0,1102.0,236.0,5228.0,581.0,1184.0,94.0,250.0,1761.0,490.0,886.0,1943.0,4257.0,1987.0,727.0,336.0,4125.0,3968.0,1060.0,3430.0,334.0,2207.0,45.0
2026-09-24T14:00Z,211.0,259.0,378.0,11652.0,12199.0,2555.0,53.0,15896.0,1892.0,7362.0,16708.0,1780.0,9751.0,4861.0,1993.0,10976.0,4769.0,10140.0,18240.0,9967.0,20194.0,1319.0,763.0,1058.0,496.0,409.0,838.0,725.0,228.0,538.0,5320.0,1877.0,846.0,16058.0,5135.0,7387.0,2800.0,10283.0,1957.0,2823.0,15083.0,1562.0,1326.0,1163.0,1994.0,1619.0,3800.0,2654.0,4213.0,1877.0,4052.0,155.0,2.0,15.0,42.0,2.0,57.0,28.0,73.0,1130.0,241.0,5355.0,594.0,1217.0,95.0,255.0,1796.0,503.0,897.0,1916.0,4306.0,2017.0,732.0,352.0,4133.0,3956.0,1075.0,3477.0,349.0,2263.0,46.0
2026-09-24T15:00Z,217.0,270.0,379.0,12096.0,12817.0,2721.0,54.0,16822.0,1880.0,7482.0,17463.0,1867.0,10456.0,5152.0,2062.0,10947.0,4709.0,10222.0,18493.0,10105.0,20896.0,1278.0,716.0,926.0,479.0,335.0,717.0,640.0,214.0,526.0,5348.0,1834.0,812.0,16172.0,5125.0,7489.0,2708.0,10345.0,1979.0,2867.0,15132.0,1540.0,1332.0,1184.0,1918.0,1593.0,3833.0,2622.0,4134.0,1892.0,3898.0,154.0,2.0,16.0,40.0,2.0,58.0,28.0,73.0,1139.0,245.0,5567.0,605.0,1239.0,99.0,262.0,1892.0,510.0,928.0,1966.0,4422.0,2034.0,750.0,366.0,4163.0,3978.0,1123.0,3535.0,356.0,2271.0,43.0
2026-09-24T16:00Z,219.0,278.0,382.0,12127.0,15564.0,3009.0,55.0,17878.0,1972.0,7543.0,18462.0,1967.0,11190.0,5477.0,2202.0,10887.0,4656.0,10348.0,18669.0,10247.0,21975.0,1263.0,703.0,902.0,440.0,323.0,674.0,598.0,200.0,514.0,5381.0,1741.0,786.0,16163.0,5144.0,7539.0,2745.0,10388.0,1980.0,2872.0,15171.0,1599.0,1319.0,1204.0,1768.0,1576.0,3822.0,2655.0,4053.0,1878.0,3767.0,153.0,2.0,17.0,40.0,2.0,59.0,27.0,74.0,1132.0,237.0,5881.0,619.0,1244.0,101.0,276.0,1961.0,521.0,956.0,1995.0,4670.0,2056.0,755.0,381.0,4179.0,3982.0,1181.0,3648.0,368.0,2253.0,45.0
2026-09-24T17:00Z,212.0,287.0,383.0,11960.0,17175.0,3210.0,57.0,19048.0,2092.0,7584.0,19710.0,1996.0,12011.0,5725.0,2309.0,10882.0,4610.0,10428.0,18751.0,10336.0,23154.0,1255.0,703.0,910.0,443.0,323.0,659.0,579.0,194.0,509.0,5357.0,1689.0,739.0,16192.0,5199.0,7586.0,2829.0,10361.0,1985.0,2897.0,15205.0,1597.0,1324.0,1257.0,1692.0,1551.0,3829.0,2768.0,4024.0,1827.0,3653.0,152.0,2.0,17.0,40.0,2.0,60.0,25.0,75.0,1118.0,231.0,6174.0,646.0,1268.0,104.0,282.0,2008.0,530.0,975.0,2009.0,4909.0,2080.0,757.0,394.0,4199.0,4002.0,1234.0,3783.0,375.0,2247.0,44.0
2026-09-24T18:00Z,217.0,294.0,386.0,11676.0,17361.0,3065.0,60.0,20179.0,2235.0,7723.0,21025.0,2073.0,12677.0,6069.0,2381.0,11130.0,4606.0,10372.0,18853.0,10394.0,24344.0,1256.0,708.0,938.0,421.0,327.0,665.0,597.0,199.0,519.0,5398.0,1715.0,759.0,16143.0,5146.0,7538.0,2765.0,10326.0,1989.0,2935.0,15161.0,1583.0,1333.0,1272.0,1741.0,1563.0,3852.0,2794.0,4035.0,1835.0,3795.0,156.0,2.0,18.0,38.0,2.0,61.0,24.0,75.0,1113.0,236.0,6573.0,678.0,1296.0,109.0,290.0,2083.0,536.0,1007.0,1991.0,5210.0,2090.0,779.0,415.0,4239.0,4014.0,1290.0,3909.0,386.0,2275.0,45.0
2026-09-24T19:00Z,221.0,303.0,386.0,11937.0,17330.0,2915.0,66.0,21126.0,2452.0,7890.0,22230.0,2240.0,13218.0,6324.0,2318.0,11370.0,4696.0,10408.0,18881.0,10478.0,25561.0,1264.0,711.0,906.0,414.0,333.0,673.0,630.0,217.0,538.0,5445.0,1756.0,815.0,16062.0,5101.0,7554.0,2705.0,10530.0,1981.0,2907.0,15061.0,1598.0,1347.0,1291.0,1832.0,1562.0,3860.0,2765.0,4053.0,1813.0,3973.0,159.0,3.0,19.0,39.0,2.0,61.0,24.0,74.0,1097.0,237.0,7034.0,713.0,1328.0,117.0,295.0,2168.0,530.0,1070.0,1977.0,5547.0,2096.0,801.0,435.0,4333.0,4034.0,1336.0,4096.0,402.0,2336.0,45.0
2026-09-24T20:00Z,217.0,309.0,387.0,11896.0,17633.0,2787.0,75.0,21831.0,2610.0,7881.0,23423.0,2323.0,13623.0,6523.0,2345.0,11443.0,4818.0,10525.0,18776.0,10488.0,26409.0,1276.0,725.0,941.0,416.0,358.0,754.0,721.0,236.0,565.0,5547.0,1849.0,885.0,16091.0,5059.0,7553.0,2735.0,10714.0,1946.0,2884.0,15165.0,1628.0,1359.0,1299.0,1993.0,1569.0,3888.0,2676.0,4095.0,1758.0,4222.0,162.0,2.0,19.0,38.0,2.0,61.0,24.0,75.0,1155.0,238.0,7352.0,749.0,1354.0,126.0,292.0,2242.0,523.0,1130.0,1966.0,5784.0,2091.0,808.0,453.0,4429.0,4073.0,1400.0,4257.0,429.0,2380.0,48.0
2026-09-24T21:00Z,220.0,318.0,391.0,12418.0,17795.0,2742.0,84.0,22206.0,2692.0,7744.0,24255.0,2345.0,13976.0,6625.0,2474.0,11481.0,4969.0,10446.0,18793.0,10464.0,26880.0,1314.0,785.0,1097.0,477.0,437.0,918.0,838.0,248.0,588.0,5631.0,1996.0,953.0,16260.0,5124.0,7499.0,2884.0,10899.0,1930.0,2876.0,15338.0,1671.0,1394.0,1324.0,2116.0,1626.0,3921.0,2749.0,4245.0,1777.0,4394.0,163.0,2.0,19.0,42.0,2.0,62.0,19.0,74.0,1161.0,237.0,7662.0,780.0,1373.0,133.0,293.0,2317.0,523.0,1164.0,1928.0,6006.0,2071.0,805.0,473.0,4517.0,4091.0,1465.0,4338.0,432.0,2423.0,49.0
2026-09-24T22:00Z,228.0,329.0,393.0,13124.0,17892.0,2655.0,91.0,22318.0,2686.0,7699.0,24760.0,2395.0,14338.0,6699.0,2531.0,11477.0,5072.0,10432.0,18753.0,10427.0,27026.0,1432.0,926.0,1409.0,525.0,623.0,1176.0,997.0,257.0,597.0,5657.0,2124.0,1018.0,16337.0,5240.0,7544.0,3027.0,11064.0,1939.0,2857.0,15548.0,1779.0,1385.0,1341.0,2262.0,1664.0,3973.0,2864.0,4442.0,1780.0,4542.0,163.0,2.0,18.0,42.0,2.0,61.0,21.0,75.0,1225.0,243.0,7748.0,806.0,1385.0,146.0,292.0,2311.0,523.0,1182.0,1940.0,6097.0,2059.0,803.0,479.0,4600.0,4082.0,1488.0,4356.0,436.0,2445.0,55.0
2026-09-24T23:00Z,231.0,329.0,391.0,13977.0,17939.0,2879.0,97.0,21797.0,2696.0,7638.0,24547.0,2391.0,14467.0,6676.0,2432.0,11553.0,5156.0,10324.0,18750.0,10444.0,26707.0,1548.0,1074.0,1678.0,571.0,810.0,1342.0,1094.0,266.0,609.0,5531.0,2228.0,1092.0,16249.0,5270.0,7495.0,3126.0,11026.0,1936.0,2816.0,15580.0,1862.0,1350.0,1340.0,2412.0,1685.0,3963.0,2897.0,4542.0,1795.0,4653.0,164.0,2.0,18.0,40.0,2.0,60.0,17.0,73.0,1273.0,251.0,7612.0,802.0,1370.0,147.0,290.0,2275.0,516.0,1165.0,1929.0,6043.0,2063.0,802.0,472.0,4610.0,4086.0,1483.0,4335.0,440.0,2461.0,65.0
2026-09-25T00:00Z,232.0,321.0,387.0,14936.0,18036.0,3039.0,101.0,20675.0,2733.0,7525.0,23683.0,2291.0,14143.0,6470.0,2379.0,11549.0,5277.0,10325.0,18715.0,10396.0,25968.0,1584.0,1125.0,1749.0,562.0,868.0,1376.0,1145.0,273.0,617.0,5476.0,2304.0,1145.0,16336.0,5360.0,7591.0,3265.0,11086.0,1939.0,2836.0,15799.0,1920.0,1344.0,1348.0,2487.0,1727.0,4011.0,2965.0,4633.0,1850.0,4800.0,168.0,2.0,18.0,40.0,2.0,58.0,25.0,73.0,1337.0,254.0,7322.0,780.0,1354.0,143.0,284.0,2221.0,510.0,1133.0,1943.0,5867.0,2051.0,775.0,453.0,4552.0,4068.0,1444.0,4241.0,436.0,2473.0,64.0
2026-09-25T01:00Z,206.0,307.0,388.0,15754.0,17577.0,3463.0,102.0,19986.0,2622.0,7576.0,22856.0,2223.0,13741.0,6388.0,2278.0,11634.0,5366.0,10517.0,18748.0,10464.0,25414.0,1545.0,1108.0,1713.0,544.0,847.0,1336.0,1116.0,264.0,599.0,5317.0,2236.0,1134.0,16363.0,5339.0,7658.0,3243.0,11212.0,1955.0,2847.0,15626.0,1883.0,1314.0,1367.0,2452.0,1700.0,3949.0,2920.0,4548.0,1818.0,4720.0,164.0,2.0,18.0,41.0,2.0,55.0,31.0,73.0,1344.0,260.0,7033.0,756.0,1325.0,137.0,281.0,2202.0,519.0,1112.0,1956.0,5683.0,2067.0,761.0,442.0,4494.0,4054.0,1385.0,4179.0,425.0,2485.0,63.0
2026-09-25T02:00Z,202.0,297.0,390.0,15782.0,16728.0,3402.0,97.0,19406.0,2507.0,7669.0,22060.0,2111.0,13232.0,6228.0,2310.0,11462.0,5244.0,10300.0,18097.0,10315.0,24569.0,1488.0,1053.0,1641.0,532.0,803.0,1272.0,1059.0,253.0,567.0,5095.0,2114.0,1100.0,15880.0,5150.0,7413.0,3108.0,10951.0,1876.0,2739.0,15145.0,1775.0,1283.0,1306.0,2306.0,1622.0,3805.0,2807.0,4325.0,1735.0,4556.0,158.0,2.0,18.0,40.0,2.0,54.0,26.0,73.0,1354.0,263.0,6708.0,726.0,1289.0,130.0,277.0,2133.0,515.0,1073.0,1951.0,5450.0,2039.0,749.0,424.0,4465.0,4001.0,1343.0,4049.0,428.0,2500.0,63.0
2026-09-25T03:00Z,216.0,281.0,387.0,15314.0,16220.0,3298.0,89.0,18855.0,2359.0,7632.0,21109.0,2077.0,12657.0,5989.0,2283.0,11053.0,5034.0,9925.0,17267.0,9965.0,23350.0,1429.0,987.0,1546.0,519.0,753.0,1186.0,992.0,236.0,533.0,4805.0,1975.0,1045.0,15139.0,4885.0,6998.0,2902.0,10628.0,1770.0,2568.0,14469.0,1649.0,1229.0,1200.0,2135.0,1516.0,3570.0,2629.0,4046.0,1637.0,4304.0,149.0,2.0,16.0,41.0,2.0,53.0,25.0,72.0,1343.0,260.0,6346.0,683.0,1265.0,119.0,253.0,2029.0,496.0,1011.0,1898.0,5205.0,1988.0,730.0,396.0,4385.0,3905.0,1281.0,3846.0,416.0,2457.0,65.0
2026-09-25T04:00Z,212.0,262.0,382.0,14777.0,15814.0,3332.0,80.0,18310.0,2239.0,7554.0,19666.0,2017.0,11956.0,5600.0,2190.0,10529.0,4770.0,9415.0,16332.0,9506.0,22011.0,1359.0,917.0,1458.0,508.0,702.0,1117.0,921.0,214.0,492.0,4500.0,1813.0,962.0,14472.0,4688.0,6698.0,2703.0,10074.0,1658.0,2398.0,13886.0,1528.0,1162.0,1092.0,2010.0,1423.0,3314.0,2448.0,3790.0,1560.0,4049.0,139.0,3.0,14.0,42.0,2.0,53.0,24.0,72.0,1286.0,251.0,5855.0,626.0,1234.0,107.0,233.0,1907.0,474.0,923.0,1811.0,4909.0,1917.0,704.0,362.0,4292.0,3785.0,1204.0,3627.0,401.0,2391.0,64.0
2026-09-25T05:00Z,210.0,244.0,375.0,14192.0,15514.0,3129.0,74.0,16880.0,2096.0,7509.0,18018.0,1878.0,11250.0,5284.0,2064.0,9974.0,4547.0,8895.0,16152.0,9148.0,20855.0,1304.0,867.0,1394.0,505.0,670.0,1083.0,870.0,203.0,469.0,4251.0,1704.0,889.0,14002.0,4466.0,6413.0,2551.0,9567.0,1575.0,2268.0,13517.0,1442.0,1119.0,1004.0,1856.0,1366.0,3161.0,2291.0,3602.0,1517.0,3853.0,131.0,2.0,14.0,40.0,2.0,52.0,28.0,71.0,1218.0,235.0,5397.0,573.0,1206.0,97.0,219.0,1768.0,446.0,843.0,1758.0,4631.0,1841.0,667.0,330.0,4191.0,3655.0,1129.0,3371.0,377.0,2279.0,62.0
2026-09-25T06:00Z,208.0,226.0,368.0,13249.0,14633.0,2937.0,68.0,16014.0,1947.0,7449.0,16696.0,1810.0,10585.0,5013.0,2028.0,9543.0,4480.0,8708.0,16314.0,9194.0,19738.0,1268.0,840.0,1364.0,503.0,651.0,1054.0,835.0,197.0,450.0,4051.0,1612.0,877.0,13682.0,4370.0,6183.0,2445.0,9144.0,1527.0,2185.0,13212.0,1385.0,1093.0,941.0,1804.0,1319.0,3036.0,2189.0,3504.0,1460.0,3689.0,127.0,2.0,13.0,40.0,2.0,52.0,25.0,70.0,1137.0,221.0,5079.0,537.0,1194.0,87.0,210.0,1683.0,428.0,793.0,1721.0,4415.0,1781.0,644.0,307.0,4104.0,3541.0,1075.0,3196.0,350.0,2163.0,59.0
2026-09-25T07:00Z,203.0,214.0,364.0,12304.0,13537.0,2791.0,61.0,15277.0,1829.0,7426.0,15629.0,1774.0,9996.0,4813.0,2012.0,9265.0,4378.0,8482.0,16000.0,9020.0,19078.0,1244.0,822.0,1343.0,498.0,641.0,1034.0,811.0,189.0,429.0,3921.0,1567.0,870.0,13627.0,4310.0,6093.0,2386.0,8800.0,1489.0,2127.0,13027.0,1354.0,1070.0,909.0,1707.0,1295.0,2929.0,2130.0,3446.0,1471.0,3581.0,123.0,2.0,12.0,43.0,2.0,52.0,24.0,70.0,1080.0,215.0,4828.0,512.0,1181.0,82.0,203.0,1615.0,414.0,761.0,1697.0,4194.0,1738.0,625.0,292.0,4036.0,3494.0,1045.0,3074.0,328.0,2086.0,58.0
2026-09-25T08:00Z,201.0,207.0,363.0,12080.0,12702.0,2832.0,57.0,14709.0,1721.0,7454.0,14820.0,1661.0,9554.0,4689.0,1986.0,9138.0,4301.0,8284.0,15873.0,8890.0,18587.0,1260.0,813.0,1329.0,496.0,644.0,1031.0,799.0,184.0,419.0,3843.0,1540.0,869.0,13630.0,4326.0,6063.0,2372.0,8582.0,1475.0,2106.0,12920.0,1341.0,1073.0,884.0,1679.0,1296.0,2864.0,2113.0,3423.0,1472.0,3530.0,121.0,2.0,11.0,41.0,2.0,52.0,24.0,70.0,1054.0,205.0,4654.0,495.0,1172.0,79.0,199.0,1570.0,408.0,741.0,1675.0,4039.0,1725.0,631.0,282.0,3991.0,3468.0,1007.0,2989.0,312.0,2040.0,58.0
2026-09-25T09:00Z,201.0,205.0,361.0,11412.0,12086.0,2603.0,52.0,14396.0,1670.0,7481.0,14224.0,1584.0,9267.0,4582.0,1878.0,9049.0,4245.0,8348.0,15946.0,8769.0,18156.0,1276.0,825.0,1363.0,500.0,660.0,1053.0,810.0,186.0,420.0,3857.0,1564.0,871.0,13719.0,4400.0,6114.0,2412.0,8470.0,1492.0,2128.0,13092.0,1369.0,1094.0,887.0,1709.0,1314.0,2886.0,2165.0,3511.0,1502.0,3565.0,121.0,2.0,11.0,41.0,2.0,52.0,23.0,69.0,1024.0,201.0,4546.0,488.0,1168.0,80.0,198.0,1551.0,406.0,728.0,1663.0,3932.0,1713.0,636.0,277.0,3960.0,3467.0,984.0,2936.0,300.0,2005.0,58.0
2026-09-25T10:00Z,202.0,204.0,360.0,10825.0,11404.0,2474.0,50.0,14323.0,1616.0,7515.0,13991.0,1636.0,9145.0,4526.0,1939.0,9136.0,4238.0,8568.0,16190.0,8516.0,18026.0,1327.0,876.0,1438.0,512.0,710.0,1117.0,848.0,200.0,444.0,4050.0,1662.0,896.0,14171.0,4589.0,6466.0,2550.0,8554.0,1565.0,2227.0,13549.0,1459.0,1135.0,933.0,1798.0,1397.0,3081.0,2351.0,3713.0,1598.0,3740.0,126.0,2.0,11.0,42.0,2.0,52.0,23.0,70.0,1008.0,203.0,4512.0,490.0,1169.0,83.0,202.0,1546.0,406.0,739.0,1676.0,3910.0,1720.0,641.0,282.0,3969.0,3482.0,973.0,2927.0,295.0,1989.0,56.0
2026-09-25T11:00Z,201.0,209.0,362.0,10465.0,11186.0,2518.0,48.0,14431.0,1656.0,7456.0,14179.0,1666.0,9189.0,4603.0,1946.0,9591.0,4285.0,9018.0,16958.0,8719.0,18309.0,1435.0,965.0,1585.0,533.0,797.0,1221.0,930.0,223.0,501.0,4491.0,1839.0,923.0,15075.0,4997.0,6894.0,2805.0,9038.0,1711.0,2412.0,14347.0,1611.0,1185.0,1032.0,1986.0,1519.0,3422.0,2622.0,4103.0,1744.0,4057.0,135.0,2.0,12.0,42.0,2.0,52.0,24.0,69.0,1033.0,216.0,4601.0,511.0,1175.0,87.0,212.0,1607.0,419.0,773.0,1731.0,3933.0,1770.0,645.0,296.0,3952.0,3567.0,975.0,3050.0,296.0,1998.0,55.0
2026-09-25T12:00Z,202.0,221.0,367.0,10691.0,11243.0,2364.0,48.0,14641.0,1688.0,7433.0,14736.0,1710.0,9440.0,4778.0,1959.0,10366.0,4582.0,9495.0,17664.0,9272.0,19106.0,1499.0,998.0,1604.0,550.0,783.0,1226.0,976.0,234.0,538.0,4879.0,1931.0,945.0,15631.0,5176.0,7232.0,2900.0,9726.0,1811.0,2532.0,14798.0,1681.0,1237.0,1070.0,2086.0,1591.0,3611.0,2750.0,4320.0,1814.0,4250.0,146.0,2.0,12.0,44.0,2.0,53.0,25.0,70.0,1056.0,227.0,4846.0,563.0,1182.0,93.0,227.0,1726.0,455.0,839.0,1830.0,4098.0,1876.0,678.0,323.0,4005.0,3728.0,1003.0,3282.0,308.0,2071.0,55.0
2026-09-25T13:00Z,194.0,245.0,377.0,11081.0,11449.0,2440.0,51.0,14555.0,1682.0,7425.0,14913.0,1746.0,9554.0,4771.0,1995.0,10979.0,4714.0,9625.0,18058.0,9707.0,19174.0,1434.0,897.0,1359.0,511.0,593.0,1048.0,929.0,239.0,560.0,5108.0,1957.0,900.0,15688.0,5211.0,7384.0,2840.0,10166.0,1839.0,2579.0,14726.0,1651.0,1286.0,1080.0,2094.0,1603.0,3743.0,2756.0,4295.0,1834.0,4209.0,152.0,3.0,14.0,41.0,2.0,54.0,28.0,71.0,1116.0,232.0,4961.0,583.0,1182.0,98.0,230.0,1816.0,485.0,884.0,1884.0,4159.0,1956.0,701.0,338.0,4041.0,3863.0,1014.0,3448.0,333.0,2199.0,55.0
2026-09-25T14:00Z,194.0,261.0,383.0,11823.0,12162.0,2495.0,53.0,14913.0,1656.0,7483.0,15339.0,1749.0,9871.0,4899.0,2018.0,11157.0,4740.0,9726.0,18156.0,9960.0,19416.0,1325.0,797.0,1100.0,489.0,419.0,842.0,813.0,234.0,564.0,5262.0,1968.0,841.0,15746.0,5160.0,7475.0,2771.0,10398.0,1853.0,2624.0,14595.0,1536.0,1308.0,1100.0,1977.0,1573.0,3783.0,2662.0,4169.0,1847.0,4089.0,154.0,2.0,15.0,41.0,2.0,55.0,28.0,74.0,1096.0,237.0,5078.0,593.0,1201.0,99.0,234.0,1863.0,497.0,916.0,1943.0,4202.0,1985.0,710.0,351.0,4034.0,3913.0,1009.0,3511.0,353.0,2270.0,54.0
2026-09-25T15:00Z,210.0,270.0,385.0,12393.0,12808.0,2679.0,53.0,15641.0,1591.0,7622.0,16173.0,1770.0,10589.0,5154.0,2081.0,11165.0,4716.0,9782.0,18367.0,10156.0,20330.0,1276.0,738.0,955.0,478.0,366.0,739.0,745.0,223.0,556.0,5308.0,1935.0,829.0,15735.0,5072.0,7497.0,2632.0,10485.0,1885.0,2674.0,14482.0,1526.0,1329.0,1116.0,1853.0,1499.0,3815.0,2517.0,4072.0,1844.0,4006.0,157.0,2.0,16.0,41.0,2.0,55.0,26.0,73.0,1116.0,236.0,5305.0,611.0,1215.0,101.0,238.0,1903.0,486.0,943.0,1969.0,4354.0,2011.0,726.0,370.0,4038.0,3952.0,1034.0,3566.0,366.0,2288.0,58.0
2026-09-25T16:00Z,205.0,277.0,388.0,12847.0,15866.0,3155.0,55.0,16411.0,1686.0,7645.0,17041.0,1839.0,11326.0,5473.0,2160.0,11178.0,4699.0,9776.0,18430.0,10447.0,21513.0,1249.0,738.0,901.0,448.0,343.0,709.0,662.0,222.0,541.0,5326.0,1836.0,805.0,15773.0,4984.0,7496.0,2600.0,10504.0,1885.0,2696.0,14469.0,1522.0,1338.0,1147.0,1804.0,1529.0,3844.0,2489.0,4011.0,1820.0,4147.0,159.0,2.0,16.0,44.0,2.0,57.0,12.0,72.0,1093.0,237.0,5642.0,629.0,1231.0,102.0,241.0,1925.0,503.0,949.0,1977.0,4474.0,2022.0,741.0,383.0,4056.0,3976.0,1081.0,3629.0,372.0,2302.0,58.0
2026-09-25T17:00Z,207.0,284.0,390.0,12085.0,17917.0,3184.0,58.0,17367.0,1795.0,7708.0,18115.0,1944.0,12010.0,5853.0,2257.0,11235.0,4663.0,9988.0,18492.0,10618.0,22713.0,1243.0,742.0,896.0,437.0,340.0,690.0,653.0,231.0,558.0,5405.0,1850.0,823.0,15864.0,4935.0,7578.0,2597.0,10509.0,1900.0,2735.0,14483.0,1544.0,1326.0,1179.0,1917.0,1525.0,3872.0,2481.0,3985.0,1798.0,4093.0,158.0,2.0,18.0,43.0,2.0,58.0,,73.0,1104.0,234.0,6015.0,645.0,1260.0,104.0,248.0,1954.0,513.0,974.0,1979.0,4687.0,2030.0,757.0,398.0,4037.0,3997.0,1137.0,3728.0,371.0,2406.0,61.0
2026-09-25T18:00Z,214.0,288.0,387.0,11683.0,18368.0,3254.0,64.0,18386.0,1944.0,7784.0,19409.0,2044.0,12730.0,6142.0,2367.0,11192.0,4650.0,10029.0,18553.0,10689.0,24044.0,1253.0,745.0,927.0,438.0,337.0,698.0,698.0,235.0,563.0,5491.0,1919.0,825.0,15797.0,4902.0,7647.0,2629.0,10503.0,1906.0,2748.0,14579.0,1547.0,1341.0,1220.0,1941.0,1533.0,3900.0,2497.0,4027.0,1773.0,4084.0,161.0,2.0,18.0,43.0,2.0,60.0,,72.0,1126.0,225.0,6478.0,681.0,1296.0,107.0,251.0,1978.0,518.0,994.0,1981.0,4986.0,2033.0,761.0,418.0,4040.0,4026.0,1194.0,3835.0,373.0,2410.0,67.0
2026-09-25T19:00Z,216.0,293.0,383.0,11595.0,19309.0,2996.0,70.0,19560.0,2166.0,7935.0,20845.0,2024.0,13465.0,6241.0,2313.0,11230.0,4695.0,10060.0,18413.0,10708.0,25233.0,1247.0,704.0,930.0,439.0,334.0,729.0,756.0,242.0,571.0,5499.0,1920.0,855.0,15872.0,4890.0,7602.0,2692.0,10465.0,1908.0,2734.0,14629.0,1585.0,1347.0,1259.0,2028.0,1538.0,3890.0,2554.0,4042.0,1730.0,4190.0,161.0,2.0,16.0,42.0,2.0,60.0,,72.0,1161.0,234.0,6925.0,723.0,1324.0,107.0,248.0,1991.0,518.0,1012.0,1991.0,5345.0,2037.0,774.0,441.0,4102.0,4032.0,1287.0,3934.0,383.0,2419.0,69.0
2026-09-25T20:00Z,213.0,299.0,382.0,11475.0,19268.0,3056.0,75.0,20453.0,2262.0,7937.0,22169.0,1997.0,14035.0,6487.0,2382.0,11155.0,4754.0,10108.0,18202.0,10687.0,26024.0,1252.0,720.0,971.0,441.0,367.0,826.0,828.0,245.0,576.0,5547.0,2029.0,904.0,15963.0,4922.0,7518.0,2826.0,10461.0,1906.0,2786.0,14820.0,1652.0,1357.0,1312.0,2141.0,1568.0,3907.0,2666.0,4100.0,1704.0,4315.0,161.0,2.0,17.0,42.0,2.0,61.0,6.0,71.0,1232.0,238.0,7243.0,753.0,1346.0,109.0,242.0,1994.0,515.0,1024.0,1996.0,5569.0,2035.0,770.0,462.0,4176.0,4040.0,1353.0,4027.0,402.0,2316.0,71.0
2026-09-25T21:00Z,217.0,304.0,383.0,11391.0,18780.0,3455.0,80.0,20990.0,2350.0,7942.0,23138.0,2133.0,14524.0,6664.0,2426.0,11173.0,4852.0,10272.0,18041.0,10578.0,26799.0,1281.0,775.0,1122.0,460.0,470.0,1004.0,939.0,257.0,595.0,5599.0,2130.0,959.0,16116.0,5034.0,7519.0,2987.0,10415.0,1922.0,2834.0,15089.0,1702.0,1372.0,1365.0,2252.0,1609.0,3934.0,2815.0,4249.0,1694.0,4464.0,162.0,2.0,16.0,44.0,2.0,60.0,12.0,73.0,1348.0,236.0,7534.0,788.0,1360.0,110.0,239.0,1994.0,506.0,1021.0,1996.0,5774.0,2026.0,767.0,483.0,4248.0,4046.0,1417.0,4057.0,417.0,2343.0,69.0
2026-09-25T22:00Z,223.0,307.0,383.0,11655.0,19133.0,3704.0,85.0,21058.0,2393.0,7891.0,23841.0,2072.0,14802.0,6694.0,2476.0,11253.0,4994.0,10355.0,17930.0,10416.0,26895.0,1396.0,916.0,1414.0,501.0,652.0,1183.0,1034.0,260.0,605.0,5624.0,2194.0,1014.0,16217.0,5121.0,7516.0,3128.0,10402.0,1926.0,2821.0,15360.0,1789.0,1366.0,1380.0,2305.0,1643.0,3956.0,2955.0,4392.0,1682.0,4555.0,162.0,3.0,18.0,47.0,2.0,59.0,21.0,73.0,1308.0,235.0,7657.0,812.0,1371.0,111.0,234.0,1984.0,513.0,1015.0,1963.0,5906.0,2024.0,766.0,497.0,4310.0,4054.0,1450.0,4063.0,422.0,2404.0,70.0
2026-09-25T23:00Z,222.0,307.0,382.0,11973.0,19434.0,3980.0,92.0,20714.0,2390.0,7705.0,23744.0,2019.0,14737.0,6600.0,2573.0,11335.0,5070.0,10237.0,17803.0,10349.0,26767.0,1531.0,1063.0,1653.0,529.0,815.0,1327.0,1116.0,269.0,617.0,5506.0,2254.0,1082.0,16052.0,5151.0,7413.0,3167.0,10362.0,1884.0,2766.0,15409.0,1849.0,1319.0,1349.0,2398.0,1645.0,3918.0,2944.0,4431.0,1683.0,4643.0,163.0,2.0,18.0,45.0,2.0,56.0,23.0,73.0,1322.0,236.0,7511.0,810.0,1365.0,110.0,232.0,1965.0,511.0,1012.0,1952.0,5885.0,2021.0,756.0,497.0,4357.0,4036.0,1449.0,4018.0,415.0,2447.0,74.0
2026-09-26T00:00Z,217.0,299.0,381.0,12822.0,19461.0,3912.0,96.0,19681.0,2380.0,7642.0,22730.0,1982.0,14307.0,6413.0,2458.0,11310.0,5111.0,10122.0,17650.0,10251.0,25788.0,1562.0,1095.0,1723.0,563.0,847.0,1355.0,1136.0,275.0,613.0,5425.0,2276.0,1139.0,16064.0,5195.0,7428.0,3234.0,10465.0,1859.0,2717.0,15493.0,1883.0,1313.0,1277.0,2464.0,1662.0,3938.0,2952.0,4487.0,1690.0,4741.0,166.0,2.0,17.0,44.0,2.0,54.0,26.0,72.0,1294.0,243.0,7126.0,775.0,1333.0,110.0,229.0,1931.0,503.0,1004.0,1961.0,5703.0,2001.0,740.0,471.0,4340.0,4011.0,1392.0,3939.0,408.0,2448.0,68.0
2026-09-26T01:00Z,201.0,288.0,385.0,13633.0,18322.0,3767.0,96.0,18660.0,2319.0,7691.0,21427.0,1945.0,13563.0,6219.0,2472.0,11357.0,5159.0,9954.0,17620.0,10258.0,24839.0,1534.0,1066.0,1663.0,552.0,828.0,1309.0,1106.0,270.0,592.0,5256.0,2187.0,1111.0,15927.0,5148.0,7374.0,3187.0,10547.0,1844.0,2699.0,15303.0,1844.0,1307.0,1242.0,2378.0,1628.0,3865.0,2882.0,4358.0,1682.0,4658.0,163.0,2.0,18.0,44.0,2.0,52.0,28.0,71.0,1270.0,245.0,6723.0,742.0,1309.0,110.0,235.0,1937.0,504.0,1024.0,1938.0,5454.0,2005.0,732.0,452.0,4294.0,3974.0,1319.0,3868.0,400.0,2435.0,68.0
2026-09-26T02:00Z,202.0,283.0,385.0,14008.0,17266.0,3617.0,91.0,17894.0,2193.0,7797.0,20357.0,1932.0,12843.0,6041.0,2404.0,11156.0,4978.0,9683.0,17117.0,10063.0,23797.0,1475.0,1018.0,1616.0,546.0,796.0,1261.0,1057.0,258.0,567.0,5057.0,2060.0,1067.0,15559.0,4991.0,7228.0,3077.0,10315.0,1778.0,2610.0,14913.0,1767.0,1275.0,1171.0,2259.0,1556.0,3727.0,2780.0,4197.0,1614.0,4528.0,158.0,2.0,17.0,43.0,2.0,52.0,25.0,72.0,1284.0,254.0,6395.0,710.0,1277.0,108.0,233.0,1904.0,495.0,999.0,1902.0,5218.0,1986.0,723.0,433.0,4269.0,3931.0,1265.0,3790.0,406.0,2454.0,67.0
2026-09-26T03:00Z,209.0,270.0,380.0,13636.0,16554.0,3396.0,84.0,17031.0,2119.0,7685.0,19222.0,1805.0,12146.0,5809.0,2317.0,10785.0,4809.0,9433.0,16336.0,9814.0,22835.0,1397.0,958.0,1513.0,518.0,750.0,1197.0,1001.0,242.0,536.0,4779.0,1949.0,1027.0,14996.0,4743.0,6906.0,2914.0,9966.0,1690.0,2488.0,14437.0,1667.0,1240.0,1088.0,2108.0,1472.0,3526.0,2649.0,3979.0,1534.0,4313.0,151.0,2.0,17.0,43.0,2.0,52.0,24.0,71.0,1268.0,252.0,6079.0,671.0,1252.0,102.0,229.0,1858.0,483.0,960.0,1875.0,5004.0,1950.0,693.0,409.0,4235.0,3848.0,1208.0,3654.0,391.0,2408.0,66.0
2026-09-26T04:00Z,209.0,257.0,377.0,13406.0,15985.0,3351.0,77.0,16097.0,2013.0,7700.0,18035.0,1828.0,11445.0,5565.0,2241.0,10370.0,4606.0,8996.0,15542.0,9465.0,21765.0,1334.0,898.0,1435.0,507.0,704.0,1133.0,937.0,223.0,498.0,4512.0,1817.0,965.0,14412.0,4533.0,6514.0,2750.0,9547.0,1584.0,2350.0,13910.0,1557.0,1176.0,1001.0,2003.0,1389.0,3330.0,2495.0,3751.0,1455.0,4059.0,142.0,2.0,15.0,44.0,2.0,52.0,24.0,71.0,1237.0,241.0,5747.0,631.0,1229.0,97.0,223.0,1788.0,465.0,937.0,1800.0,4770.0,1889.0,673.0,382.0,4181.0,3779.0,1164.0,3454.0,379.0,2350.0,64.0
2026-09-26T05:00Z,206.0,243.0,365.0,12934.0,15527.0,3208.0,71.0,15195.0,1889.0,7683.0,16844.0,1689.0,10767.0,5311.0,2153.0,9827.0,4360.0,8583.0,15159.0,9070.0,20706.0,1285.0,856.0,1382.0,501.0,672.0,1091.0,888.0,215.0,482.0,4295.0,1714.0,912.0,13903.0,4334.0,6275.0,2590.0,9057.0,1499.0,2212.0,13491.0,1471.0,1130.0,928.0,1862.0,1308.0,3168.0,2365.0,3566.0,1408.0,3867.0,134.0,2.0,14.0,43.0,2.0,52.0,28.0,70.0,1181.0,232.0,5395.0,590.0,1204.0,94.0,213.0,1693.0,439.0,894.0,1743.0,4542.0,1824.0,648.0,350.0,4074.0,3703.0,1118.0,3253.0,355.0,2262.0,60.0
2026-09-26T06:00Z,206.0,231.0,350.0,12273.0,14723.0,3016.0,65.0,,,,,,,,,9344.0,4174.0,8375.0,15058.0,8948.0,19609.0,1244.0,828.0,1334.0,495.0,647.0,1059.0,846.0,202.0,460.0,4116.0,1621.0,869.0,13463.0,4227.0,6133.0,2472.0,8749.0,1435.0,2132.0,13168.0,1406.0,1095.0,873.0,1773.0,1253.0,3037.0,2258.0,3458.0,1374.0,3707.0,127.0,2.0,13.0,43.0,2.0,51.0,26.0,69.0,1116.0,221.0,5113.0,548.0,1188.0,89.0,208.0,1632.0,402.0,837.0,1689.0,4278.0,1770.0,628.0,324.0,3994.0,3616.0,1068.0,3086.0,326.0,2165.0,60.0
2026-09-26T07:00Z,202.0,222.0,346.0,11542.0,13752.0,2765.0,59.0,,,,,,,,,9048.0,4040.0,8140.0,14781.0,8698.0,18879.0,1216.0,810.0,1309.0,491.0,632.0,1032.0,821.0,192.0,440.0,3981.0,1559.0,842.0,13279.0,4166.0,5954.0,2386.0,8504.0,1393.0,2076.0,12947.0,1362.0,1068.0,841.0,1751.0,1226.0,2940.0,2171.0,3360.0,1344.0,3584.0,123.0,2.0,13.0,44.0,2.0,51.0,25.0,70.0,1069.0,212.0,4904.0,519.0,1176.0,85.0,205.0,1572.0,386.0,795.0,1662.0,4099.0,1727.0,620.0,308.0,3898.0,3564.0,1042.0,2973.0,304.0,2091.0,58.0
2026-09-26T08:00Z,203.0,214.0,343.0,11385.0,12885.0,2904.0,55.0,,,,,,,,,8832.0,3947.0,8048.0,14587.0,8524.0,18441.0,1217.0,799.0,1301.0,491.0,628.0,1018.0,805.0,187.0,425.0,3892.0,1529.0,820.0,13250.0,4140.0,5923.0,2344.0,8321.0,1372.0,2034.0,12826.0,1336.0,1056.0,825.0,1696.0,1214.0,2871.0,2111.0,3314.0,1349.0,3498.0,121.0,3.0,12.0,42.0,2.0,51.0,24.0,69.0,1029.0,209.0,4754.0,504.0,1169.0,83.0,202.0,1536.0,381.0,791.0,1627.0,3994.0,1709.0,620.0,297.0,3844.0,3530.0,1029.0,2912.0,288.0,2037.0,56.0
2026-09-26T09:00Z,199.0,210.0,341.0,10822.0,12146.0,2688.0,52.0,,,,,,,,,8734.0,3882.0,8086.0,14540.0,8433.0,17894.0,1219.0,798.0,1304.0,505.0,635.0,1019.0,800.0,186.0,423.0,3860.0,1525.0,817.0,13298.0,4145.0,5921.0,2335.0,8180.0,1369.0,2025.0,12823.0,1333.0,1052.0,824.0,1693.0,1204.0,2854.0,2093.0,3337.0,1361.0,3467.0,120.0,2.0,12.0,42.0,2.0,51.0,24.0,69.0,1007.0,206.0,4629.0,498.0,1169.0,81.0,200.0,1512.0,376.0,771.0,1604.0,3869.0,1701.0,626.0,290.0,3823.0,3512.0,996.0,2858.0,279.0,2001.0,55.0
2026-09-26T10:00Z,200.0,206.0,339.0,10338.0,11515.0,2537.0,50.0,,,,,,,,,8760.0,3899.0,8110.0,14686.0,8443.0,17828.0,1237.0,812.0,1326.0,523.0,650.0,1039.0,814.0,185.0,427.0,3907.0,1548.0,827.0,13398.0,4206.0,5985.0,2370.0,8152.0,1395.0,2049.0,12963.0,1369.0,1065.0,838.0,1754.0,1231.0,2899.0,2123.0,3425.0,1377.0,3503.0,120.0,2.0,12.0,41.0,2.0,50.0,24.0,69.0,991.0,202.0,4567.0,494.0,1167.0,82.0,200.0,1515.0,375.0,768.0,1617.0,3845.0,1703.0,626.0,287.0,3811.0,3504.0,984.0,2847.0,275.0,1985.0,54.0
2026-09-26T11:00Z,203.0,206.0,340.0,10047.0,11088.0,2423.0,49.0,,,,,,,,,8902.0,3947.0,8291.0,15148.0,8517.0,17842.0,1283.0,850.0,1390.0,530.0,682.0,1083.0,846.0,195.0,445.0,4040.0,1607.0,845.0,13837.0,4354.0,6216.0,2459.0,8306.0,1457.0,2107.0,13204.0,1415.0,1096.0,876.0,1799.0,1286.0,3012.0,2240.0,3566.0,1406.0,3628.0,124.0,2.0,12.0,43.0,2.0,50.0,25.0,69.0,984.0,208.0,4556.0,502.0,1174.0,84.0,201.0,1531.0,381.0,755.0,1630.0,3849.0,1721.0,640.0,289.0,3805.0,3538.0,978.0,2896.0,273.0,1998.0,55.0
2026-09-26T12:00Z,200.0,212.0,343.0,9938.0,11104.0,2350.0,48.0,,,,,,,,,9181.0,4025.0,8449.0,15284.0,8708.0,17885.0,1310.0,878.0,1426.0,538.0,694.0,1112.0,883.0,211.0,469.0,4234.0,1683.0,865.0,14171.0,4485.0,6388.0,2555.0,8561.0,1525.0,2191.0,13514.0,1481.0,1124.0,924.0,1886.0,1335.0,3135.0,2355.0,3712.0,1464.0,3715.0,129.0,2.0,12.0,43.0,2.0,50.0,26.0,69.0,999.0,209.0,4590.0,519.0,1177.0,87.0,205.0,1584.0,393.0,809.0,1655.0,3884.0,1753.0,654.0,298.0,3817.0,3595.0,986.0,2983.0,280.0,2028.0,57.0
2026-09-26T13:00Z,189.0,223.0,345.0,10042.0,11045.0,2334.0,49.0,,,,,,,,,9522.0,4020.0,8623.0,15675.0,8908.0,17901.0,1261.0,798.0,1413.0,532.0,669.0,1119.0,921.0,232.0,508.0,4464.0,1792.0,922.0,14450.0,4609.0,6542.0,2647.0,8564.0,1586.0,2284.0,13725.0,1568.0,1163.0,987.0,1980.0,1398.0,3322.0,2448.0,3883.0,1530.0,3857.0,136.0,2.0,13.0,41.0,2.0,50.0,27.0,68.0,1028.0,211.0,4655.0,534.0,1168.0,89.0,208.0,1628.0,409.0,839.0,1719.0,3748.0,1795.0,672.0,306.0,3836.0,3664.0,999.0,3040.0,292.0,2072.0,53.0
2026-09-26T14:00Z,197.0,234.0,347.0,10373.0,11133.0,2278.0,51.0,,,,,,,,,9812.0,3974.0,8729.0,16433.0,9000.0,18495.0,1166.0,698.0,1350.0,517.0,621.0,1105.0,930.0,250.0,530.0,4661.0,1902.0,957.0,14661.0,4674.0,6635.0,2714.0,8495.0,1640.0,2363.0,13913.0,1633.0,1193.0,1035.0,2082.0,1434.0,3497.0,2497.0,3991.0,1538.0,4024.0,142.0,2.0,13.0,43.0,2.0,49.0,23.0,68.0,993.0,216.0,4838.0,559.0,1189.0,93.0,213.0,1695.0,430.0,881.0,1773.0,3729.0,1853.0,663.0,318.0,3865.0,3740.0,1036.0,3157.0,303.0,2091.0,56.0
2026-09-26T15:00Z,215.0,248.0,349.0,10593.0,11787.0,2379.0,50.0,,,,,,,,,10031.0,3936.0,8861.0,16736.0,9217.0,19666.0,1120.0,716.0,1316.0,498.0,557.0,1101.0,943.0,265.0,548.0,4874.0,2003.0,970.0,14688.0,4683.0,6729.0,2779.0,8575.0,1659.0,2421.0,14056.0,1667.0,1220.0,1059.0,2091.0,1458.0,3610.0,2499.0,4038.0,1604.0,4115.0,146.0,2.0,13.0,41.0,2.0,49.0,1.0,68.0,1041.0,216.0,5103.0,578.0,1193.0,98.0,219.0,1760.0,457.0,920.0,1782.0,3894.0,1912.0,678.0,333.0,3914.0,3816.0,1067.0,3264.0,313.0,2104.0,59.0
2026-09-26T16:00Z,216.0,263.0,361.0,10858.0,14976.0,2938.0,52.0,,,,,,,,,10201.0,3878.0,9074.0,16866.0,9385.0,21077.0,1093.0,734.0,1238.0,490.0,513.0,1103.0,947.0,275.0,570.0,4979.0,1987.0,961.0,14734.0,4678.0,6858.0,2816.0,8636.0,1674.0,2475.0,14169.0,1685.0,1231.0,1079.0,2128.0,1475.0,3685.0,2539.0,4090.0,1596.0,4225.0,147.0,2.0,14.0,42.0,2.0,50.0,,67.0,1008.0,219.0,5411.0,591.0,1212.0,100.0,220.0,1835.0,476.0,949.0,1848.0,4065.0,1948.0,713.0,345.0,4007.0,3878.0,1115.0,3377.0,321.0,2114.0,57.0
2026-09-26T17:00Z,217.0,270.0,365.0,10815.0,16756.0,2952.0,55.0,,,,,,,,,10304.0,3890.0,9228.0,16872.0,9548.0,22519.0,1141.0,735.0,1151.0,496.0,474.0,1076.0,912.0,266.0,564.0,5002.0,1998.0,956.0,14914.0,4714.0,6831.0,2819.0,8765.0,1688.0,2510.0,14273.0,1684.0,1242.0,1112.0,2089.0,1477.0,3700.0,2558.0,4119.0,1518.0,4147.0,147.0,3.0,14.0,43.0,2.0,51.0,,68.0,1008.0,223.0,5745.0,609.0,1218.0,103.0,225.0,1902.0,492.0,1000.0,1878.0,4270.0,1983.0,730.0,352.0,4144.0,3892.0,1184.0,3479.0,333.0,2138.0,57.0
2026-09-26T18:00Z,214.0,276.0,371.0,10509.0,17246.0,3166.0,60.0,,,,,,,,,10313.0,3961.0,9390.0,16937.0,9633.0,23669.0,1181.0,732.0,1112.0,486.0,510.0,1106.0,877.0,269.0,566.0,4979.0,2011.0,959.0,15000.0,4743.0,6837.0,2829.0,8776.0,1707.0,2546.0,14270.0,1661.0,1238.0,1153.0,2121.0,1469.0,3678.0,2533.0,4114.0,1496.0,4097.0,147.0,2.0,15.0,42.0,2.0,52.0,,68.0,1037.0,225.0,6138.0,640.0,1233.0,110.0,230.0,1944.0,510.0,1032.0,1912.0,4444.0,2017.0,747.0,377.0,4268.0,3872.0,1240.0,3568.0,349.0,2180.0,59.0
2026-09-26T19:00Z,213.0,285.0,370.0,10126.0,18144.0,2891.0,65.0,,,,,,,,,10285.0,4065.0,9418.0,17007.0,9671.0,24661.0,1200.0,738.0,1177.0,488.0,553.0,1126.0,872.0,265.0,567.0,5005.0,2024.0,946.0,15160.0,4786.0,6915.0,2856.0,8887.0,1727.0,2620.0,14349.0,1678.0,1255.0,1205.0,2112.0,1462.0,3653.0,2612.0,4110.0,1500.0,4121.0,145.0,2.0,16.0,41.0,2.0,53.0,,69.0,1091.0,233.0,6488.0,655.0,1263.0,113.0,231.0,1955.0,525.0,1044.0,1933.0,4703.0,2056.0,764.0,401.0,4398.0,3872.0,1320.0,3695.0,381.0,2241.0,62.0
2026-09-26T20:00Z,209.0,283.0,379.0,9797.0,17916.0,3246.0,70.0,,,,,,,,,10269.0,4192.0,9761.0,17108.0,9671.0,25262.0,1227.0,754.0,1286.0,505.0,592.0,1139.0,931.0,271.0,565.0,4990.0,2032.0,956.0,15375.0,4856.0,6935.0,2887.0,9012.0,1864.0,2657.0,14444.0,1696.0,1286.0,1262.0,2082.0,1466.0,3657.0,2652.0,4109.0,1515.0,4085.0,146.0,2.0,17.0,43.0,2.0,54.0,,69.0,1134.0,241.0,6716.0,660.0,1274.0,117.0,232.0,1949.0,540.0,1038.0,1965.0,4878.0,2086.0,785.0,414.0,4521.0,3869.0,1380.0,3786.0,402.0,2316.0,61.0
2026-09-26T21:00Z,211.0,290.0,380.0,9551.0,17734.0,3468.0,74.0,,,,,,,,,10285.0,4348.0,10090.0,17254.0,9655.0,25719.0,1298.0,822.0,1392.0,520.0,665.0,1174.0,994.0,268.0,571.0,4997.0,2068.0,994.0,15605.0,4918.0,6941.0,2925.0,9228.0,1936.0,2735.0,14592.0,1733.0,1308.0,1312.0,2143.0,1473.0,3676.0,2696.0,4137.0,1523.0,4166.0,147.0,2.0,17.0,41.0,2.0,54.0,,70.0,1207.0,251.0,6855.0,667.0,1278.0,118.0,233.0,1973.0,547.0,1043.0,1983.0,5151.0,2129.0,807.0,423.0,4615.0,3889.0,1429.0,3903.0,415.0,2394.0,61.0
2026-09-26T22:00Z,220.0,298.0,380.0,9509.0,17809.0,3569.0,82.0,,,,,,,,,10390.0,4524.0,10213.0,16618.0,9709.0,25699.0,1366.0,926.0,1488.0,523.0,748.0,1250.0,1025.0,275.0,587.0,5018.0,2121.0,1031.0,15813.0,4964.0,7078.0,2975.0,9432.0,1970.0,2783.0,14759.0,1768.0,1324.0,1337.0,2192.0,1490.0,3713.0,2730.0,4177.0,1538.0,4272.0,148.0,2.0,17.0,42.0,2.0,55.0,,70.0,1286.0,260.0,6879.0,671.0,1280.0,122.0,231.0,1993.0,551.0,1019.0,2018.0,5317.0,2156.0,828.0,423.0,4650.0,3913.0,1458.0,4053.0,433.0,2473.0,60.0
2026-09-26T23:00Z,227.0,304.0,382.0,9955.0,18759.0,3587.0,84.0,,,,,,,,,10534.0,4662.0,10118.0,16724.0,9708.0,25438.0,1440.0,1008.0,1574.0,527.0,803.0,1287.0,1058.0,275.0,595.0,5083.0,2168.0,1066.0,15843.0,4954.0,7072.0,3029.0,9647.0,1987.0,2757.0,15014.0,1793.0,1279.0,1308.0,2250.0,1483.0,3742.0,2774.0,4218.0,1588.0,4386.0,152.0,2.0,19.0,38.0,2.0,54.0,,70.0,1351.0,267.0,6785.0,670.0,1280.0,121.0,231.0,1989.0,551.0,1026.0,2032.0,5362.0,2133.0,837.0,412.0,4671.0,3910.0,1456.0,4121.0,449.0,2556.0,61.0
2026-09-27T00:00Z,229.0,302.0,384.0,10794.0,18436.0,3612.0,88.0,,,,,,,,,10567.0,4746.0,9887.0,16701.0,9672.0,24661.0,1478.0,1046.0,1615.0,560.0,826.0,1298.0,1071.0,268.0,597.0,5093.0,2168.0,1080.0,15680.0,4994.0,7086.0,3082.0,9802.0,1976.0,2683.0,15150.0,1802.0,1289.0,1248.0,2302.0,1490.0,3746.0,2809.0,4237.0,1576.0,4457.0,155.0,2.0,17.0,33.0,2.0,54.0,3.0,72.0,1428.0,269.0,6554.0,666.0,1269.0,120.0,232.0,1969.0,544.0,1042.0,2047.0,5271.0,2104.0,830.0,400.0,4667.0,3890.0,1401.0,4040.0,449.0,2629.0,61.0
2026-09-27T01:00Z,206.0,290.0,385.0,12022.0,17791.0,3548.0,88.0,,,,,,,,,10666.0,4855.0,9772.0,16674.0,9750.0,23940.0,1455.0,1025.0,1579.0,530.0,813.0,1254.0,1046.0,262.0,581.0,4997.0,2090.0,1051.0,15494.0,4940.0,7012.0,3005.0,9800.0,1948.0,2655.0,15042.0,1749.0,1298.0,1218.0,2205.0,1464.0,3662.0,2770.0,4145.0,1511.0,4382.0,152.0,2.0,18.0,30.0,2.0,54.0,26.0,73.0,1423.0,265.0,6286.0,662.0,1255.0,121.0,237.0,1977.0,530.0,1038.0,1997.0,5117.0,2085.0,806.0,401.0,4594.0,3880.0,1332.0,3937.0,439.0,2623.0,66.0
2026-09-27T02:00Z,209.0,281.0,386.0,12625.0,16831.0,3552.0,84.0,,,,,,,,,10564.0,4731.0,9470.0,16209.0,9598.0,23097.0,1414.0,986.0,1532.0,520.0,777.0,1218.0,1006.0,254.0,559.0,4854.0,1990.0,1014.0,15061.0,4799.0,6863.0,2907.0,9575.0,1876.0,2548.0,14685.0,1678.0,1267.0,1145.0,2136.0,1419.0,3537.0,2705.0,3997.0,1453.0,4259.0,147.0,3.0,18.0,30.0,2.0,53.0,24.0,72.0,1382.0,259.0,6013.0,647.0,1234.0,118.0,237.0,1949.0,522.0,1018.0,1982.0,4909.0,2073.0,777.0,395.0,4520.0,3872.0,1280.0,3835.0,433.0,2582.0,69.0
2026-09-27T03:00Z,216.0,266.0,383.0,12507.0,16409.0,3486.0,77.0,,,,,,,,,10238.0,4529.0,8965.0,15535.0,9362.0,22414.0,1359.0,935.0,1458.0,512.0,735.0,1160.0,956.0,236.0,531.0,4687.0,1883.0,965.0,14515.0,4635.0,6568.0,2766.0,9262.0,1778.0,2417.0,14255.0,1586.0,1222.0,1059.0,2000.0,1348.0,3398.0,2600.0,3801.0,1399.0,4094.0,141.0,2.0,17.0,31.0,2.0,53.0,24.0,73.0,1322.0,256.0,5739.0,623.0,1222.0,114.0,231.0,1900.0,502.0,991.0,1907.0,4715.0,2025.0,733.0,379.0,4410.0,3793.0,1236.0,3671.0,420.0,2484.0,68.0
2026-09-27T04:00Z,218.0,250.0,378.0,12408.0,15907.0,3503.0,72.0,,,,,,,,,9831.0,4427.0,8553.0,14805.0,9045.0,21403.0,1303.0,882.0,1400.0,504.0,695.0,1109.0,902.0,218.0,497.0,4478.0,1767.0,915.0,14023.0,4465.0,6267.0,2625.0,8940.0,1680.0,2291.0,13770.0,1492.0,1165.0,975.0,1924.0,1282.0,3229.0,2468.0,3640.0,1345.0,3910.0,133.0,2.0,16.0,36.0,2.0,52.0,23.0,72.0,1264.0,246.0,5428.0,589.0,1207.0,108.0,224.0,1812.0,481.0,1005.0,1861.0,4406.0,1955.0,700.0,360.0,4268.0,3688.0,1174.0,3488.0,399.0,2401.0,63.0
2026-09-27T05:00Z,217.0,235.0,371.0,12068.0,15488.0,3381.0,68.0,,,,,,,,,9397.0,4192.0,8239.0,14520.0,8698.0,20522.0,,,,,,,,,,,,,,,,,,,,,,,,,,,,,,,,2.0,14.0,39.0,2.0,52.0,27.0,72.0,1200.0,235.0,5134.0,551.0,1189.0,100.0,214.0,1717.0,455.0,941.0,1768.0,4159.0,1873.0,670.0,336.0,4127.0,3596.0,1102.0,3287.0,375.0,2281.0,58.0
2026-09-27T06:00Z,216.0,221.0,364.0,11530.0,14833.0,3408.0,62.0,,,,,,,,,,,,,,,,,,,,,,,,,,,,,,,,,,,,,,,,,,,,,,2.0,13.0,43.0,2.0,51.0,25.0,71.0,1128.0,224.0,,,,,,,,,,,,,,,,,,,,
2026-09-27T07:00Z,215.0,210.0,363.0,10898.0,13984.0,3082.0,57.0,,,,,,,,,,,,,,,,,,,,,,,,,,,,,,,,,,,,,,,,,,,,,,2.0,12.0,42.0,2.0,51.0,24.0,71.0,1065.0,213.0,,,,,,,,,,,,,,,,,,,,
2026-09-27T08:00Z,211.0,202.0,360.0,,,,,,,,,,,,,,,,,,,,,,,,,,,,,,,,,,,,,,,,,,,,,,,,,,,,,,,,,,,,,,,,,,,,,,,,,,,,,,
2026-09-27T09:00Z,210.0,198.0,357.0,,,,,,,,,,,,,,,,,,,,,,,,,,,,,,,,,,,,,,,,,,,,,,,,,,,,,,,,,,,,,,,,,,,,,,,,,,,,,,
2026-09-27T10:00Z,207.0,197.0,356.0,,,,,,,,,,,,,,,,,,,,,,,,,,,,,,,,,,,,,,,,,,,,,,,,,,,,,,,,,,,,,,,,,,,,,,,,,,,,,,
2026-09-27T11:00Z,205.0,199.0,357.0,,,,,,,,,,,,,,,,,,,,,,,,,,,,,,,,,,,,,,,,,,,,,,,,,,,,,,,,,,,,,,,,,,,,,,,,,,,,,,
2026-09-27T12:00Z,211.0,204.0,357.0,,,,,,,,,,,,,,,,,,,,,,,,,,,,,,,,,,,,,,,,,,,,,,,,,,,,,,,,,,,,,,,,,,,,,,,,,,,,,,
2026-09-27T13:00Z,199.0,215.0,359.0,,,,,,,,,,,,,,,,,,,,,,,,,,,,,,,,,,,,,,,,,,,,,,,,,,,,,,,,,,,,,,,,,,,,,,,,,,,,,,
2026-09-27T14:00Z,203.0,225.0,359.0,,,,,,,,,,,,,,,,,,,,,,,,,,,,,,,,,,,,,,,,,,,,,,,,,,,,,,,,,,,,,,,,,,,,,,,,,,,,,,
2026-09-27T15:00Z,213.0,239.0,363.0,,,,,,,,,,,,,,,,,,,,,,,,,,,,,,,,,,,,,,,,,,,,,,,,,,,,,,,,,,,,,,,,,,,,,,,,,,,,,,
2026-09-27T16:00Z,221.0,249.0,371.0,,,,,,,,,,,,,,,,,,,,,,,,,,,,,,,,,,,,,,,,,,,,,,,,,,,,,,,,,,,,,,,,,,,,,,,,,,,,,,
2026-09-27T17:00Z,216.0,254.0,375.0,,,,,,,,,,,,,,,,,,,,,,,,,,,,,,,,,,,,,,,,,,,,,,,,,,,,,,,,,,,,,,,,,,,,,,,,,,,,,,
2026-09-27T18:00Z,210.0,255.0,377.0,,,,,,,,,,,,,,,,,,,,,,,,,,,,,,,,,,,,,,,,,,,,,,,,,,,,,,,,,,,,,,,,,,,,,,,,,,,,,,
2026-09-27T19:00Z,212.0,259.0,380.0,,,,,,,,,,,,,,,,,,,,,,,,,,,,,,,,,,,,,,,,,,,,,,,,,,,,,,,,,,,,,,,,,,,,,,,,,,,,,,
2026-09-27T20:00Z,217.0,261.0,383.0,,,,,,,,,,,,,,,,,,,,,,,,,,,,,,,,,,,,,,,,,,,,,,,,,,,,,,,,,,,,,,,,,,,,,,,,,,,,,,
2026-09-27T21:00Z,221.0,262.0,381.0,,,,,,,,,,,,,,,,,,,,,,,,,,,,,,,,,,,,,,,,,,,,,,,,,,,,,,,,,,,,,,,,,,,,,,,,,,,,,,
2026-09-27T22:00Z,220.0,264.0,386.0,,,,,,,,,,,,,,,,,,,,,,,,,,,,,,,,,,,,,,,,,,,,,,,,,,,,,,,,,,,,,,,,,,,,,,,,,,,,,,
2026-09-27T23:00Z,223.0,269.0,388.0,,,,,,,,,,,,,,,,,,,,,,,,,,,,,,,,,,,,,,,,,,,,,,,,,,,,,,,,,,,,,,,,,,,,,,,,,,,,,,
2026-09-28T00:00Z,218.0,273.0,391.0,,,,,,,,,,,,,,,,,,,,,,,,,,,,,,,,,,,,,,,,,,,,,,,,,,,,,,,,,,,,,,,,,,,,,,,,,,,,,,
2026-09-28T01:00Z,203.0,273.0,389.0,,,,,,,,,,,,,,,,,,,,,,,,,,,,,,,,,,,,,,,,,,,,,,,,,,,,,,,,,,,,,,,,,,,,,,,,,,,,,,
2026-09-28T02:00Z,210.0,272.0,389.0,,,,,,,,,,,,,,,,,,,,,,,,,,,,,,,,,,,,,,,,,,,,,,,,,,,,,,,,,,,,,,,,,,,,,,,,,,,,,,
2026-09-28T03:00Z,211.0,264.0,384.0,,,,,,,,,,,,,,,,,,,,,,,,,,,,,,,,,,,,,,,,,,,,,,,,,,,,,,,,,,,,,,,,,,,,,,,,,,,,,,
2026-09-28T04:00Z,217.0,248.0,377.0,,,,,,,,,,,,,,,,,,,,,,,,,,,,,,,,,,,,,,,,,,,,,,,,,,,,,,,,,,,,,,,,,,,,,,,,,,,,,,
2026-09-28T05:00Z,218.0,231.0,371.0,,,,,,,,,,,,,,,,,,,,,,,,,,,,,,,,,,,,,,,,,,,,,,,,,,,,,,,,,,,,,,,,,,,,,,,,,,,,,,
2026-09-28T06:00Z,210.0,215.0,365.0,,,,,,,,,,,,,,,,,,,,,,,,,,,,,,,,,,,,,,,,,,,,,,,,,,,,,,,,,,,,,,,,,,,,,,,,,,,,,,
