timestamp,CAPITL,CENTRL,DUNWOD,GENESE,H Q,HUD VL,LONGIL,MHK VL,MILLWD,N.Y.C.,NORTH,NPX,O H,PJM,WEST
2026-09-01T00:00Z,44.65,44.35,45.11,40.46,43.01,44.9,45.2,44.89,44.92,45.14,43.25,45.27,34.48,35.15,36.46
2026-09-01T01:00Z,45.66,44.9,45.94,42.8,44.47,45.76,45.88,46.03,45.74,46.0,44.67,45.03,39.56,40.55,40.41
2026-09-01T02:00Z,43.94,43.29,44.17,41.11,42.92,43.95,43.95,44.22,43.97,44.29,43.28,43.36,37.96,38.37,38.7
2026-09-01T03:00Z,39.38,38.79,39.67,36.48,38.5,39.41,39.85,39.55,39.47,39.8,38.88,38.96,33.49,33.84,34.1
2026-09-01T04:00Z,41.01,40.42,41.3,36.64,39.89,40.94,41.85,40.95,41.05,41.46,40.22,44.99,32.47,27.69,33.08
2026-09-01T05:00Z,41.0,40.59,41.12,35.92,39.89,40.79,41.98,40.88,40.9,41.25,40.15,41.92,30.92,18.81,31.42
2026-09-01T06:00Z,38.26,37.7,38.29,33.33,37.21,38.04,38.77,38.1,38.09,38.37,37.52,38.28,28.79,26.73,29.24
2026-09-01T07:00Z,37.63,36.22,37.66,34.36,36.59,37.42,38.07,37.43,37.46,37.72,36.94,37.6,32.11,22.85,32.55
2026-09-01T08:00Z,35.85,34.47,35.94,32.51,34.84,35.71,36.4,35.68,35.75,36.0,35.15,36.15,30.14,24.0,30.53
2026-09-01T09:00Z,37.23,35.96,37.37,33.46,36.19,37.09,38.06,37.13,37.14,37.44,36.53,40.9,30.41,24.27,30.83
2026-09-01T10:00Z,47.64,46.88,47.78,42.39,46.39,47.43,47.91,47.79,47.5,47.9,46.74,53.73,37.17,30.96,37.83
2026-09-01T11:00Z,50.46,49.66,50.14,43.88,48.67,49.78,49.95,50.05,49.83,50.28,49.01,52.62,37.3,36.17,38.07
2026-09-01T12:00Z,47.56,46.25,47.72,43.64,46.04,47.32,47.47,47.34,47.4,47.96,46.33,47.42,39.95,40.91,40.76
2026-09-01T13:00Z,48.67,48.84,49.15,42.76,47.36,48.7,48.87,48.26,48.82,49.37,47.58,48.6,36.02,35.89,36.88
2026-09-01T14:00Z,55.78,56.7,56.78,50.57,54.9,56.27,57.17,56.22,56.4,56.86,55.11,54.34,43.49,42.95,44.49
2026-09-01T15:00Z,50.96,50.44,53.24,50.31,50.71,51.42,53.93,51.49,53.88,53.32,50.3,51.61,48.7,50.15,49.62
2026-09-01T16:00Z,52.17,51.98,53.65,52.01,51.49,53.11,53.76,52.88,53.27,53.78,51.35,52.22,49.19,51.33,51.46
2026-09-01T17:00Z,52.36,51.8,53.69,52.75,58.41,53.25,53.49,52.93,53.34,53.83,51.22,58.9,51.73,59.2,52.67
2026-09-01T18:00Z,51.32,51.29,53.16,52.41,49.9,52.74,52.41,52.27,52.81,53.33,50.3,42.51,51.41,51.06,52.36
2026-09-01T19:00Z,48.53,48.15,50.78,49.02,47.31,50.25,37.45,49.12,50.4,51.05,46.76,28.41,47.95,23.92,48.8
2026-09-01T20:00Z,40.35,41.22,44.39,38.78,58.77,42.96,38.05,41.14,44.46,44.59,38.87,42.38,34.99,3.39,35.81
2026-09-01T21:00Z,46.16,47.6,50.99,46.76,57.33,49.59,49.32,47.98,50.78,51.18,44.52,32.38,45.46,153.79,46.77
2026-09-01T22:00Z,50.3,52.36,52.61,50.66,48.93,52.14,52.4,52.63,52.27,52.76,48.58,28.94,48.38,66.73,49.95
2026-09-01T23:00Z,48.52,52.22,50.62,46.25,47.07,50.18,50.31,51.11,50.31,50.84,46.78,30.8,40.65,41.87,42.36
2026-09-02T00:00Z,49.27,52.41,50.77,48.29,47.84,50.4,50.59,51.72,50.47,50.94,47.61,32.35,44.64,46.31,46.42
2026-09-02T01:00Z,51.53,52.24,52.49,51.05,50.39,52.21,42.38,52.88,52.24,52.69,50.17,49.25,48.53,60.93,49.88
2026-09-02T02:00Z,36.91,37.3,37.57,35.27,36.28,37.31,37.78,37.49,37.35,37.71,36.4,32.08,32.05,22.39,32.82
2026-09-02T03:00Z,41.55,41.99,42.44,39.91,41.05,42.08,42.69,42.21,42.17,42.6,41.35,39.23,36.77,36.47,37.54
2026-09-02T04:00Z,51.19,52.43,51.56,44.93,50.19,51.26,51.84,51.52,51.3,51.69,50.52,50.75,36.91,46.23,37.77
2026-09-02T05:00Z,44.43,46.71,44.3,35.69,43.57,44.08,44.57,44.48,44.08,44.41,43.98,44.86,24.75,18.54,25.39
2026-09-02T06:00Z,39.52,40.71,39.3,33.48,38.76,39.13,39.4,39.49,39.13,39.4,39.19,39.3,26.11,24.1,26.61
2026-09-02T07:00Z,38.45,39.74,38.06,31.43,37.56,37.92,38.25,38.26,37.9,38.15,37.99,38.36,23.08,20.65,23.51
2026-09-02T08:00Z,38.82,38.83,38.54,35.26,37.94,38.37,38.84,38.7,38.36,38.65,38.36,38.68,31.18,30.17,31.68
2026-09-02T09:00Z,38.51,37.91,38.35,35.92,37.3,38.15,38.43,38.27,38.16,38.48,37.74,38.48,33.22,32.95,33.75
2026-09-02T10:00Z,37.88,37.56,38.02,34.69,36.35,37.74,38.26,37.71,37.8,38.19,36.88,37.81,31.05,30.78,31.61
2026-09-02T11:00Z,40.31,39.08,40.58,38.31,38.52,40.24,40.97,39.92,40.31,40.76,39.07,40.36,36.31,37.09,36.91
2026-09-02T12:00Z,42.43,41.29,42.76,40.23,40.57,42.36,43.23,42.11,42.45,42.94,41.06,42.44,37.76,38.4,38.36
2026-09-02T13:00Z,41.55,40.84,42.17,40.3,39.98,41.78,42.5,41.5,41.87,42.36,40.35,41.14,38.37,38.51,39.01
2026-09-02T14:00Z,44.58,44.07,45.87,44.85,43.15,45.38,46.41,44.78,45.53,46.06,43.42,44.26,44.36,44.71,45.19
2026-09-02T15:00Z,41.69,40.73,43.15,41.44,40.21,42.65,43.57,41.77,42.81,43.35,40.46,41.61,40.33,41.07,41.89
2026-09-02T16:00Z,45.52,44.61,47.67,45.79,43.96,47.07,48.25,45.36,47.29,47.87,44.09,45.56,45.65,47.28,46.48
2026-09-02T17:00Z,43.0,42.24,45.02,46.22,41.56,44.48,45.62,42.63,44.66,45.24,41.73,42.97,44.65,43.7,45.73
2026-09-02T18:00Z,32.02,31.56,33.62,73.96,31.13,33.21,33.99,31.89,33.36,33.79,31.29,32.1,56.41,32.61,60.82
2026-09-02T19:00Z,33.33,33.18,34.77,56.87,32.29,34.36,35.05,33.26,34.49,34.87,32.33,33.49,47.74,34.18,50.71
2026-09-02T20:00Z,35.38,35.14,36.73,44.08,31.63,36.38,37.22,35.54,36.47,36.83,34.39,33.57,40.55,45.41,42.2
2026-09-02T21:00Z,32.98,32.73,34.06,48.97,31.84,33.74,34.97,33.19,33.82,34.1,31.95,32.66,41.85,33.34,44.1
2026-09-02T22:00Z,35.65,35.38,36.55,45.57,25.38,36.26,37.02,35.75,36.33,36.59,34.39,33.16,39.38,33.87,42.78
2026-09-02T23:00Z,39.79,39.45,40.63,42.62,38.97,40.36,41.11,40.03,40.4,40.69,39.08,39.48,43.33,76.85,41.76
2026-09-03T00:00Z,36.43,35.85,36.79,36.08,35.53,36.61,37.01,36.3,36.63,36.85,35.64,37.49,35.01,35.6,35.85
2026-09-03T01:00Z,44.3,43.92,44.87,44.55,43.4,44.57,45.35,44.32,44.61,44.98,43.41,43.78,43.65,43.74,44.67
2026-09-03T02:00Z,47.32,46.68,48.07,47.27,49.07,47.73,48.66,47.1,47.83,48.27,46.19,49.93,46.52,49.77,47.55
2026-09-03T03:00Z,48.24,47.46,48.59,48.19,48.44,48.32,49.02,48.19,48.38,48.72,47.62,48.86,47.65,48.77,48.54
2026-09-03T04:00Z,43.23,43.13,43.2,39.51,42.28,42.99,43.78,42.79,43.02,43.32,42.57,42.88,34.92,34.31,35.72
2026-09-03T05:00Z,39.59,39.48,39.37,35.57,33.73,39.22,39.68,39.14,39.23,39.45,38.7,40.45,31.2,26.16,31.69
2026-09-03T06:00Z,30.71,30.36,30.6,27.15,29.74,30.44,30.86,30.21,30.48,30.71,29.82,35.34,23.6,23.18,23.91
2026-09-03T07:00Z,32.14,31.5,31.95,29.58,31.14,31.81,32.15,31.53,31.83,32.03,31.23,35.1,27.16,26.81,27.51
2026-09-03T08:00Z,33.35,32.95,33.05,30.41,32.37,32.95,33.17,32.82,32.96,33.14,32.47,35.57,27.45,26.82,27.85
2026-09-03T09:00Z,37.69,37.76,37.51,33.79,36.76,37.37,37.74,37.44,37.38,37.62,36.95,37.5,29.4,28.47,29.88
2026-09-03T10:00Z,43.08,42.93,43.25,41.46,42.32,43.02,43.43,43.26,43.06,43.4,42.61,41.74,39.01,38.43,39.66
2026-09-03T11:00Z,42.79,42.1,43.37,42.33,42.05,43.08,43.5,43.13,43.15,43.57,42.36,42.18,41.3,41.73,42.06
2026-09-03T12:00Z,44.95,44.75,45.52,42.64,44.16,45.17,45.74,45.2,45.27,45.74,44.52,44.5,39.32,39.13,40.09
2026-09-03T13:00Z,50.15,51.34,50.85,46.17,49.5,50.45,51.21,50.45,50.58,51.09,49.71,49.72,39.67,37.67,40.51
2026-09-03T14:00Z,45.42,45.78,46.59,45.56,45.25,46.15,46.98,45.77,46.32,46.82,45.47,44.86,43.77,42.24,44.63
2026-09-03T15:00Z,49.23,49.28,50.92,50.33,49.03,50.39,51.64,49.64,50.62,51.15,49.09,48.57,49.77,49.85,50.8
2026-09-03T16:00Z,51.02,50.89,52.89,51.84,50.54,52.39,53.32,51.24,52.57,53.1,50.57,50.53,50.99,51.59,52.1
2026-09-03T17:00Z,50.58,50.82,52.76,51.83,50.7,52.27,54.43,51.04,52.44,52.97,50.21,44.97,50.87,51.96,52.03
2026-09-03T18:00Z,47.76,48.13,50.01,49.21,47.47,49.59,50.57,48.26,49.72,50.17,47.27,47.53,46.82,48.79,49.41
2026-09-03T19:00Z,48.99,49.52,51.45,50.76,48.78,51.02,51.71,49.63,51.15,51.59,48.53,43.3,48.74,50.14,50.96
2026-09-03T20:00Z,58.61,59.45,62.04,60.38,58.17,61.48,62.58,59.53,61.65,62.12,57.82,53.19,58.81,60.35,60.39
2026-09-03T21:00Z,118.84,120.17,125.29,122.13,116.04,124.34,126.32,121.46,124.54,125.42,115.68,106.74,118.95,122.01,122.33
2026-09-03T22:00Z,51.81,51.87,54.39,52.45,49.69,53.97,54.76,52.73,54.07,54.46,49.55,45.52,50.85,52.73,52.28
2026-09-03T23:00Z,52.91,52.45,54.84,52.8,50.92,54.49,55.18,53.49,54.55,54.88,50.9,48.13,50.85,53.15,52.17
2026-09-04T00:00Z,57.68,57.69,58.87,54.57,55.93,58.61,59.19,57.97,58.62,58.86,55.97,58.29,47.91,55.46,50.92
2026-09-04T01:00Z,57.62,57.28,58.57,54.61,56.14,58.28,58.78,57.85,58.3,58.64,56.14,56.73,50.07,55.16,51.36
2026-09-04T02:00Z,62.34,63.37,63.15,56.03,61.24,62.78,63.4,62.77,62.84,63.3,61.61,62.11,47.44,37.29,48.69
2026-09-04T03:00Z,58.39,60.34,59.35,49.98,56.33,58.96,59.63,58.81,59.05,54.09,57.86,56.33,39.18,28.63,40.12
2026-09-04T04:00Z,64.16,65.89,64.99,55.98,63.06,64.59,64.38,64.62,64.69,63.59,63.42,63.42,45.7,41.48,46.72
2026-09-04T05:00Z,59.01,60.54,59.66,50.41,57.9,59.28,59.6,59.32,59.38,58.44,58.21,58.82,40.18,36.26,41.08
2026-09-04T06:00Z,56.95,57.33,57.48,51.74,55.92,57.1,58.01,57.17,57.24,56.37,56.24,56.52,45.79,42.94,46.62
2026-09-04T07:00Z,53.26,52.84,53.76,49.73,52.21,53.4,54.24,53.35,53.54,52.82,52.54,52.97,46.08,44.29,46.84
2026-09-04T08:00Z,53.83,53.39,54.29,50.11,52.67,53.94,54.88,53.88,54.06,53.35,52.92,53.58,46.29,44.41,47.11
2026-09-04T09:00Z,53.59,53.59,54.22,48.38,52.41,53.82,54.91,53.74,53.95,53.33,52.68,53.3,42.66,37.77,43.62
2026-09-04T10:00Z,59.61,60.19,60.26,53.08,58.33,59.83,60.43,59.94,60.0,59.2,58.66,59.24,45.57,36.32,46.55
2026-09-04T11:00Z,57.28,57.33,58.36,52.84,54.42,57.87,58.88,57.62,58.06,57.64,56.54,55.01,47.66,43.61,48.72
2026-09-04T12:00Z,51.63,52.01,55.19,47.57,51.03,51.38,56.09,52.01,54.53,19.63,51.25,51.93,42.52,-22.66,43.49
2026-09-04T13:00Z,55.9,55.3,58.6,55.08,59.11,57.83,59.19,56.39,58.21,28.48,55.72,60.28,53.8,5.83,55.06
2026-09-04T14:00Z,45.93,45.69,51.27,44.57,44.73,45.2,53.09,46.23,50.31,20.62,45.9,45.73,42.57,-21.46,43.52
2026-09-04T15:00Z,50.94,50.65,53.99,51.04,49.69,53.29,54.62,51.53,53.61,-13.06,51.07,48.5,50.31,-68.33,51.46
2026-09-04T16:00Z,51.14,50.28,53.74,50.71,50.82,53.15,54.24,51.31,53.38,51.22,51.04,51.87,49.65,46.81,50.71
2026-09-04T17:00Z,51.91,51.37,54.49,51.99,51.75,53.92,55.02,52.15,54.14,54.45,52.03,52.29,50.96,51.55,52.01
2026-09-04T18:00Z,51.75,51.37,54.63,52.17,51.58,54.04,55.24,52.03,54.26,54.64,51.73,51.72,51.13,51.86,52.23
2026-09-04T19:00Z,57.19,56.8,60.2,57.42,56.85,59.57,60.63,57.24,59.79,59.95,56.97,57.06,55.81,56.04,56.97
2026-09-04T20:00Z,77.47,76.72,81.65,77.87,76.29,80.8,82.87,77.69,81.12,80.41,76.37,76.92,76.18,76.37,77.91
2026-09-04T21:00Z,51.18,50.56,54.04,51.19,49.59,53.46,55.05,51.33,53.67,54.06,49.6,50.8,49.9,48.95,51.12
2026-09-04T22:00Z,50.26,49.7,52.87,49.79,48.12,52.34,53.25,50.58,52.5,52.87,48.17,48.77,48.38,50.65,49.71
2026-09-04T23:00Z,51.41,50.72,53.36,50.55,49.65,52.95,53.51,51.93,53.04,53.22,49.83,49.05,48.93,58.03,50.31
2026-09-05T00:00Z,52.13,51.79,53.18,50.28,51.35,52.92,52.9,52.63,52.94,52.18,51.05,51.62,47.45,52.97,48.79
2026-09-05T01:00Z,50.66,50.59,51.47,47.6,49.68,51.2,51.5,51.12,51.22,50.57,49.92,49.82,43.53,33.08,44.73
2026-09-05T02:00Z,47.7,48.08,48.7,44.34,47.03,48.38,48.68,48.12,48.44,48.03,47.31,46.84,39.71,37.34,40.73
2026-09-05T03:00Z,53.43,53.06,54.59,50.15,52.16,54.14,54.64,53.68,54.27,53.68,52.81,53.93,46.33,44.98,47.34
2026-09-05T04:00Z,52.69,51.43,53.75,50.86,51.68,53.25,53.78,52.94,53.35,51.53,52.13,51.98,49.33,42.83,50.28
2026-09-05T05:00Z,51.45,50.96,52.22,47.53,49.27,51.76,52.53,51.53,51.86,51.79,50.67,50.55,43.59,38.9,44.46
2026-09-05T06:00Z,46.4,46.12,46.93,42.25,45.5,46.55,47.36,46.42,46.64,46.33,45.7,46.16,38.06,30.55,38.8
2026-09-05T07:00Z,39.87,39.58,40.3,36.49,39.13,39.97,40.6,39.9,40.05,40.01,39.4,39.48,33.2,32.25,33.84
2026-09-05T08:00Z,40.72,40.04,41.06,37.78,39.91,40.75,41.34,40.68,40.81,40.73,40.17,40.58,35.23,32.62,35.86
2026-09-05T09:00Z,40.11,39.51,40.42,37.16,39.35,40.12,40.81,40.12,40.17,40.13,39.64,40.44,34.6,34.55,35.25
2026-09-05T10:00Z,42.26,41.07,42.77,40.19,41.66,42.44,43.22,42.37,42.5,42.4,42.01,41.43,38.23,39.85,39.71
2026-09-05T11:00Z,44.99,43.72,45.62,43.13,44.43,45.25,45.82,45.12,45.32,44.83,44.79,44.72,39.8,34.45,42.9
2026-09-05T12:00Z,44.44,43.13,45.34,42.66,44.07,44.92,45.71,44.61,45.02,43.23,44.47,44.34,39.93,29.87,42.54
2026-09-05T13:00Z,39.67,38.53,40.77,37.89,39.31,40.31,41.18,39.85,40.46,40.24,39.68,39.71,36.93,25.0,37.48
2026-09-05T14:00Z,40.07,39.0,41.6,38.68,39.83,41.08,42.24,40.37,41.25,41.24,40.21,40.14,37.92,38.68,38.47
2026-09-05T15:00Z,44.87,44.16,46.69,42.02,44.43,46.09,47.83,45.0,46.3,46.09,44.63,45.04,37.63,39.4,40.14
2026-09-05T16:00Z,50.32,49.43,52.25,46.9,50.99,51.65,53.02,50.31,51.85,51.38,50.01,51.8,43.68,44.46,44.48
2026-09-05T17:00Z,60.64,59.57,62.95,56.47,59.98,62.3,63.18,60.67,62.51,61.54,60.26,61.0,52.45,51.79,53.47
2026-09-05T18:00Z,59.83,58.2,62.17,56.32,58.96,61.54,62.22,59.65,61.72,60.89,59.11,60.12,53.46,53.72,54.45
2026-09-05T19:00Z,58.38,56.23,60.94,55.26,57.38,60.26,61.49,58.27,60.49,59.45,57.47,58.74,53.43,55.21,54.46
2026-09-05T20:00Z,51.37,49.66,53.52,48.49,52.33,52.98,54.26,51.34,53.13,52.32,50.77,54.27,46.44,49.56,47.32
2026-09-05T21:00Z,49.24,48.43,50.74,45.51,48.43,50.35,51.42,49.41,50.42,49.7,48.67,48.12,41.58,41.8,42.57
2026-09-05T22:00Z,49.92,49.38,51.1,45.48,48.8,50.76,51.86,50.2,50.81,49.86,48.99,49.55,40.5,40.54,41.62
2026-09-05T23:00Z,55.46,54.86,56.47,51.87,54.31,56.22,56.75,55.99,56.18,54.92,54.59,54.84,47.69,47.63,48.99
2026-09-06T00:00Z,51.49,50.02,52.32,48.86,50.31,52.06,52.92,51.81,52.03,51.01,50.6,50.95,46.52,49.35,47.59
2026-09-06T01:00Z,49.39,47.76,50.33,47.01,48.39,49.99,51.16,49.71,50.03,49.84,48.46,49.18,45.22,45.84,46.19
2026-09-06T02:00Z,51.17,49.31,52.16,48.43,49.94,51.76,52.88,51.37,51.83,52.21,50.11,52.35,46.69,37.37,47.68
2026-09-06T03:00Z,47.85,46.11,48.77,45.26,46.72,48.38,49.5,47.97,48.46,48.85,46.91,47.72,43.76,30.15,44.64
2026-09-06T04:00Z,45.27,43.73,45.91,43.01,44.3,45.56,46.64,45.34,45.64,45.96,44.48,45.18,41.72,17.81,42.49
2026-09-06T05:00Z,44.4,42.92,44.82,42.39,43.56,44.51,45.35,44.48,44.57,44.87,43.76,44.32,41.31,16.87,41.99
2026-09-06T06:00Z,39.53,38.16,39.86,37.61,38.83,39.61,40.54,39.58,39.65,39.92,39.11,39.45,36.64,18.88,37.23
2026-09-06T07:00Z,35.98,34.7,36.3,34.11,35.31,36.06,37.1,36.01,36.11,36.32,35.59,35.9,33.21,34.72,33.77
2026-09-06T08:00Z,35.19,33.75,35.41,33.0,34.38,35.2,36.09,35.08,35.23,35.43,34.61,35.22,32.01,30.61,32.56
2026-09-06T09:00Z,31.59,30.36,31.79,29.74,30.89,31.6,32.34,31.57,31.63,31.82,31.12,31.58,28.93,9.66,29.44
2026-09-06T10:00Z,28.93,27.65,29.12,27.0,28.24,28.95,29.6,28.82,28.97,29.16,28.46,28.9,26.2,7.7,26.68
2026-09-06T11:00Z,32.65,31.27,32.87,30.76,31.89,32.7,33.35,32.49,32.73,32.91,32.16,32.65,30.06,13.06,30.58
2026-09-06T12:00Z,32.64,31.27,33.15,30.79,31.95,32.91,33.77,32.41,32.97,33.21,32.17,32.75,30.14,16.0,30.63
2026-09-06T13:00Z,40.02,38.33,40.84,37.98,39.31,40.52,41.29,39.63,40.63,40.28,39.58,40.19,37.23,38.97,37.79
2026-09-06T14:00Z,33.79,32.47,34.92,32.3,33.35,34.58,35.54,33.5,34.71,27.45,33.54,34.05,31.76,16.63,32.2
2026-09-06T15:00Z,29.39,28.37,30.56,28.24,29.14,30.23,31.08,29.2,30.37,30.65,29.32,29.69,27.82,16.73,28.22
2026-09-06T16:00Z,29.09,28.08,30.35,27.84,28.86,30.0,32.76,28.93,30.15,30.46,29.04,29.43,27.29,20.03,27.7
2026-09-06T17:00Z,27.03,26.1,28.34,25.69,26.82,27.96,31.13,26.92,28.14,28.45,26.95,27.44,25.07,26.43,25.47
2026-09-06T18:00Z,27.43,26.56,28.85,26.15,27.22,28.5,36.5,27.34,28.64,28.96,27.33,27.82,25.56,27.25,25.96
2026-09-06T19:00Z,28.76,27.7,30.2,27.21,28.44,29.83,30.72,28.62,29.98,30.3,28.54,29.13,26.5,28.43,26.94
2026-09-06T20:00Z,29.0,27.99,30.49,27.45,28.69,30.13,30.91,28.94,30.26,30.58,28.81,29.32,26.69,28.72,27.14
2026-09-06T21:00Z,28.36,27.26,30.03,26.66,27.95,29.04,30.55,28.31,29.69,30.11,28.13,28.53,25.72,27.26,26.17
2026-09-06T22:00Z,37.11,35.89,38.21,35.05,36.5,37.91,38.74,37.38,37.99,38.24,36.78,36.94,33.65,36.22,34.34
2026-09-06T23:00Z,41.89,40.51,42.7,39.72,40.4,42.44,43.3,42.3,42.48,42.69,41.59,40.79,37.23,38.25,38.97
2026-09-07T00:00Z,47.26,45.5,48.34,44.48,46.33,47.95,48.96,47.57,48.05,48.32,46.7,46.53,42.67,26.8,43.58
2026-09-07T01:00Z,47.28,45.48,48.33,44.66,46.4,47.91,48.91,47.59,48.02,48.39,46.75,47.15,43.12,20.17,43.96
2026-09-07T02:00Z,42.09,40.61,43.05,39.97,41.38,42.65,44.38,42.37,42.76,43.14,41.73,41.95,38.77,22.6,39.48
2026-09-07T03:00Z,34.45,33.28,35.03,32.71,33.92,34.73,35.76,34.59,34.8,35.09,34.22,34.25,31.75,33.03,32.27
2026-09-07T04:00Z,29.87,28.62,30.27,27.87,29.23,30.03,30.9,29.79,30.1,30.34,29.45,30.48,26.91,22.28,27.34
2026-09-07T05:00Z,27.67,26.53,28.02,25.81,27.11,27.81,28.51,27.55,27.86,28.1,27.28,27.64,24.94,10.92,25.31
2026-09-07T06:00Z,25.53,24.49,25.81,23.8,25.02,25.61,26.22,25.4,25.67,25.88,25.19,25.51,23.03,16.4,23.37
2026-09-07T07:00Z,25.73,24.75,25.94,24.08,25.26,25.78,26.34,25.7,25.82,26.0,25.43,25.64,23.36,17.38,23.71
2026-09-07T08:00Z,27.19,26.12,27.37,25.38,26.69,27.21,27.8,27.13,27.23,27.41,26.88,27.09,24.6,21.15,24.99
2026-09-07T09:00Z,27.3,26.19,27.47,25.43,26.73,27.31,27.89,27.18,27.34,27.52,26.91,27.21,24.63,19.3,25.04
2026-09-07T10:00Z,26.48,25.3,26.67,24.57,25.86,26.51,27.07,26.3,26.54,26.74,26.04,26.43,23.43,12.84,24.17
2026-09-07T11:00Z,27.15,26.0,27.49,25.42,26.56,27.31,27.9,26.94,27.36,27.56,26.73,27.14,24.81,9.81,25.22
2026-09-07T12:00Z,22.6,21.73,23.24,21.32,22.25,23.02,23.57,22.48,23.1,23.33,22.4,22.71,20.98,9.04,21.28
2026-09-07T13:00Z,19.11,18.42,19.87,18.08,18.93,19.64,20.14,19.04,19.73,19.95,19.04,19.31,17.86,18.88,18.09
2026-09-07T14:00Z,20.44,19.76,21.74,19.49,20.35,20.98,22.11,20.42,21.48,21.83,20.5,20.75,19.29,19.93,19.54
2026-09-07T15:00Z,21.42,20.75,25.83,20.47,21.33,19.92,26.18,21.4,24.54,25.91,21.48,22.38,20.21,6.56,20.47
2026-09-07T16:00Z,26.07,25.25,27.27,24.9,25.92,26.94,27.73,26.02,27.05,27.4,26.07,26.25,24.49,19.21,24.81
2026-09-07T17:00Z,26.18,25.31,27.32,24.98,25.99,26.99,27.79,26.15,27.1,27.43,26.14,26.44,24.51,25.83,24.85
2026-09-07T18:00Z,27.66,26.84,28.94,26.55,27.52,28.61,29.49,27.68,28.72,29.04,27.69,27.9,26.07,27.46,26.46
2026-09-07T19:00Z,31.46,30.43,32.92,30.11,31.22,32.54,33.47,31.4,32.67,33.03,31.4,31.76,29.47,31.13,29.91
2026-09-07T20:00Z,30.76,29.77,32.21,29.25,30.43,31.84,32.59,30.79,31.96,32.3,30.62,30.95,28.34,30.36,28.84
2026-09-07T21:00Z,40.03,38.75,41.46,38.01,39.5,41.08,42.06,40.23,41.18,41.5,39.8,39.92,36.64,39.11,37.36
2026-09-07T22:00Z,48.55,46.95,49.63,46.1,47.58,49.3,49.89,48.83,49.34,49.59,47.89,48.11,41.73,47.29,45.33
2026-09-07T23:00Z,50.62,49.25,51.21,48.85,49.67,51.01,51.08,51.06,50.96,51.14,50.09,49.81,47.17,57.74,48.26
2026-09-08T00:00Z,46.76,45.39,47.11,44.58,45.01,46.9,47.18,46.93,46.89,47.06,45.9,45.58,40.69,33.01,43.52
2026-09-08T01:00Z,49.37,47.68,50.03,47.21,48.23,49.71,50.4,49.6,49.76,50.1,48.45,49.06,46.05,27.24,46.6
2026-09-08T02:00Z,48.93,47.17,49.65,46.89,46.8,49.27,49.79,48.94,49.35,49.79,48.04,47.72,45.7,23.29,46.51
2026-09-08T03:00Z,37.13,35.74,37.64,35.39,36.27,37.33,37.99,37.02,37.41,37.74,36.46,37.01,34.55,19.31,35.14
2026-09-08T04:00Z,36.96,35.67,37.07,35.31,36.14,36.87,37.19,36.8,36.91,37.2,36.33,36.72,34.55,15.82,35.1
2026-09-08T05:00Z,32.13,30.85,32.14,30.4,31.37,31.96,32.41,31.93,31.99,32.22,31.54,32.0,29.69,13.33,30.14
2026-09-08T06:00Z,29.06,27.93,29.09,27.46,28.33,28.93,29.41,28.84,28.96,29.17,28.46,28.94,26.83,20.58,27.25
2026-09-08T07:00Z,28.12,27.03,28.11,26.59,27.42,27.97,28.37,27.9,28.0,28.22,27.55,28.01,26.01,21.66,26.4
2026-09-08T08:00Z,28.54,27.41,28.51,26.93,27.82,28.38,29.06,28.3,28.41,28.56,27.96,28.41,26.31,19.21,26.72
2026-09-08T09:00Z,33.97,32.71,33.85,32.26,33.08,33.71,34.33,33.7,33.74,33.94,33.29,33.78,31.54,12.44,32.05
2026-09-08T10:00Z,49.0,47.18,48.93,46.46,47.61,48.71,49.36,48.66,48.76,49.05,47.82,48.43,45.26,24.7,46.08
2026-09-08T11:00Z,46.65,45.02,47.11,44.18,45.38,46.8,47.71,46.41,46.88,47.3,45.58,47.67,43.02,46.83,43.88
2026-09-08T12:00Z,44.56,43.19,45.38,42.46,43.57,44.99,46.02,44.45,45.13,45.67,43.86,44.59,41.71,33.05,42.41
2026-09-08T13:00Z,40.11,38.89,59.7,38.53,39.5,40.66,59.33,40.08,55.73,59.66,39.86,46.18,38.24,5.8,38.83
2026-09-08T14:00Z,38.07,37.0,61.4,36.75,37.67,38.79,60.87,38.07,56.68,61.3,38.1,44.86,36.48,1.46,37.05
2026-09-08T15:00Z,37.54,36.69,45.24,36.57,37.26,38.42,45.03,37.6,43.68,47.3,37.65,38.12,36.32,27.0,36.88
2026-09-08T16:00Z,39.0,38.18,44.52,38.13,38.7,39.96,44.41,39.01,43.41,48.0,39.06,40.23,37.8,3.04,38.37
2026-09-08T17:00Z,40.97,40.25,42.71,40.28,40.51,42.24,42.9,41.14,42.4,48.65,40.71,41.13,39.86,12.83,40.51
2026-09-08T18:00Z,46.15,45.48,48.15,45.7,45.66,47.66,48.54,46.38,47.81,48.45,45.69,46.17,45.22,38.97,46.0
2026-09-08T19:00Z,46.62,45.76,48.23,45.86,45.79,47.83,48.44,46.65,47.93,48.42,45.7,46.04,45.05,46.02,45.91
2026-09-08T20:00Z,49.12,48.08,50.5,48.13,49.9,50.15,50.68,48.99,50.21,50.59,47.81,50.68,47.02,47.55,47.93
2026-09-08T21:00Z,106.89,104.09,109.53,103.24,102.73,108.91,109.27,106.58,108.93,109.55,102.56,106.0,99.72,106.74,102.18
2026-09-08T22:00Z,85.92,83.89,87.54,83.28,82.01,87.18,86.62,86.13,87.12,87.56,82.11,87.33,80.12,84.3,82.2
2026-09-08T23:00Z,55.23,53.78,55.6,53.52,53.05,55.47,55.36,55.52,55.38,55.53,53.27,54.45,51.47,57.31,52.72
2026-09-09T00:00Z,57.26,55.37,57.08,55.14,55.55,57.03,57.07,57.54,56.89,56.96,55.85,56.46,52.04,46.21,54.18
2026-09-09T01:00Z,56.33,54.3,55.98,53.81,54.68,55.93,56.19,56.47,55.77,55.86,54.92,54.7,51.71,53.79,52.8
2026-09-09T02:00Z,52.44,50.26,52.3,49.68,50.9,52.14,52.39,52.43,52.08,52.36,51.16,54.78,47.86,50.02,48.77
2026-09-09T03:00Z,43.7,42.04,44.04,41.48,42.58,43.77,44.3,43.74,43.82,44.23,42.79,42.97,40.11,42.08,40.79
2026-09-09T04:00Z,41.16,39.49,41.46,38.8,38.31,41.18,41.69,41.0,41.23,41.59,40.15,38.98,35.72,31.93,37.95
2026-09-09T05:00Z,36.99,35.45,37.17,34.75,35.91,36.93,37.47,36.75,36.96,37.28,36.08,37.3,33.59,26.12,34.04
2026-09-09T06:00Z,29.79,28.44,29.8,27.94,28.89,29.63,30.17,29.45,29.66,29.9,29.05,29.72,27.05,24.83,27.36
2026-09-09T07:00Z,29.98,28.61,29.96,28.14,29.09,29.79,30.43,29.55,29.82,30.04,29.25,29.9,27.29,28.65,27.6
2026-09-09T08:00Z,30.77,29.4,30.73,28.93,29.83,30.56,31.24,30.25,30.59,30.8,29.99,30.76,28.07,29.44,28.39
2026-09-09T09:00Z,38.75,37.07,38.71,36.52,37.61,38.51,39.12,38.24,38.52,38.81,37.83,38.6,35.36,37.1,35.83
2026-09-09T10:00Z,47.69,45.77,47.71,45.32,46.23,47.48,47.89,47.23,47.48,47.85,46.37,47.41,43.85,39.11,44.52
2026-09-09T11:00Z,47.99,46.17,48.34,45.75,46.58,48.04,48.49,47.63,48.11,48.5,46.72,47.79,44.21,37.08,45.04
2026-09-09T12:00Z,48.44,46.63,49.19,46.31,47.12,48.78,49.44,48.16,48.92,49.35,47.21,48.34,44.71,32.92,45.55
2026-09-09T13:00Z,48.48,46.95,49.75,46.81,47.51,49.26,49.79,48.45,49.44,50.0,47.64,48.57,45.24,32.37,46.13
2026-09-09T14:00Z,39.82,43.47,86.49,43.35,43.82,41.9,85.45,44.9,77.6,84.73,44.0,54.47,41.9,-26.49,42.79
2026-09-09T15:00Z,45.84,45.89,57.02,45.65,46.2,47.4,57.08,47.37,54.95,57.07,46.35,49.3,44.03,32.64,44.99
2026-09-09T16:00Z,49.26,48.25,51.43,47.71,48.43,50.83,51.9,49.93,51.05,51.65,48.5,49.16,45.92,48.86,46.92
2026-09-09T17:00Z,70.73,68.62,73.03,67.68,68.78,72.33,72.99,71.08,72.55,73.16,68.65,64.5,65.1,69.56,66.56
2026-09-09T18:00Z,54.32,52.73,56.34,52.05,52.92,55.8,56.35,54.36,55.91,56.51,52.85,53.88,50.16,53.55,51.22
2026-09-09T19:00Z,55.17,55.99,57.3,52.45,53.45,56.77,57.22,54.85,56.88,57.46,53.28,54.89,44.61,52.89,44.23
2026-09-09T20:00Z,57.9,58.05,60.42,55.02,56.0,59.81,60.25,57.68,59.95,60.6,55.82,57.51,48.16,55.98,48.15
2026-09-09T21:00Z,51.33,54.52,53.58,48.56,48.79,53.04,53.49,50.69,53.17,53.74,48.6,52.07,36.31,48.33,35.03
2026-09-09T22:00Z,48.96,49.94,51.25,46.39,46.29,50.71,51.01,48.24,50.85,51.44,46.08,48.83,38.98,47.18,38.86
2026-09-09T23:00Z,49.91,51.43,51.92,47.37,47.42,51.44,51.78,49.1,51.55,52.05,47.13,49.29,38.77,47.7,38.32
2026-09-10T00:00Z,52.96,56.37,54.48,49.87,51.02,54.07,54.18,52.3,54.15,54.6,50.86,52.74,36.45,52.4,34.93
2026-09-10T01:00Z,47.39,50.27,48.67,44.48,45.67,48.26,48.63,46.63,48.37,48.86,45.54,47.21,32.76,43.7,31.34
2026-09-10T02:00Z,46.03,47.08,47.51,43.21,44.37,47.03,47.54,45.3,47.17,47.75,44.18,45.97,35.23,42.6,34.67
2026-09-10T03:00Z,45.88,43.71,47.28,42.62,44.19,46.79,47.33,45.04,46.96,47.54,44.02,46.41,40.62,44.27,41.4
2026-09-10T04:00Z,37.85,35.9,39.08,34.98,36.48,38.64,39.52,37.1,38.82,39.3,36.4,37.95,33.37,32.96,33.95
2026-09-10T05:00Z,36.97,35.14,38.01,34.31,35.69,37.62,38.48,36.23,37.76,38.2,35.63,37.05,32.89,35.39,33.48
2026-09-10T06:00Z,38.82,36.95,39.63,36.1,37.54,39.28,39.94,38.14,39.4,39.79,37.54,38.81,34.7,37.12,35.31
2026-09-10T07:00Z,36.9,35.06,37.57,34.17,35.71,37.27,37.86,36.28,37.37,37.74,35.74,36.92,32.82,35.14,33.37
2026-09-10T08:00Z,36.84,35.04,37.45,34.19,35.59,37.16,37.74,36.19,37.23,37.6,35.57,36.6,32.87,31.74,33.45
2026-09-10T09:00Z,39.63,37.8,40.27,36.99,38.27,39.96,40.48,39.03,40.05,40.47,38.25,39.53,35.58,33.61,36.21
2026-09-10T10:00Z,50.0,47.96,50.53,47.25,47.41,50.18,50.64,49.52,50.25,50.69,48.33,50.19,45.52,44.41,46.46
2026-09-10T11:00Z,49.11,47.24,49.55,46.45,51.92,49.26,49.71,48.72,49.31,49.66,47.5,52.53,44.61,52.54,45.66
2026-09-10T12:00Z,36.08,34.72,36.79,34.18,35.45,36.49,36.68,35.68,36.59,36.95,35.14,37.31,32.47,35.36,33.75
2026-09-10T13:00Z,36.08,34.87,37.38,34.32,35.22,36.94,37.45,35.58,37.13,37.6,35.18,35.83,33.34,35.52,34.13
2026-09-10T14:00Z,39.37,38.11,45.98,37.41,38.5,37.87,46.24,38.94,44.43,46.15,38.39,40.04,36.23,32.54,37.08
2026-09-10T15:00Z,37.37,36.23,42.47,35.55,36.51,38.78,42.52,36.83,38.88,42.49,36.38,37.52,34.45,37.27,35.3
2026-09-10T16:00Z,33.87,35.99,38.97,33.26,34.22,35.83,55.05,34.56,37.0,39.07,34.0,35.51,27.61,0.77,27.24
2026-09-10T17:00Z,30.98,37.43,40.96,33.52,34.59,33.67,55.14,34.9,37.24,40.94,34.43,35.9,24.51,33.61,23.26
2026-09-10T18:00Z,36.29,40.11,43.95,36.81,37.95,38.48,53.37,38.36,41.02,44.0,37.69,39.29,29.05,37.47,28.25
2026-09-10T19:00Z,45.33,47.39,48.99,42.72,44.27,48.12,51.28,44.78,48.38,49.18,43.94,46.32,31.99,43.48,30.76
2026-09-10T20:00Z,43.33,45.35,59.59,41.46,42.27,59.62,64.77,43.06,57.51,59.52,42.04,43.29,32.3,52.19,31.43
2026-09-10T21:00Z,43.56,43.67,62.77,41.47,41.9,62.7,78.06,43.21,60.74,62.69,41.9,43.55,35.88,55.75,36.17
2026-09-10T22:00Z,47.58,46.25,50.51,45.4,45.78,49.91,50.38,47.54,50.12,50.62,45.8,47.27,43.18,47.44,44.44
2026-09-10T23:00Z,51.56,50.04,53.87,49.22,50.13,53.37,54.88,51.68,53.49,53.93,50.29,50.86,46.81,67.84,48.07
2026-09-11T00:00Z,175.28,169.61,180.19,168.39,171.72,178.95,178.69,176.4,179.16,180.17,172.93,173.02,160.85,156.23,164.59
2026-09-11T01:00Z,45.93,44.35,46.96,44.05,45.04,46.63,46.66,46.12,46.69,47.09,45.35,49.69,86.46,43.68,43.08
2026-09-11T02:00Z,42.93,41.5,43.95,40.67,40.66,43.58,43.79,42.85,43.67,44.14,42.01,43.25,38.79,32.62,39.62
2026-09-11T03:00Z,46.31,44.67,47.76,43.82,43.72,47.25,48.12,46.16,47.43,47.98,45.3,44.61,42.16,36.72,43.06
2026-09-11T04:00Z,44.81,43.08,46.25,42.41,45.7,45.75,46.51,44.53,45.95,46.46,43.5,45.93,41.15,45.99,42.04
2026-09-11T05:00Z,35.77,34.3,36.79,33.72,34.63,36.42,36.89,35.59,36.57,36.99,34.76,35.34,32.76,29.17,33.4
2026-09-11T06:00Z,30.74,29.32,31.53,28.73,29.35,31.2,31.86,30.39,31.35,31.7,29.45,30.78,27.93,24.65,28.48
2026-09-11T07:00Z,31.34,29.96,32.02,29.31,30.03,31.74,32.43,31.03,31.86,32.16,30.12,31.31,28.5,24.64,29.05
2026-09-11T08:00Z,31.86,30.43,32.46,29.77,30.53,32.2,32.87,31.54,32.31,32.62,30.63,31.82,28.95,25.59,29.49
2026-09-11T09:00Z,32.18,30.82,32.81,30.21,30.87,32.54,33.22,31.95,32.65,32.97,30.96,33.05,29.38,31.04,29.98
2026-09-11T10:00Z,48.34,46.6,49.23,45.83,46.99,48.84,49.61,48.32,48.96,49.41,47.04,47.66,44.54,46.98,45.47
2026-09-11T11:00Z,46.53,44.82,47.53,44.03,45.41,47.12,47.77,46.52,47.24,47.74,45.52,46.48,42.08,45.2,43.62
2026-09-11T12:00Z,34.96,33.71,36.33,33.16,34.44,35.92,36.45,34.91,36.06,36.57,34.6,35.08,31.95,34.18,33.0
2026-09-11T13:00Z,31.15,30.06,32.76,29.66,30.75,32.3,34.59,31.04,32.51,32.98,30.84,31.37,28.54,30.96,29.7
2026-09-11T14:00Z,30.93,29.8,34.63,29.41,30.54,30.8,65.76,30.78,33.99,34.76,30.61,31.9,28.83,27.49,29.33
2026-09-11T15:00Z,30.82,29.82,32.71,29.43,30.46,32.24,33.14,30.7,32.44,32.92,30.47,31.27,28.92,30.81,29.43
2026-09-11T16:00Z,31.16,30.28,33.26,29.95,30.87,32.79,33.64,31.12,32.99,33.49,30.85,31.36,29.47,31.37,30.0
2026-09-11T17:00Z,30.04,29.11,31.96,28.79,29.69,31.53,32.15,29.95,31.71,32.14,29.62,30.31,28.29,30.1,28.79
2026-09-11T18:00Z,32.71,31.7,34.84,31.32,32.27,34.36,35.07,32.57,34.57,35.06,32.14,32.98,30.79,32.79,31.33
2026-09-11T19:00Z,38.05,36.6,40.62,35.91,37.33,40.02,46.93,37.78,40.29,40.9,37.15,38.47,35.0,37.92,35.65
2026-09-11T20:00Z,45.06,43.63,47.81,42.9,44.24,47.18,48.22,44.96,47.45,48.01,44.01,45.1,41.88,45.44,42.69
2026-09-11T21:00Z,51.56,49.55,53.78,48.63,50.3,53.27,53.81,51.34,53.45,53.79,50.04,51.94,47.01,50.95,47.99
2026-09-11T22:00Z,54.88,53.03,56.51,52.09,53.57,56.16,56.38,55.08,56.23,56.21,53.41,51.58,50.15,53.57,51.29
2026-09-11T23:00Z,49.37,47.88,50.38,47.3,48.33,50.18,42.64,49.72,50.17,50.36,48.4,46.38,45.56,44.11,46.6
2026-09-12T00:00Z,49.27,47.48,50.02,46.42,48.02,49.79,49.93,49.39,49.81,50.07,48.12,49.37,44.5,47.8,45.55
2026-09-12T01:00Z,48.51,46.67,49.45,45.45,47.18,49.11,49.2,48.59,49.21,49.61,47.2,48.07,43.54,46.4,44.52
2026-09-12T02:00Z,44.02,42.3,44.81,41.29,42.85,44.48,44.65,44.02,44.59,44.97,42.95,43.25,39.66,32.22,40.46
2026-09-12T03:00Z,41.64,39.97,42.43,38.94,40.59,42.09,42.36,41.59,42.21,42.6,40.77,42.23,37.5,31.91,38.18
2026-09-12T04:00Z,44.22,42.49,45.46,41.49,43.24,45.0,45.6,44.29,45.21,45.65,43.35,44.29,40.21,15.28,40.86
2026-09-12T05:00Z,36.11,34.6,36.94,33.58,35.48,36.58,37.01,36.15,36.74,37.11,35.73,36.12,32.41,18.58,32.92
2026-09-12T06:00Z,31.57,30.14,32.09,29.26,31.0,31.81,32.36,31.48,31.93,32.21,31.28,31.6,28.27,22.92,28.65
2026-09-12T07:00Z,31.26,29.88,31.73,28.98,30.73,31.48,31.96,31.17,31.58,31.87,31.02,31.24,28.0,30.06,28.4
2026-09-12T08:00Z,31.4,29.96,31.83,29.02,30.86,31.58,32.11,31.32,31.68,31.95,31.17,31.39,28.01,24.71,28.39
2026-09-12T09:00Z,40.07,38.19,40.43,37.06,39.29,40.16,40.54,39.9,40.27,40.54,39.64,40.08,35.81,23.25,36.31
2026-09-12T10:00Z,48.44,46.3,49.04,45.12,47.52,48.7,49.06,48.21,48.85,49.15,47.83,48.49,43.71,26.68,44.33
2026-09-12T11:00Z,50.75,48.54,51.41,47.74,49.9,51.08,51.4,50.32,51.21,51.51,50.25,50.9,46.49,28.44,47.09
2026-09-12T12:00Z,33.36,31.89,34.38,31.34,32.95,34.02,34.54,32.94,34.2,34.56,33.19,33.67,30.66,20.2,31.04
2026-09-12T13:00Z,34.28,33.09,35.71,32.95,34.02,35.29,35.84,33.9,35.52,35.88,34.2,35.68,32.69,30.93,33.02
2026-09-12T14:00Z,31.95,31.2,33.82,31.01,32.03,33.38,33.88,31.99,33.6,34.01,32.21,31.35,30.78,32.63,31.14
2026-09-12T15:00Z,34.83,34.1,37.16,33.99,34.95,36.66,37.31,34.94,36.91,37.38,35.12,35.7,33.69,35.23,34.11
2026-09-12T16:00Z,34.94,34.27,37.64,34.13,35.02,37.12,37.92,35.13,37.37,37.89,35.13,34.66,33.67,35.57,34.14
2026-09-12T17:00Z,41.98,40.92,45.21,40.48,42.4,44.58,45.68,42.05,44.88,45.47,41.88,43.26,39.64,43.13,40.24
2026-09-12T18:00Z,42.55,41.33,45.7,40.86,42.19,45.04,46.41,42.53,45.35,45.99,42.1,41.43,39.76,41.04,40.44
2026-09-12T19:00Z,47.82,46.64,51.02,46.1,47.28,50.35,51.74,47.88,50.63,51.25,47.12,48.36,44.56,47.93,45.46
2026-09-12T20:00Z,48.65,47.45,51.38,46.85,48.56,50.83,52.41,48.75,51.03,51.48,47.64,49.21,44.89,49.01,45.84
2026-09-12T21:00Z,49.41,48.11,51.52,47.66,48.56,51.08,52.43,49.65,51.23,51.49,48.51,49.37,45.7,48.75,46.65
2026-09-12T22:00Z,51.01,49.26,52.56,48.75,50.02,52.2,52.95,51.12,52.31,52.5,50.19,50.64,46.63,49.67,47.5
2026-09-12T23:00Z,49.61,47.51,50.7,46.75,48.16,50.42,51.15,49.28,50.51,50.67,48.26,49.61,44.38,47.75,45.15
2026-09-13T00:00Z,49.8,47.45,50.79,46.9,48.19,50.5,51.1,49.23,50.6,50.74,48.2,49.52,44.83,47.91,45.58
2026-09-13T01:00Z,50.94,48.29,52.05,47.52,49.2,51.67,52.21,50.14,51.81,52.08,49.14,52.48,45.4,48.37,46.19
2026-09-13T02:00Z,49.58,47.14,51.07,46.4,47.9,50.59,51.17,48.84,50.8,51.25,47.75,47.49,44.52,48.03,45.3
2026-09-13T03:00Z,44.63,42.71,46.07,42.17,43.25,45.6,46.15,43.98,45.81,46.29,43.06,42.24,40.73,43.49,41.42
2026-09-13T04:00Z,41.63,39.78,42.7,39.24,39.11,42.31,43.05,40.87,42.47,42.86,40.03,41.5,37.96,39.23,38.58
2026-09-13T05:00Z,36.51,35.19,37.37,34.53,35.62,37.06,37.42,36.17,37.17,37.5,35.58,36.47,33.33,35.53,33.88
2026-09-13T06:00Z,33.8,32.48,34.43,31.82,32.95,34.19,34.58,33.52,34.28,34.55,33.0,33.78,30.72,30.13,31.22
2026-09-13T07:00Z,29.27,28.11,29.93,27.46,28.26,29.69,30.07,28.97,29.78,30.07,28.35,29.26,26.4,27.72,26.97
2026-09-13T08:00Z,29.68,28.6,30.19,27.93,28.94,29.98,30.34,29.56,30.05,30.27,29.04,29.62,27.0,26.16,27.45
2026-09-13T09:00Z,33.96,32.84,34.45,32.22,33.29,34.25,34.57,33.98,34.3,34.55,33.44,33.79,31.24,31.7,31.76
2026-09-13T10:00Z,33.46,32.36,34.02,31.78,32.82,33.8,34.33,33.55,33.86,34.13,33.01,33.26,30.85,27.89,31.38
2026-09-13T11:00Z,34.5,33.42,35.23,32.93,33.88,34.97,35.58,34.64,35.06,35.38,34.11,34.26,32.07,33.7,32.65
2026-09-13T12:00Z,33.77,32.52,34.48,31.91,33.1,34.22,34.54,33.86,34.31,34.63,33.33,33.53,31.02,25.74,31.54
2026-09-13T13:00Z,34.37,33.07,35.18,32.4,33.63,34.9,35.22,34.48,35.0,35.33,33.8,34.1,31.66,29.4,32.22
2026-09-13T14:00Z,41.1,39.65,42.31,39.2,40.36,41.93,42.81,41.37,42.08,42.47,40.58,40.8,38.33,29.81,38.97
2026-09-13T15:00Z,42.15,40.58,43.49,40.2,41.37,43.08,43.77,42.26,43.25,43.67,41.55,41.98,39.1,34.95,39.74
2026-09-13T16:00Z,45.6,43.98,47.14,43.76,44.87,46.7,47.15,45.72,46.9,47.35,45.04,45.58,42.35,44.69,43.07
2026-09-13T17:00Z,38.53,37.23,40.02,37.06,37.96,39.62,39.8,38.53,39.8,40.23,38.13,38.65,35.76,37.83,36.34
2026-09-13T18:00Z,35.69,34.58,37.08,34.34,35.14,36.7,36.68,35.7,36.86,37.31,35.28,35.8,33.08,35.09,33.65
2026-09-13T19:00Z,39.97,38.99,41.84,38.59,39.47,41.42,41.52,40.17,41.58,42.03,39.5,40.21,37.23,39.68,37.92
2026-09-13T20:00Z,46.12,45.17,48.34,44.98,45.65,47.89,48.25,46.46,48.05,48.53,45.65,46.25,43.19,45.32,43.97
2026-09-13T21:00Z,80.28,83.46,83.59,78.34,80.49,82.9,83.19,80.83,83.1,83.79,79.09,80.11,67.09,79.07,64.37
2026-09-13T22:00Z,48.99,49.1,50.69,47.08,44.54,50.3,50.55,49.27,50.4,50.83,47.75,44.73,39.94,44.44,42.41
2026-09-13T23:00Z,119.19,115.82,123.04,113.35,115.0,122.12,122.21,119.48,122.36,123.27,115.42,117.73,107.8,117.01,110.71
2026-09-14T00:00Z,49.02,47.06,50.37,45.31,47.68,50.02,50.04,49.07,50.11,50.57,47.71,48.28,42.69,47.22,43.8
2026-09-14T01:00Z,45.02,43.35,46.24,41.83,44.03,45.87,46.09,45.34,45.98,46.42,44.21,44.24,39.5,44.93,40.44
2026-09-14T02:00Z,38.66,37.3,39.75,36.22,37.85,39.4,39.71,38.87,39.51,39.92,38.03,38.54,34.27,37.45,35.14
2026-09-14T03:00Z,34.74,33.53,35.75,32.62,33.98,35.41,35.55,34.75,35.53,35.96,34.09,34.34,31.21,33.88,31.78
2026-09-14T04:00Z,45.63,43.77,46.56,42.6,44.59,46.16,46.33,45.34,46.29,46.8,44.6,45.38,40.84,43.94,41.58
2026-09-14T05:00Z,38.43,36.72,39.11,35.56,37.49,38.79,39.13,38.04,38.9,39.29,37.51,38.27,34.05,30.68,34.66
2026-09-14T06:00Z,37.86,36.01,38.44,34.84,36.86,38.13,38.58,37.4,38.24,38.6,36.89,37.77,33.37,36.19,33.92
2026-09-14T07:00Z,36.12,34.37,36.63,33.2,35.13,36.36,36.62,35.6,36.45,36.78,35.11,36.03,31.82,34.56,32.35
2026-09-14T08:00Z,37.03,35.27,37.46,34.11,36.07,37.21,37.51,36.61,37.29,37.6,36.11,36.92,32.73,30.35,33.29
2026-09-14T09:00Z,46.31,44.26,47.03,42.96,44.65,46.68,47.35,45.92,46.8,47.18,45.06,45.73,41.23,30.75,41.96
2026-09-14T10:00Z,60.36,57.97,61.11,56.58,58.9,60.73,60.75,60.16,60.82,61.25,58.83,59.89,54.28,57.51,55.33
2026-09-14T11:00Z,50.97,47.67,53.44,46.43,48.66,51.86,53.31,49.02,53.14,53.49,48.81,52.6,44.41,49.33,45.26
2026-09-14T12:00Z,39.58,34.94,46.14,34.2,35.95,42.73,46.01,34.46,45.73,46.24,35.93,41.53,32.34,40.47,33.58
2026-09-14T13:00Z,29.11,17.44,50.35,17.23,17.75,43.6,50.11,11.74,49.42,50.33,17.76,35.61,16.85,24.92,17.1
2026-09-14T14:00Z,31.79,31.08,33.28,30.65,31.19,32.9,33.31,31.83,33.05,33.52,31.6,30.62,29.99,31.12,30.41
2026-09-14T15:00Z,32.5,31.91,34.25,31.51,30.76,33.86,34.3,32.64,34.0,34.51,32.36,23.36,29.22,30.9,31.35
2026-09-14T16:00Z,33.66,33.11,35.65,32.63,33.57,35.22,35.77,33.83,35.38,35.93,33.5,22.01,31.95,33.83,32.49
2026-09-14T17:00Z,36.69,35.97,38.71,35.23,36.47,38.26,38.77,36.69,38.41,39.01,36.41,35.9,34.32,36.65,34.94
2026-09-14T18:00Z,32.94,32.32,34.76,31.78,32.78,34.35,34.77,33.11,34.5,35.02,32.75,33.15,30.92,32.93,31.48
2026-09-14T19:00Z,28.5,27.79,29.97,27.32,28.28,29.64,29.91,28.56,29.76,30.16,28.34,28.67,26.6,26.27,27.07
2026-09-14T20:00Z,31.66,30.73,33.16,30.2,31.31,32.86,33.09,31.68,32.95,33.3,31.41,32.17,29.42,31.47,29.97
2026-09-14T21:00Z,93.6,90.92,97.33,88.95,94.31,96.55,96.78,93.81,96.76,97.54,92.04,94.64,84.93,94.78,87.67
2026-09-14T22:00Z,176.23,171.13,180.12,168.55,172.61,179.28,178.27,177.28,179.32,180.16,173.15,174.04,162.04,172.07,166.0
2026-09-14T23:00Z,46.49,45.14,47.36,44.28,43.35,47.13,47.13,46.93,47.14,47.43,45.81,43.62,40.07,42.81,43.35
2026-09-15T00:00Z,37.96,36.81,38.45,35.93,22.63,38.29,38.47,38.31,38.29,38.53,37.51,22.9,19.56,19.0,35.0
2026-09-15T01:00Z,36.47,36.21,37.01,32.85,36.11,36.8,36.94,38.79,36.84,37.12,42.3,36.92,29.13,31.41,30.07
2026-09-15T02:00Z,36.94,35.84,37.49,34.99,36.2,37.26,37.53,37.61,37.3,37.64,37.62,36.67,33.7,34.61,34.4
2026-09-15T03:00Z,31.92,30.97,32.48,30.41,31.37,32.25,32.73,32.19,32.32,32.52,31.62,31.82,29.54,30.94,30.12
2026-09-15T04:00Z,35.9,34.86,36.5,34.18,35.34,36.18,36.82,36.2,36.3,36.42,35.6,35.4,33.25,19.39,33.82
2026-09-15T05:00Z,32.74,31.59,33.04,30.87,32.11,32.8,33.31,32.87,32.88,33.07,32.33,32.58,30.0,14.62,30.45
2026-09-15T06:00Z,30.92,29.81,31.2,28.95,30.23,31.0,31.5,30.99,31.06,31.27,30.4,30.75,28.07,16.49,28.51
2026-09-15T07:00Z,30.58,29.34,30.81,28.29,29.89,30.64,31.14,30.6,30.69,30.88,30.06,30.43,27.25,15.22,27.68
2026-09-15T08:00Z,33.77,32.3,33.87,31.2,33.05,33.73,34.21,33.79,33.74,33.9,33.29,33.62,30.05,17.53,30.47
2026-09-15T09:00Z,35.27,33.77,35.45,32.88,34.57,35.28,35.94,35.39,35.31,35.52,34.9,35.07,31.72,13.45,32.13
2026-09-15T10:00Z,37.46,35.92,37.76,34.88,33.65,37.58,38.15,37.63,37.61,37.69,36.98,34.35,-8.04,19.15,33.94
2026-09-15T11:00Z,42.35,40.2,42.82,38.85,40.98,42.58,42.92,42.41,42.63,42.43,41.64,43.19,37.02,31.55,37.48
2026-09-15T12:00Z,38.72,37.3,39.67,35.73,38.09,39.34,39.29,38.68,39.46,34.73,38.33,38.61,33.25,7.26,33.38
2026-09-15T13:00Z,34.9,33.84,36.09,33.28,34.62,35.74,35.8,34.98,35.87,35.57,34.8,34.53,32.32,34.01,32.65
2026-09-15T14:00Z,33.16,32.25,34.65,31.73,32.97,34.26,34.47,33.29,34.41,32.35,33.13,33.32,30.83,28.1,31.13
2026-09-15T15:00Z,33.69,33.49,35.36,32.2,33.56,34.96,35.08,33.98,35.11,33.37,33.71,34.05,29.53,27.16,29.43
2026-09-15T16:00Z,33.59,32.8,35.19,32.05,33.49,34.79,34.99,33.84,34.94,33.27,33.66,33.85,30.25,14.84,31.52
2026-09-15T17:00Z,32.31,31.65,41.32,31.19,32.25,26.92,40.89,32.6,39.04,39.96,32.46,33.72,30.41,7.73,30.83
2026-09-15T18:00Z,32.71,31.83,71.64,31.26,29.83,1.88,70.88,32.95,61.07,70.53,32.78,32.33,24.07,-31.48,30.92
2026-09-15T19:00Z,44.94,43.47,46.71,42.69,301.28,46.2,46.3,45.19,46.4,42.99,44.86,47.92,44.36,292.03,42.15
2026-09-15T20:00Z,55.63,55.48,57.73,52.58,54.89,57.17,57.2,55.74,57.37,56.85,55.31,55.89,46.41,50.55,45.81
2026-09-15T21:00Z,139.56,137.09,145.36,132.59,134.46,143.96,144.38,140.38,144.42,142.02,138.3,131.06,123.06,126.19,123.95
2026-09-15T22:00Z,56.93,57.66,58.98,53.43,55.83,58.49,58.62,57.31,58.65,58.35,56.12,56.41,44.96,52.83,44.25
2026-09-15T23:00Z,46.98,48.87,48.39,44.52,45.94,48.03,48.23,47.14,48.13,47.87,46.14,46.43,34.82,42.8,33.59
2026-09-16T00:00Z,48.76,50.89,50.01,45.8,47.36,49.65,50.0,48.47,49.75,50.02,47.56,48.96,34.47,44.51,32.82
2026-09-16T01:00Z,45.19,43.47,46.15,42.71,44.05,45.81,46.13,44.81,45.93,45.97,44.14,44.94,40.65,43.18,41.08
2026-09-16T02:00Z,40.76,39.17,41.54,38.79,39.72,41.21,41.82,40.39,41.33,41.72,39.81,40.56,37.52,32.8,38.03
2026-09-16T03:00Z,36.57,35.31,37.26,35.2,35.65,36.98,37.45,36.39,37.06,37.42,35.65,35.85,34.36,19.63,34.82
2026-09-16T04:00Z,32.09,30.85,32.25,30.6,31.1,32.08,32.39,31.76,32.12,32.35,31.12,32.09,29.8,22.45,30.12
2026-09-16T05:00Z,33.15,31.78,33.27,31.48,32.01,33.09,33.5,32.72,33.14,33.37,32.06,32.97,30.65,20.49,30.96
2026-09-16T06:00Z,31.81,30.52,31.85,30.25,30.68,31.7,32.05,31.29,31.73,31.95,30.77,31.65,29.56,22.76,29.87
2026-09-16T07:00Z,32.68,31.47,32.6,31.26,31.57,32.48,32.71,32.24,32.5,32.7,31.67,32.41,30.64,18.86,30.99
2026-09-16T08:00Z,32.13,30.87,31.98,30.78,30.6,31.87,32.04,31.7,31.88,32.08,31.24,31.43,30.19,16.7,30.52
2026-09-16T09:00Z,31.73,30.52,31.7,30.61,30.4,31.57,31.93,31.33,31.6,31.82,30.64,31.43,30.09,20.46,30.52
2026-09-16T10:00Z,37.25,35.86,37.37,35.84,35.73,37.15,37.81,36.97,37.21,37.54,36.11,36.8,34.87,29.12,35.45
2026-09-16T11:00Z,48.63,46.96,49.18,47.18,46.49,48.83,49.34,48.23,48.94,49.42,46.86,49.75,46.07,49.16,46.84
2026-09-16T12:00Z,45.5,44.17,46.03,44.64,43.68,45.66,46.23,45.42,45.79,46.27,43.93,45.12,43.8,36.3,44.51
2026-09-16T13:00Z,48.83,49.53,49.46,42.92,47.03,49.09,49.39,48.98,49.21,49.69,47.4,48.34,33.73,23.33,35.05
2026-09-16T14:00Z,37.0,36.93,37.83,35.28,35.9,37.48,37.93,37.37,37.61,38.05,36.08,36.7,32.34,32.54,33.28
2026-09-16T15:00Z,35.26,34.8,36.29,34.95,34.32,35.94,36.14,35.62,36.08,36.52,34.52,35.38,34.09,34.74,34.81
2026-09-16T16:00Z,35.11,34.76,36.32,35.15,34.17,35.93,36.05,35.52,36.07,36.58,34.32,35.04,34.66,35.4,35.39
2026-09-16T17:00Z,38.09,37.92,39.82,38.23,37.15,39.33,39.61,38.64,39.52,40.13,37.27,37.18,37.62,38.72,38.47
2026-09-16T18:00Z,45.76,45.48,48.03,45.56,43.43,47.39,48.02,46.35,47.66,48.35,44.71,42.55,44.59,45.26,45.58
2026-09-16T19:00Z,48.84,48.46,51.03,48.32,47.37,50.43,51.16,49.39,50.66,51.33,47.54,45.58,46.99,49.21,48.11
2026-09-16T20:00Z,54.59,53.3,56.66,52.78,52.58,56.11,56.73,54.96,56.31,56.84,52.58,58.02,50.59,54.14,51.72
2026-09-16T21:00Z,349.95,345.4,362.53,342.15,338.02,359.08,361.23,359.45,360.43,364.13,338.59,348.96,327.62,348.93,335.62
2026-09-16T22:00Z,123.9,122.15,127.45,120.62,119.6,126.56,126.24,127.72,126.87,127.71,119.92,123.16,114.89,122.91,117.93
2026-09-16T23:00Z,70.72,69.58,72.49,68.7,72.06,72.08,73.16,72.43,72.16,72.54,68.5,73.96,69.18,73.72,67.07
2026-09-17T00:00Z,47.2,46.38,48.28,45.74,45.34,48.02,48.89,48.33,48.06,48.33,46.05,46.41,40.62,46.09,44.59
2026-09-17T01:00Z,48.86,47.76,49.66,47.2,47.09,49.38,50.36,49.7,49.44,49.67,47.52,49.71,45.11,47.8,46.16
2026-09-17T02:00Z,48.61,47.48,49.51,46.97,46.91,49.19,49.98,49.32,49.28,49.62,47.25,48.72,45.19,47.68,46.23
2026-09-17T03:00Z,47.44,46.49,48.41,46.12,45.83,48.01,48.77,48.07,48.13,48.56,46.14,46.97,44.85,46.81,45.86
2026-09-17T04:00Z,50.27,49.19,50.99,48.94,49.41,50.64,51.45,50.78,50.72,51.11,48.92,50.71,83.61,51.79,48.93
2026-09-17T05:00Z,40.67,39.55,40.99,39.23,39.28,40.72,41.36,40.9,40.79,41.13,39.62,40.38,38.17,29.77,38.95
2026-09-17T06:00Z,41.13,40.05,41.25,39.79,39.75,41.01,41.46,41.32,41.07,41.37,40.17,40.82,38.9,35.97,39.65
2026-09-17T07:00Z,39.62,38.5,39.69,38.14,38.24,39.47,39.84,39.75,39.51,39.8,38.65,39.33,37.22,38.48,37.93
2026-09-17T08:00Z,40.88,39.69,40.87,39.29,39.43,40.66,41.03,41.02,40.72,41.01,39.86,40.58,38.26,39.62,38.99
2026-09-17T09:00Z,42.33,41.21,42.44,40.95,40.81,42.21,42.51,42.58,42.26,42.58,41.19,42.01,39.91,33.8,40.69
2026-09-17T10:00Z,53.4,52.15,53.67,51.88,51.32,53.39,54.22,53.91,53.45,53.82,51.61,52.8,50.41,52.14,51.54
2026-09-17T11:00Z,54.04,52.66,54.33,52.12,51.96,54.08,55.35,54.5,54.1,54.47,52.27,53.4,113.73,52.61,51.65
2026-09-17T12:00Z,47.71,46.47,48.33,45.9,45.86,48.0,49.6,48.17,48.09,48.55,46.13,47.2,44.1,46.37,45.13
2026-09-17T13:00Z,43.72,42.81,44.76,42.39,42.18,44.26,45.74,44.29,44.46,44.46,42.42,43.22,40.89,42.88,41.83
2026-09-17T14:00Z,47.8,46.78,49.44,46.0,46.09,48.85,50.61,48.45,49.07,49.35,46.23,46.05,88.14,43.47,45.43
2026-09-17T15:00Z,50.19,49.28,52.24,48.25,48.48,51.64,52.96,50.83,51.85,46.55,48.56,41.63,46.72,30.41,48.03
2026-09-17T16:00Z,73.86,72.5,76.93,71.39,76.27,76.05,78.26,74.77,76.39,76.72,71.74,77.52,70.07,15.42,71.15
2026-09-17T17:00Z,85.92,83.7,89.55,82.26,82.62,88.47,90.59,86.65,88.88,88.55,82.68,86.61,90.24,47.74,81.19
2026-09-17T18:00Z,102.41,100.02,107.31,98.71,98.51,105.93,109.87,103.71,106.48,104.31,98.59,100.08,95.17,107.89,97.82
2026-09-17T19:00Z,91.3,89.32,95.6,88.37,85.67,94.4,99.16,92.19,94.91,94.2,86.91,89.73,85.11,89.97,87.48
2026-09-17T20:00Z,92.49,90.86,97.32,89.62,88.56,96.04,101.91,93.98,96.55,96.48,88.61,90.06,85.37,267.32,87.8
2026-09-17T21:00Z,91.35,90.14,98.21,88.37,87.65,96.02,119.41,93.59,96.69,96.89,87.61,83.78,83.72,584.81,86.7
2026-09-17T22:00Z,75.46,74.06,79.77,72.58,71.76,78.64,84.29,77.0,79.13,78.83,71.98,78.03,68.5,532.51,71.41
2026-09-17T23:00Z,79.23,78.05,83.61,76.28,75.74,82.5,88.65,81.33,82.96,83.37,76.06,78.44,71.42,79.46,75.26
2026-09-18T00:00Z,73.42,72.31,77.37,70.7,69.18,76.36,80.94,75.3,76.77,77.37,70.7,71.79,66.98,72.58,69.38
2026-09-18T01:00Z,88.35,86.13,92.32,82.96,86.6,91.27,94.19,90.28,91.68,95.12,85.67,88.66,81.08,89.82,81.35
2026-09-18T02:00Z,91.52,88.08,94.64,84.57,79.2,93.75,96.64,92.85,94.05,91.67,88.6,84.55,77.43,80.3,81.95
2026-09-18T03:00Z,60.94,58.87,62.75,57.06,58.87,62.17,63.38,61.64,62.36,56.2,59.3,60.4,54.42,63.07,55.74
2026-09-18T04:00Z,52.46,50.84,53.47,49.94,50.7,53.08,53.59,52.93,53.19,49.19,51.06,51.15,45.68,48.1,49.31
2026-09-18T05:00Z,51.18,49.63,52.22,48.98,49.37,51.79,52.77,51.51,51.94,46.47,49.63,51.76,47.55,46.06,48.4
2026-09-18T06:00Z,50.57,48.99,51.59,48.23,48.79,51.13,52.4,50.74,51.31,46.96,49.03,50.49,46.84,36.71,47.61
2026-09-18T07:00Z,49.54,47.85,50.46,46.89,47.73,50.02,51.21,49.59,50.18,46.9,47.95,49.5,45.39,48.24,46.19
2026-09-18T08:00Z,48.51,46.87,49.45,45.88,46.7,49.02,50.06,48.6,49.18,46.38,46.93,48.47,44.37,47.27,45.17
2026-09-18T09:00Z,53.84,51.84,54.97,50.57,51.66,54.46,55.67,54.05,54.67,51.7,51.82,53.84,48.75,28.2,49.66
2026-09-18T10:00Z,54.47,52.61,55.5,51.47,52.28,55.07,55.75,54.83,55.22,52.03,52.47,54.71,49.4,53.02,50.42
2026-09-18T11:00Z,54.12,52.2,55.23,51.09,52.04,54.83,55.57,54.3,54.94,54.7,52.29,55.1,48.9,52.67,49.93
2026-09-18T12:00Z,52.22,50.48,54.18,49.44,50.4,53.56,54.55,52.34,53.82,54.1,50.6,51.47,48.6,51.5,48.65
2026-09-18T13:00Z,46.3,44.65,48.57,43.72,44.68,47.92,50.07,46.14,48.22,75.07,44.77,47.82,42.49,47.86,43.19
2026-09-18T14:00Z,41.18,39.69,43.7,38.73,39.85,43.03,46.83,41.07,43.35,56.57,39.93,41.82,37.44,42.05,38.08
2026-09-18T15:00Z,39.39,38.05,41.83,37.21,38.16,41.21,42.94,39.31,41.49,76.82,38.24,39.71,36.02,42.06,36.68
2026-09-18T16:00Z,44.06,42.63,47.03,41.64,42.6,46.33,51.69,43.97,46.64,80.38,42.54,44.71,40.25,46.79,41.01
2026-09-18T17:00Z,45.11,43.59,48.22,42.48,43.49,47.51,53.89,44.89,47.83,80.3,43.33,45.81,40.97,49.84,41.82
2026-09-18T18:00Z,50.99,49.02,55.61,47.53,48.98,55.16,59.39,50.55,55.03,51.16,48.75,51.89,45.73,51.89,46.78
2026-09-18T19:00Z,47.84,45.93,52.68,43.99,45.73,52.48,68.22,47.27,52.12,53.24,45.39,52.06,41.55,48.85,42.56
2026-09-18T20:00Z,55.9,55.05,60.05,50.16,53.65,59.32,73.69,55.53,59.56,60.58,53.32,55.03,41.81,53.74,41.84
2026-09-18T21:00Z,76.44,75.2,81.77,60.91,73.47,80.8,105.36,76.59,81.12,80.45,73.25,76.96,34.11,84.06,33.85
2026-09-18T22:00Z,79.68,76.11,84.07,64.66,76.3,83.26,87.44,80.24,83.49,82.64,76.29,79.81,46.6,80.82,47.28
2026-09-18T23:00Z,62.44,59.57,65.35,52.09,59.91,64.84,67.23,62.86,64.93,64.8,60.01,61.56,41.0,61.1,41.78
2026-09-19T00:00Z,52.99,49.88,54.83,45.5,52.54,54.48,56.04,53.15,54.52,53.8,51.26,55.46,41.4,54.35,41.61
2026-09-19T01:00Z,44.08,41.88,45.14,40.18,42.58,44.87,46.05,44.08,44.9,40.57,42.78,48.67,209.79,38.9,38.79
2026-09-19T02:00Z,43.86,42.29,44.76,41.48,44.97,44.46,45.8,43.9,44.52,38.94,42.92,46.03,63.38,28.21,40.31
2026-09-19T03:00Z,51.41,49.42,52.72,48.0,50.42,52.31,53.39,51.72,52.42,47.82,50.61,50.68,46.17,49.84,46.84
2026-09-19T04:00Z,44.97,43.31,46.34,41.91,41.27,45.98,46.72,45.34,46.07,3.25,44.48,40.78,40.39,34.6,41.0
2026-09-19T05:00Z,39.62,38.6,40.66,37.9,39.16,40.38,40.89,40.09,40.43,38.84,39.45,41.44,36.75,38.84,37.21
2026-09-19T06:00Z,38.4,37.46,39.16,36.71,38.06,38.94,39.43,38.93,38.97,34.83,38.38,38.11,35.47,32.48,35.88
2026-09-19T07:00Z,34.87,33.96,35.43,33.29,34.51,35.25,35.42,35.32,35.26,31.96,34.81,34.62,32.23,33.97,32.59
2026-09-19T08:00Z,36.0,34.93,36.42,34.18,35.6,36.27,36.35,36.41,36.26,34.3,35.94,35.76,33.01,29.33,33.37
2026-09-19T09:00Z,38.59,37.51,39.05,36.64,38.11,38.87,39.12,39.1,38.87,36.92,38.47,38.31,35.37,21.61,35.8
2026-09-19T10:00Z,44.05,42.88,44.56,42.04,43.48,44.37,44.82,44.62,44.37,39.63,43.79,43.61,40.62,24.91,41.12
2026-09-19T11:00Z,48.74,47.58,49.34,46.79,45.56,49.19,49.87,49.45,49.15,45.44,48.52,45.58,45.3,25.82,45.84
2026-09-19T12:00Z,46.44,45.67,47.42,45.16,47.71,47.21,47.25,46.99,47.22,35.94,46.51,47.53,44.06,47.23,44.57
2026-09-19T13:00Z,40.76,40.25,42.15,40.04,40.68,41.85,42.02,41.28,41.94,40.78,40.88,40.72,39.63,40.8,40.02
2026-09-19T14:00Z,30.53,30.03,31.84,29.89,30.09,31.56,31.9,30.75,31.65,28.37,30.34,30.68,29.8,30.89,30.11
2026-09-19T15:00Z,25.53,25.06,26.85,24.86,25.12,26.57,27.1,25.69,26.68,34.09,25.32,25.8,24.62,26.48,24.89
2026-09-19T16:00Z,27.89,27.26,29.47,27.01,27.37,29.15,29.89,27.97,29.27,31.05,27.55,28.23,26.48,28.21,26.76
2026-09-19T17:00Z,32.17,31.47,34.0,31.2,23.79,33.66,34.34,32.36,33.78,32.17,31.83,32.42,30.48,31.95,30.82
2026-09-19T18:00Z,38.94,38.17,40.91,37.79,38.75,40.51,41.29,39.32,40.63,85.73,38.91,40.48,37.31,44.4,37.37
2026-09-19T19:00Z,43.14,42.16,45.09,41.58,42.73,44.71,45.43,43.47,44.8,67.58,42.86,43.01,40.45,44.93,40.89
2026-09-19T20:00Z,43.2,41.9,44.82,41.15,42.52,44.5,46.15,43.42,44.57,44.63,42.61,43.01,39.65,42.5,40.15
2026-09-19T21:00Z,43.91,42.24,44.96,41.25,43.0,44.75,46.17,44.1,44.75,44.42,43.14,43.69,39.54,42.55,40.05
2026-09-19T22:00Z,41.12,39.67,41.99,38.77,40.25,41.83,42.82,41.58,41.81,40.18,40.48,40.51,36.93,39.81,37.45
2026-09-19T23:00Z,48.5,46.62,49.49,45.33,53.13,49.29,50.94,49.15,49.25,48.66,47.59,53.09,43.14,52.47,43.79
2026-09-20T00:00Z,42.66,41.18,43.33,40.45,41.73,43.19,44.06,43.01,43.15,42.47,42.0,45.03,38.66,41.19,39.18
2026-09-20T01:00Z,42.65,40.84,43.43,40.05,41.57,43.21,43.72,42.69,43.22,41.87,41.74,42.52,38.36,40.47,38.81
2026-09-20T02:00Z,45.13,43.42,46.23,42.82,44.01,45.94,46.59,45.12,45.98,47.51,44.13,45.03,41.27,31.62,41.72
2026-09-20T03:00Z,38.14,36.89,39.09,36.56,37.4,38.82,39.35,38.13,38.87,34.28,37.57,37.5,35.64,25.03,35.99
2026-09-20T04:00Z,36.82,35.47,37.68,34.85,36.0,37.44,38.2,36.79,37.49,37.84,36.15,36.81,33.74,25.7,34.09
2026-09-20T05:00Z,43.02,41.64,43.79,40.83,42.16,43.55,44.42,43.03,43.59,43.96,42.22,42.96,39.39,18.28,39.79
2026-09-20T06:00Z,38.58,37.37,39.14,36.7,37.81,38.95,39.67,38.49,38.97,39.29,37.9,38.49,35.5,13.46,35.86
2026-09-20T07:00Z,37.57,36.4,38.08,35.77,36.83,37.92,38.57,37.46,37.92,38.23,36.92,37.47,34.64,22.71,35.01
2026-09-20T08:00Z,40.51,39.26,41.05,38.49,39.72,40.89,41.49,40.49,40.88,41.2,39.79,40.4,37.19,20.8,37.62
2026-09-20T09:00Z,44.95,43.5,45.52,42.46,44.22,45.39,45.8,45.03,45.34,45.6,44.35,44.8,40.78,18.79,41.27
2026-09-20T10:00Z,41.25,39.95,41.86,39.08,40.62,41.73,42.4,41.42,41.69,41.52,40.82,41.06,37.59,15.57,38.05
2026-09-20T11:00Z,39.26,38.01,39.89,37.37,38.66,39.76,40.36,39.41,39.73,39.54,38.93,39.0,36.17,20.41,36.64
2026-09-20T12:00Z,41.02,39.83,41.84,39.18,40.48,41.69,42.25,41.41,41.64,41.61,40.83,37.62,37.97,24.83,38.51
2026-09-20T13:00Z,39.29,38.23,39.93,37.62,38.81,39.83,40.18,39.76,39.75,39.76,39.22,38.37,36.43,28.97,36.94
2026-09-20T14:00Z,40.67,39.52,41.37,38.82,40.19,41.28,41.95,41.17,41.2,41.43,40.58,40.2,37.56,39.6,38.04
2026-09-20T15:00Z,34.94,33.64,35.51,32.65,34.33,35.42,36.17,35.23,35.38,34.86,34.6,34.85,31.32,33.67,31.73
2026-09-20T16:00Z,34.17,32.89,34.95,31.9,33.54,34.83,35.55,34.48,34.81,35.0,33.8,33.94,30.44,33.01,30.83
2026-09-20T17:00Z,37.95,36.43,38.85,35.14,37.32,38.68,39.51,38.25,38.68,38.88,37.67,37.74,33.21,36.5,33.7
2026-09-20T18:00Z,34.72,33.21,35.56,31.96,34.09,35.39,36.16,34.94,35.4,35.6,34.39,34.54,30.06,33.26,30.47
2026-09-20T19:00Z,36.61,35.34,37.47,33.67,35.88,37.33,37.88,36.8,37.32,37.52,36.16,36.4,30.9,34.89,31.26
2026-09-20T20:00Z,38.01,38.32,38.89,34.98,37.27,38.74,39.17,38.24,38.71,38.93,37.58,37.69,27.96,35.06,27.55
2026-09-20T21:00Z,53.3,54.79,54.55,49.35,52.17,54.4,55.43,53.77,54.33,54.37,52.43,54.21,37.23,48.72,36.14
2026-09-20T22:00Z,47.79,48.56,49.24,44.2,43.24,49.01,49.53,48.48,49.0,49.25,47.11,42.68,34.78,40.74,34.18
2026-09-20T23:00Z,47.33,46.61,48.7,43.66,46.34,48.45,49.02,48.1,48.46,48.76,46.67,44.98,37.75,46.76,37.93
2026-09-21T00:00Z,39.27,38.01,40.22,35.58,38.42,40.02,40.46,39.76,40.03,40.29,38.71,39.26,30.95,36.29,31.03
2026-09-21T01:00Z,33.29,32.01,33.98,30.96,32.64,33.83,34.31,33.68,33.82,34.03,32.94,33.52,29.06,30.42,29.47
2026-09-21T02:00Z,33.8,32.56,34.57,31.65,33.19,34.39,34.83,34.18,34.4,34.67,33.48,33.85,30.02,32.58,30.43
2026-09-21T03:00Z,42.25,40.79,43.34,39.63,43.02,43.05,43.64,42.71,43.11,43.51,41.75,42.96,37.84,42.48,38.31
2026-09-21T04:00Z,39.92,38.43,40.69,37.5,39.22,40.46,40.94,40.22,40.47,40.83,39.47,38.93,36.02,26.13,36.43
2026-09-21T05:00Z,39.7,38.07,40.5,37.13,39.02,40.24,40.8,39.78,40.28,40.68,39.15,39.78,35.7,19.18,36.04
2026-09-21T06:00Z,32.03,30.75,32.53,30.06,31.42,32.35,32.87,31.93,32.38,32.66,31.65,31.98,29.04,17.68,29.32
2026-09-21T07:00Z,32.9,31.51,33.33,30.81,32.21,33.16,33.84,32.81,33.19,33.45,32.43,32.83,29.76,13.6,30.02
2026-09-21T08:00Z,34.0,32.47,34.4,31.78,33.16,34.23,34.87,33.88,34.25,34.52,33.45,33.76,30.67,13.58,30.9
2026-09-21T09:00Z,31.44,30.01,31.92,29.44,30.3,31.74,32.3,31.35,31.77,32.05,30.62,31.77,28.4,25.07,28.62
2026-09-21T10:00Z,35.29,33.73,35.77,32.95,34.06,35.62,35.73,35.37,35.61,35.89,34.49,36.5,31.43,34.99,31.72
2026-09-21T11:00Z,31.86,30.51,32.28,29.81,30.73,32.17,32.2,31.98,32.15,32.33,31.12,32.99,28.35,30.58,28.69
2026-09-21T12:00Z,36.96,35.49,38.06,34.81,35.81,37.8,38.21,37.14,37.86,38.23,36.23,36.69,33.18,35.97,33.62
2026-09-21T13:00Z,35.02,33.39,36.43,32.66,34.04,36.08,36.43,35.27,36.2,64.9,34.38,35.58,30.98,35.28,31.33
2026-09-21T14:00Z,34.6,33.8,36.26,33.54,33.6,35.86,36.55,34.93,36.01,40.01,33.8,33.73,32.61,34.95,33.01
2026-09-21T15:00Z,30.02,29.29,31.58,29.04,29.16,31.21,31.79,30.23,31.35,40.57,29.25,30.55,27.97,30.91,28.63
2026-09-21T16:00Z,32.2,31.54,34.01,31.32,31.43,33.6,34.11,32.45,33.75,40.14,31.62,31.9,30.7,33.04,31.05
2026-09-21T17:00Z,26.94,26.36,28.6,26.05,26.3,28.24,28.57,27.09,28.37,31.65,26.44,27.15,25.51,27.49,25.83
2026-09-21T18:00Z,30.81,30.08,32.84,29.66,30.02,32.41,32.8,30.97,32.58,35.43,30.13,31.02,28.89,31.07,29.24
2026-09-21T19:00Z,26.97,26.24,28.67,25.7,26.26,28.32,28.81,27.13,28.46,29.5,26.38,27.3,24.8,27.0,25.12
2026-09-21T20:00Z,27.53,26.76,29.09,26.04,26.77,28.78,29.36,27.71,28.89,29.25,26.9,27.75,24.92,27.36,25.23
2026-09-21T21:00Z,32.6,32.12,34.11,30.56,31.51,33.78,34.24,32.93,33.88,34.14,31.65,32.62,27.57,31.59,27.7
2026-09-21T22:00Z,33.55,34.28,34.82,31.47,32.31,34.54,34.82,33.96,34.62,34.71,32.54,33.42,25.19,31.4,24.74
2026-09-21T23:00Z,43.76,46.52,45.27,40.8,42.24,44.92,45.37,44.25,45.01,45.41,42.63,42.62,27.62,39.29,26.14
2026-09-22T00:00Z,32.78,31.04,33.61,29.7,31.61,33.4,33.63,33.01,33.44,33.71,31.98,33.35,27.45,33.45,27.76
2026-09-22T01:00Z,33.35,27.78,34.13,23.83,32.13,33.91,34.35,33.48,33.96,34.26,32.49,33.97,18.93,23.96,18.49
2026-09-22T02:00Z,38.81,36.63,40.0,35.03,39.61,39.63,41.85,39.0,39.75,40.42,37.78,38.7,32.73,38.81,33.01
2026-09-22T03:00Z,29.43,28.27,30.22,27.4,28.29,29.96,31.95,29.44,30.04,30.33,28.49,30.59,26.17,26.16,26.45
2026-09-22T04:00Z,33.64,32.52,34.41,31.56,32.5,34.13,34.99,33.79,34.21,34.43,32.75,33.69,30.24,27.73,30.58
2026-09-22T05:00Z,29.29,28.19,29.72,27.32,28.27,29.54,30.06,29.32,29.58,29.83,28.52,29.34,26.16,21.25,26.44
2026-09-22T06:00Z,27.5,26.48,27.82,25.66,26.56,27.67,28.17,27.51,27.71,27.93,26.77,27.51,24.61,24.26,24.9
2026-09-22T07:00Z,26.48,25.46,26.79,24.66,25.55,26.64,27.08,26.49,26.68,26.9,25.77,26.5,23.64,22.42,23.88
2026-09-22T08:00Z,27.58,26.52,27.8,25.67,26.6,27.68,27.99,27.6,27.69,27.9,26.84,27.57,24.6,23.68,24.88
2026-09-22T09:00Z,27.83,26.9,28.08,25.99,26.94,27.96,28.2,27.96,27.97,28.17,27.24,27.73,24.68,19.42,24.99
2026-09-22T10:00Z,28.86,28.07,29.01,26.57,27.51,28.94,29.13,29.16,28.91,29.09,28.34,28.14,24.45,25.52,24.84
2026-09-22T11:00Z,31.27,30.48,31.48,28.28,30.3,31.41,31.54,31.6,31.38,31.44,30.75,30.66,25.31,26.96,25.84
2026-09-22T12:00Z,27.26,23.65,27.82,22.01,25.74,27.66,28.26,27.18,27.69,27.85,26.61,26.78,19.31,22.88,19.28
2026-09-22T13:00Z,24.45,23.31,25.38,22.45,25.9,25.15,28.81,24.27,25.22,25.54,23.82,26.96,21.46,25.96,21.78
2026-09-22T14:00Z,26.14,25.08,27.48,24.03,25.62,27.17,57.16,25.99,27.31,27.68,25.52,26.88,22.64,25.77,22.89
2026-09-22T15:00Z,24.95,25.66,26.53,23.1,24.21,26.19,52.51,24.92,26.33,26.74,24.28,25.46,17.65,23.56,17.05
2026-09-22T16:00Z,23.7,25.54,25.17,21.98,23.0,24.87,32.04,23.64,24.99,25.37,23.06,24.18,13.63,21.46,12.4
2026-09-22T17:00Z,24.44,23.62,25.85,22.72,23.74,25.55,28.52,24.41,25.67,26.05,23.88,24.82,21.63,24.2,21.88
2026-09-22T18:00Z,21.92,21.68,23.21,20.11,21.21,22.93,47.8,21.83,23.06,23.42,21.3,22.25,17.4,21.14,17.28
2026-09-22T19:00Z,21.84,23.4,23.0,20.09,21.08,22.73,49.72,21.71,22.85,23.17,21.14,22.13,12.01,19.47,10.79
2026-09-22T20:00Z,25.23,27.1,26.48,23.25,24.34,26.2,31.54,25.15,26.32,26.63,24.41,25.45,14.62,22.65,13.45
2026-09-22T21:00Z,28.2,29.69,29.15,26.1,27.16,28.93,71.64,28.09,29.0,29.22,27.32,28.47,17.74,25.38,16.68
2026-09-22T22:00Z,30.14,29.12,30.85,28.32,29.19,30.69,30.71,30.38,30.71,30.91,29.5,29.98,26.83,29.17,27.26
2026-09-22T23:00Z,30.79,29.73,31.37,28.99,29.81,31.26,31.13,31.11,31.25,31.44,30.21,30.47,27.38,29.68,27.81
2026-09-23T00:00Z,28.36,27.8,28.87,26.53,27.38,28.76,30.75,28.59,28.76,28.93,27.72,28.31,23.8,26.89,24.0
2026-09-23T01:00Z,28.51,29.52,29.08,26.6,27.53,28.92,34.85,28.7,28.94,29.17,27.81,28.68,19.92,25.97,19.38
2026-09-23T02:00Z,28.52,27.4,29.17,26.64,27.53,28.95,29.52,28.65,29.01,29.27,27.84,28.28,25.34,27.55,25.68
2026-09-23T03:00Z,26.02,25.06,26.48,24.45,25.17,26.31,26.8,26.07,26.35,26.58,25.44,26.0,23.49,25.19,23.75
2026-09-23T04:00Z,23.74,22.96,24.04,22.44,23.06,23.9,24.35,23.86,23.93,24.12,23.31,23.72,21.6,22.39,21.85
2026-09-23T05:00Z,21.01,20.27,21.21,19.81,20.37,21.1,21.39,21.06,21.12,21.28,20.59,21.02,19.08,19.65,19.31
2026-09-23T06:00Z,24.89,24.04,25.23,23.45,24.15,25.08,25.4,24.97,25.12,25.32,24.4,24.89,22.6,15.57,22.87
2026-09-23T07:00Z,23.93,23.11,24.18,22.55,23.23,24.06,24.34,24.0,24.08,24.26,23.49,23.93,21.73,9.47,21.98
2026-09-23T08:00Z,21.9,21.13,22.14,20.6,21.23,22.02,22.33,21.95,22.04,22.22,21.48,21.9,19.83,10.15,20.07
2026-09-23T09:00Z,26.45,25.5,26.74,24.89,25.64,26.59,26.88,26.56,26.62,26.84,25.99,26.37,23.9,24.18,24.17
2026-09-23T10:00Z,26.81,25.73,27.01,25.07,25.23,26.91,26.96,26.92,26.91,27.1,26.31,26.02,23.84,24.81,24.1
2026-09-23T11:00Z,27.67,26.44,27.95,25.89,24.78,27.85,28.07,27.73,27.85,28.06,27.04,26.54,24.66,24.36,24.89
2026-09-23T12:00Z,23.75,22.83,24.55,22.49,25.68,24.33,24.81,23.72,24.41,24.74,23.2,26.57,23.73,25.75,22.01
2026-09-23T13:00Z,14.09,13.65,14.84,13.48,13.78,14.67,15.01,14.08,14.74,14.97,13.86,13.74,13.27,13.99,13.36
2026-09-23T14:00Z,9.83,9.68,12.9,9.33,9.59,9.39,12.83,9.76,12.12,12.95,9.62,10.02,8.6,3.71,8.46
2026-09-23T15:00Z,12.86,12.51,19.61,12.22,12.53,14.11,16.96,12.79,13.63,18.17,12.53,13.15,12.5,14.59,12.58
2026-09-23T16:00Z,17.68,17.2,19.72,16.8,17.22,18.75,19.23,17.56,18.77,19.84,17.2,18.05,16.58,18.14,16.74
2026-09-23T17:00Z,7.62,7.41,36.7,7.27,8.75,2.01,33.96,7.57,25.27,35.85,7.48,9.05,7.67,-49.19,7.76
2026-09-23T18:00Z,15.46,15.0,21.8,14.82,15.11,14.52,21.49,15.33,20.12,21.87,15.17,15.76,14.65,-0.09,14.74
2026-09-23T19:00Z,21.69,20.97,24.38,20.54,21.11,22.33,24.21,21.5,23.84,24.57,21.16,21.63,20.17,19.77,20.34
2026-09-23T20:00Z,21.65,22.39,41.38,20.25,19.74,17.48,40.36,21.45,35.69,40.65,20.94,21.29,14.41,-26.03,13.48
2026-09-23T21:00Z,30.13,31.09,31.27,28.12,28.99,30.99,31.15,29.96,31.11,31.45,29.05,30.34,20.44,27.2,19.39
2026-09-23T22:00Z,33.93,32.65,34.58,31.96,32.72,34.39,38.14,34.07,34.43,34.66,32.94,33.78,30.38,32.54,30.74
2026-09-23T23:00Z,31.52,30.5,32.02,29.82,30.55,31.87,41.36,31.78,31.89,32.1,30.76,29.88,27.99,29.27,28.27
2026-09-24T00:00Z,31.96,32.59,32.41,30.26,30.93,32.29,32.28,32.19,32.29,32.48,31.11,31.94,23.81,29.11,23.89
2026-09-24T01:00Z,32.78,34.43,33.44,30.93,31.68,33.25,33.27,32.95,33.29,33.61,31.82,32.73,22.24,18.48,21.36
2026-09-24T02:00Z,32.58,33.68,33.3,30.69,31.45,33.07,33.29,32.62,33.14,33.51,31.57,32.58,23.37,22.36,22.72
2026-09-24T03:00Z,28.0,26.95,28.51,26.57,27.12,28.34,28.33,27.96,28.39,28.69,27.22,28.0,25.77,19.83,26.05
2026-09-24T04:00Z,24.37,23.62,24.68,23.27,23.71,24.53,24.69,24.44,24.57,24.82,23.81,24.3,22.59,23.58,22.84
2026-09-24T05:00Z,24.9,24.21,25.2,23.89,24.28,25.06,25.13,25.01,25.09,25.33,24.41,24.79,23.32,9.26,23.59
2026-09-24T06:00Z,22.18,21.47,22.38,21.03,21.54,22.27,22.25,22.19,22.29,22.49,21.64,22.18,20.39,10.27,20.64
2026-09-24T07:00Z,22.94,22.23,23.1,21.8,22.28,23.0,22.87,22.97,23.02,23.22,22.37,22.92,21.18,7.14,21.44
2026-09-24T08:00Z,22.73,22.01,22.89,21.58,22.07,22.79,22.64,22.79,22.81,23.01,22.15,22.7,20.93,6.68,21.21
2026-09-24T09:00Z,27.97,27.1,28.06,26.55,27.18,27.96,27.82,28.11,27.96,28.19,27.35,27.88,25.65,26.84,25.99
2026-09-24T10:00Z,27.53,26.69,27.49,26.28,26.82,27.44,27.0,27.81,27.41,27.58,27.06,27.3,25.26,26.26,25.6
2026-09-24T11:00Z,31.87,30.92,31.8,30.45,31.03,31.77,31.36,32.14,31.72,31.83,31.33,31.61,29.25,27.41,29.67
2026-09-24T12:00Z,29.55,28.82,30.05,28.39,28.99,29.88,29.65,29.74,29.92,30.22,29.22,30.56,27.61,11.56,27.97
2026-09-24T13:00Z,23.99,23.52,24.8,23.18,23.74,24.57,24.41,24.11,24.67,25.02,23.87,24.17,22.86,23.73,23.16
2026-09-24T14:00Z,23.95,23.6,26.76,23.33,23.75,24.34,27.03,24.05,26.13,26.96,23.83,23.79,23.15,19.95,23.46
2026-09-24T15:00Z,13.62,13.46,14.51,13.33,13.5,14.03,14.34,13.68,14.34,14.63,13.53,13.77,13.28,13.12,13.46
2026-09-24T16:00Z,7.19,7.15,7.55,7.08,7.15,7.47,7.42,7.24,7.5,7.64,7.17,7.26,7.08,7.29,7.18
2026-09-24T17:00Z,16.11,15.94,16.92,15.71,16.13,16.73,16.69,16.19,16.81,17.1,16.04,16.41,15.59,16.36,15.79
2026-09-24T18:00Z,21.97,21.65,23.86,21.31,21.94,22.62,23.57,22.07,23.49,24.07,21.98,22.16,21.06,17.23,21.34
2026-09-24T19:00Z,15.93,15.5,35.98,15.2,15.8,12.14,35.41,15.91,30.71,36.16,15.84,16.18,14.92,-28.88,15.12
2026-09-24T20:00Z,18.78,18.08,25.56,17.59,18.62,17.93,25.22,18.74,23.93,25.62,18.75,18.39,16.93,2.96,17.15
2026-09-24T21:00Z,29.41,28.35,30.1,27.56,29.02,29.91,29.82,29.46,29.96,30.24,29.31,29.31,26.31,20.97,26.69
2026-09-24T22:00Z,33.66,32.85,33.96,32.17,33.33,33.87,33.52,34.16,33.85,33.75,33.76,33.15,30.63,32.34,31.13
2026-09-24T23:00Z,33.52,32.71,33.85,32.09,33.11,33.77,33.43,34.0,33.73,33.91,33.51,32.8,30.52,32.21,30.99
2026-09-25T00:00Z,30.55,29.61,30.82,28.99,30.04,30.75,30.64,30.85,30.72,30.9,30.38,30.52,27.5,29.73,27.91
2026-09-25T01:00Z,32.69,31.61,33.14,30.74,32.09,33.02,32.99,32.96,33.03,33.27,32.41,32.58,28.8,30.57,29.13
2026-09-25T02:00Z,31.42,30.74,31.99,29.35,30.8,31.8,31.92,31.68,31.86,32.18,31.07,31.28,26.61,29.62,26.75
2026-09-25T03:00Z,28.54,27.56,28.97,26.94,28.06,28.81,28.8,28.8,28.85,29.14,28.31,28.41,25.89,27.48,26.18
2026-09-25T04:00Z,30.22,29.16,30.35,28.69,29.68,30.23,30.25,30.42,30.24,30.46,29.98,29.98,27.9,18.55,28.2
2026-09-25T05:00Z,28.5,27.43,28.62,26.97,27.97,28.5,28.43,28.6,28.52,28.78,28.25,28.27,26.24,24.44,26.48
2026-09-25T06:00Z,26.67,25.72,26.66,25.26,26.16,26.57,26.31,26.69,26.58,26.81,26.39,26.44,24.6,21.84,24.86
2026-09-25T07:00Z,26.25,25.33,26.2,24.87,25.75,26.12,25.86,26.28,26.12,26.33,25.98,26.03,24.25,19.69,24.5
2026-09-25T08:00Z,27.16,26.22,27.1,25.77,26.61,27.02,26.82,27.23,27.02,27.24,26.85,26.92,25.13,19.46,25.4
2026-09-25T09:00Z,29.58,28.51,29.56,28.03,28.95,29.47,29.45,29.72,29.48,29.7,29.21,29.28,27.18,26.19,27.49
2026-09-25T10:00Z,33.99,32.81,34.05,32.23,32.57,33.96,33.49,34.31,33.95,34.21,33.69,32.62,30.99,31.61,31.36
2026-09-25T11:00Z,36.52,35.25,36.58,34.76,35.85,36.49,36.05,36.82,36.46,36.72,36.27,36.04,33.43,34.85,33.89
2026-09-25T12:00Z,32.68,31.54,33.39,31.05,32.86,33.16,32.99,32.72,33.24,33.65,32.51,33.13,30.52,32.33,30.53
2026-09-25T13:00Z,23.95,23.18,24.77,22.85,23.72,24.51,25.39,23.87,24.62,24.97,23.94,23.94,22.47,23.58,22.77
2026-09-25T14:00Z,25.59,24.67,26.61,24.33,25.37,26.31,28.33,25.44,26.44,26.82,25.58,25.72,23.95,25.25,24.24
2026-09-25T15:00Z,22.4,21.54,23.35,21.16,22.15,23.09,23.19,22.22,23.2,23.55,22.3,22.59,20.73,22.07,20.98
2026-09-25T16:00Z,24.71,23.75,25.86,23.35,24.41,25.54,25.78,24.5,25.67,26.08,24.55,24.94,22.87,24.41,23.16
2026-09-25T17:00Z,26.78,25.72,28.07,25.23,26.44,27.72,28.04,26.53,27.86,28.3,26.59,27.01,24.68,26.44,24.98
2026-09-25T18:00Z,25.2,24.19,26.47,23.69,24.87,26.15,26.44,24.93,26.29,26.71,25.01,25.38,23.2,24.89,23.47
2026-09-25T19:00Z,22.26,21.22,24.28,20.61,21.86,21.86,32.64,21.93,23.89,24.47,21.94,22.62,19.94,19.62,20.15
2026-09-25T20:00Z,23.28,23.22,25.13,21.12,23.39,22.93,49.68,22.99,24.76,25.3,22.87,23.56,17.76,20.42,17.36
2026-09-25T21:00Z,26.74,26.59,27.34,24.78,26.1,27.13,27.14,26.47,27.2,27.46,26.24,27.17,20.42,23.89,20.01
2026-09-25T22:00Z,153.36,147.73,156.4,143.89,149.58,155.48,151.76,153.61,155.65,157.23,150.04,150.9,136.03,147.44,138.08
2026-09-25T23:00Z,37.67,36.28,38.43,35.51,36.91,38.19,39.24,37.73,38.23,38.69,37.2,34.65,33.6,36.11,34.06
2026-09-26T00:00Z,32.42,31.15,32.99,30.48,31.74,32.79,34.98,32.4,32.83,33.18,32.03,31.95,28.91,29.51,29.28
2026-09-26T01:00Z,33.32,31.88,33.8,31.26,32.61,33.59,33.73,33.3,33.63,34.01,32.93,32.9,29.76,21.02,30.08
2026-09-26T02:00Z,32.18,30.79,32.73,30.2,31.49,32.5,32.69,32.24,32.56,32.97,31.78,31.82,28.89,30.77,29.2
2026-09-26T03:00Z,26.5,25.4,26.94,24.99,25.91,26.73,26.89,26.38,26.8,27.17,26.09,26.22,24.13,25.5,24.37
2026-09-26T04:00Z,30.56,29.29,30.99,28.83,29.88,30.76,31.08,30.41,30.83,31.21,30.11,31.1,27.99,29.46,28.26
2026-09-26T05:00Z,35.05,33.52,35.37,32.95,34.26,35.14,35.36,34.82,35.2,35.61,34.53,35.0,31.93,29.25,32.21
2026-09-26T06:00Z,32.91,31.39,33.14,30.86,32.13,32.95,33.06,32.52,32.99,33.37,32.36,32.7,29.94,26.91,30.2
2026-09-26T07:00Z,31.61,30.18,31.81,29.66,30.88,31.62,31.75,31.23,31.67,32.03,31.11,31.4,28.82,25.55,29.05
2026-09-26T08:00Z,27.82,26.52,28.02,25.98,27.17,27.85,27.96,27.38,27.9,28.22,27.37,27.64,25.12,24.85,25.33
2026-09-26T09:00Z,31.4,29.9,31.59,29.29,30.74,31.44,31.47,30.96,31.47,31.81,31.04,31.18,28.26,29.31,28.5
2026-09-26T10:00Z,27.82,26.45,28.04,25.89,27.2,27.88,27.81,27.45,27.92,28.27,27.48,27.65,24.91,20.13,25.15
2026-09-26T11:00Z,32.76,31.09,32.96,30.54,31.98,32.77,32.72,32.37,32.81,33.21,32.34,32.6,29.47,29.25,29.76
2026-09-26T12:00Z,30.34,28.76,30.72,28.04,29.66,30.51,30.51,30.06,30.57,30.95,29.98,30.21,27.06,28.84,27.32
2026-09-26T13:00Z,29.23,27.67,29.74,26.9,28.62,29.51,29.94,28.94,29.58,29.97,28.93,29.2,26.12,27.86,26.33
2026-09-26T14:00Z,32.44,30.9,33.4,30.14,31.98,33.09,41.09,32.23,33.22,33.65,32.31,32.23,29.32,25.99,29.53
2026-09-26T15:00Z,30.03,28.45,31.2,27.57,29.55,30.86,31.25,29.8,31.03,31.44,29.78,29.88,26.5,28.8,26.67
2026-09-26T16:00Z,29.07,27.61,30.16,26.96,28.56,29.82,30.13,28.67,29.98,30.37,28.78,28.97,26.17,28.13,26.36
2026-09-26T17:00Z,33.24,31.43,34.4,30.73,32.54,34.0,37.92,32.62,34.2,34.63,32.78,33.17,29.84,32.08,30.06
2026-09-26T18:00Z,32.28,30.56,33.42,29.85,31.54,33.03,39.7,31.7,33.22,33.66,31.7,32.07,28.98,31.22,29.21
2026-09-26T19:00Z,33.18,32.22,34.21,30.1,32.28,33.84,35.69,32.45,34.0,34.45,32.39,33.03,25.48,30.51,25.01
2026-09-26T20:00Z,39.36,40.39,40.54,35.73,38.32,40.16,40.59,38.61,40.31,40.78,38.45,39.16,23.8,26.97,22.05
2026-09-26T21:00Z,37.98,33.87,38.87,27.94,37.05,38.57,43.84,37.4,38.67,39.07,37.28,37.22,19.77,14.17,18.33
2026-09-26T22:00Z,36.01,34.32,36.51,33.86,35.05,36.31,36.55,35.51,36.36,36.62,35.25,35.55,32.52,34.43,32.85
2026-09-26T23:00Z,31.29,29.94,31.72,29.64,30.46,31.55,31.44,30.91,31.58,31.84,30.63,30.83,28.52,30.04,28.84
2026-09-27T00:00Z,28.07,26.19,28.6,25.41,27.27,28.42,28.41,27.67,28.47,28.75,27.36,27.76,23.85,26.02,23.94
2026-09-27T01:00Z,35.77,33.82,36.57,33.0,34.74,36.27,36.22,35.22,36.36,36.82,34.86,35.47,31.34,33.89,31.52
2026-09-27T02:00Z,28.66,27.24,29.25,26.74,27.84,29.01,28.89,28.34,29.09,29.46,27.94,28.44,25.66,27.4,25.85
2026-09-27T03:00Z,25.81,24.55,26.27,24.12,25.11,26.08,25.95,25.5,26.14,26.45,25.2,25.68,23.24,24.47,23.39
2026-09-27T04:00Z,27.55,26.4,28.03,25.92,26.9,27.81,28.09,27.29,27.9,28.2,27.01,27.37,25.04,26.36,25.18
2026-09-27T05:00Z,31.74,30.39,32.13,29.91,30.96,31.91,32.14,31.33,31.98,32.31,31.1,31.55,29.03,29.95,29.19
2026-09-27T06:00Z,21.41,20.48,21.73,20.12,20.87,21.57,21.8,21.08,21.63,21.9,20.96,21.3,19.51,20.6,19.61
2026-09-27T07:00Z,23.83,22.82,24.16,22.47,23.26,24.0,24.21,23.55,24.05,24.33,23.36,23.68,21.87,22.98,21.96
2026-09-27T08:00Z,19.64,18.77,19.89,18.44,19.15,19.76,19.9,19.38,19.81,20.04,19.23,19.52,17.9,18.87,17.98
2026-09-27T09:00Z,18.85,18.02,19.12,17.73,18.35,18.97,19.25,18.59,19.03,19.25,18.43,18.73,17.23,18.15,17.32
2026-09-27T10:00Z,21.39,20.41,21.62,20.1,20.82,21.48,21.39,21.09,21.52,21.77,20.92,21.26,18.42,20.55,19.65
2026-09-27T11:00Z,20.87,19.94,21.12,19.68,20.32,20.98,20.88,20.63,21.02,21.28,20.43,20.71,19.18,20.11,19.29
2026-09-27T12:00Z,22.92,21.81,23.22,21.41,22.25,23.07,23.08,22.62,23.11,23.39,22.36,22.74,20.79,21.98,20.9
2026-09-27T13:00Z,22.39,21.27,22.72,20.87,21.73,22.56,22.54,22.03,22.61,15.1,21.83,22.23,20.31,21.42,20.4
2026-09-27T14:00Z,29.22,27.74,29.83,27.19,28.36,29.59,29.84,28.71,29.69,17.37,28.47,29.01,26.55,25.4,26.66
2026-09-27T15:00Z,32.43,30.7,33.2,29.97,31.45,32.91,33.15,31.84,33.02,33.48,31.57,32.28,29.33,25.29,29.47
2026-09-27T16:00Z,33.26,31.62,34.08,30.86,32.29,33.76,34.1,32.8,33.9,34.36,32.38,33.07,30.08,26.08,30.25
2026-09-27T17:00Z,34.2,32.46,35.01,31.64,33.13,34.67,36.43,33.69,34.82,35.29,33.21,33.95,30.59,29.45,30.73
2026-09-27T18:00Z,35.09,33.32,35.95,32.47,33.97,35.6,46.5,34.64,35.75,36.24,34.0,34.83,31.3,29.77,31.45
2026-09-27T19:00Z,41.49,39.75,42.5,38.49,40.19,42.11,49.28,41.2,42.26,42.82,40.28,41.17,36.22,38.52,36.3
2026-09-27T20:00Z,38.99,37.19,39.82,36.29,37.79,39.5,45.14,38.71,39.62,40.1,37.91,38.63,34.49,21.67,34.74
2026-09-27T21:00Z,36.07,34.53,36.63,33.85,35.0,36.41,43.37,35.91,36.47,36.81,35.14,35.6,32.27,17.37,32.63
2026-09-27T22:00Z,37.67,36.29,38.27,35.65,36.7,38.07,38.07,37.73,38.11,38.42,36.9,37.03,34.05,51.09,34.52
2026-09-27T23:00Z,38.42,37.16,39.06,36.52,37.51,38.86,38.56,38.68,38.89,39.24,37.71,37.76,34.9,46.72,35.39
2026-09-28T00:00Z,32.1,30.99,32.61,30.48,31.36,32.43,32.28,32.29,32.46,32.79,31.56,31.61,29.22,21.17,29.57
2026-09-28T01:00Z,33.06,31.89,33.78,31.23,32.34,33.54,33.47,33.24,33.61,34.3,32.55,29.91,29.92,31.87,30.28
2026-09-28T02:00Z,28.57,27.66,29.17,27.12,27.95,28.96,28.91,28.73,29.03,34.62,28.12,28.18,26.21,28.18,26.55
2026-09-28T03:00Z,26.47,25.67,26.95,25.18,25.94,26.77,26.61,26.59,26.82,27.17,26.12,26.13,24.44,25.64,24.78
2026-09-28T04:00Z,31.66,30.79,32.07,29.86,31.02,31.86,31.67,31.77,31.92,32.3,31.24,30.2,28.6,29.72,29.07
2026-09-28T05:00Z,25.88,25.02,26.16,24.49,25.32,26.0,26.03,25.93,26.05,26.38,25.49,25.57,23.84,24.98,24.18
2026-09-28T06:00Z,21.45,20.67,21.63,20.27,20.94,21.5,21.56,21.46,21.54,21.8,21.07,21.21,19.76,20.76,20.03
2026-09-28T07:00Z,23.06,22.32,23.28,21.77,22.56,23.14,23.18,23.14,23.19,23.46,22.71,22.79,21.14,20.62,21.45
2026-09-28T08:00Z,24.65,23.91,24.87,23.46,24.14,24.73,24.62,24.76,24.77,25.06,24.32,24.37,22.92,23.98,23.26
2026-09-28T09:00Z,26.33,25.61,26.64,25.1,25.82,26.49,26.39,26.58,26.53,26.84,26.02,26.02,24.42,-3.32,24.83
2026-09-28T10:00Z,30.73,29.94,30.97,29.34,30.21,30.84,30.53,31.2,30.86,31.16,30.51,30.29,28.32,29.68,28.84
2026-09-28T11:00Z,40.93,38.38,40.94,36.41,40.28,40.86,39.19,41.18,40.82,41.06,40.78,40.29,34.89,38.04,35.69
2026-09-28T12:00Z,38.56,36.86,38.56,35.71,38.01,38.55,27.64,38.93,38.47,38.73,38.52,37.78,34.28,19.06,35.03
2026-09-28T13:00Z,35.21,33.89,35.28,33.16,34.66,35.18,27.9,35.43,35.16,35.43,35.15,34.72,31.9,18.95,32.56
2026-09-28T14:00Z,40.69,39.47,40.94,38.84,40.17,40.77,40.8,41.1,40.78,41.06,40.71,40.1,37.48,39.25,38.26
2026-09-28T15:00Z,39.32,38.08,39.67,37.42,38.82,39.47,39.46,39.63,39.47,39.78,39.36,38.82,36.11,37.96,36.85
