location,issued_at,time,temperature_2m,relative_humidity_2m,dew_point_2m,apparent_temperature,precipitation,cloud_cover,surface_pressure,wind_speed_10m,wind_speed_100m,wind_direction_100m,wind_gusts_10m,shortwave_radiation,direct_normal_irradiance,diffuse_radiation
AT_Vienna,2026-09-27T08:00Z,2026-09-27T09:00Z,15.2,68,9.4,14.0,0.0,23,1002.8,7.0,11.1,112,16.6,469.0,629.0,136.0
AT_Vienna,2026-09-27T08:00Z,2026-09-27T10:00Z,18.2,59,10.0,16.6,0.0,76,1002.6,11.5,18.0,125,25.6,561.0,691.1,142.0
AT_Vienna,2026-09-27T08:00Z,2026-09-27T11:00Z,19.9,51,9.5,17.9,0.0,19,1002.3,15.0,24.4,127,32.8,604.0,718.4,144.0
AT_Vienna,2026-09-27T08:00Z,2026-09-27T12:00Z,20.9,46,8.8,18.7,0.0,91,1001.8,14.6,23.8,131,33.5,592.0,713.7,143.0
AT_Vienna,2026-09-27T08:00Z,2026-09-27T13:00Z,21.2,48,9.7,19.0,0.0,96,1001.2,14.6,23.6,129,32.4,516.0,636.5,151.0
AT_Vienna,2026-09-27T08:00Z,2026-09-27T14:00Z,21.4,47,9.6,19.2,0.0,100,1000.7,14.4,24.5,130,32.4,383.0,452.7,167.0
AT_Vienna,2026-09-27T08:00Z,2026-09-27T15:00Z,21.2,44,8.4,18.7,0.0,97,1000.5,13.8,25.2,131,31.0,241.0,305.7,135.0
AT_Vienna,2026-09-27T08:00Z,2026-09-27T16:00Z,20.6,48,9.2,18.6,0.0,82,1000.6,12.2,23.6,122,29.2,121.0,266.8,70.0
AT_Vienna,2026-09-27T08:00Z,2026-09-27T17:00Z,19.3,52,9.2,17.7,0.0,100,1001.0,9.6,25.8,120,25.2,16.0,28.1,14.0
AT_Vienna,2026-09-27T08:00Z,2026-09-27T18:00Z,17.7,62,10.3,16.5,0.0,5,1001.0,8.9,27.9,127,19.4,0.0,0.0,0.0
AT_Vienna,2026-09-27T08:00Z,2026-09-27T19:00Z,16.8,62,9.5,15.4,0.0,12,1000.8,9.1,30.4,135,18.7,0.0,0.0,0.0
AT_Vienna,2026-09-27T08:00Z,2026-09-27T20:00Z,16.3,62,9.0,15.0,0.0,0,1000.8,7.1,26.3,145,18.4,0.0,0.0,0.0
AT_Vienna,2026-09-27T08:00Z,2026-09-27T21:00Z,15.6,65,9.1,14.7,0.0,0,1000.9,4.3,19.5,145,13.7,0.0,0.0,0.0
AT_Vienna,2026-09-27T08:00Z,2026-09-27T22:00Z,15.0,68,9.2,14.3,0.0,4,1001.0,3.4,17.9,144,8.3,0.0,0.0,0.0
AT_Vienna,2026-09-27T08:00Z,2026-09-27T23:00Z,14.3,72,9.3,13.6,0.0,0,1000.9,3.7,18.0,138,6.8,0.0,0.0,0.0
AT_Vienna,2026-09-27T08:00Z,2026-09-28T00:00Z,13.8,75,9.5,13.3,0.0,0,1000.8,2.6,18.2,144,6.5,0.0,0.0,0.0
AT_Vienna,2026-09-27T08:00Z,2026-09-28T01:00Z,13.5,76,9.3,13.0,0.0,0,1000.7,2.2,14.4,144,4.7,0.0,0.0,0.0
AT_Vienna,2026-09-27T08:00Z,2026-09-28T02:00Z,12.5,82,9.5,12.1,0.0,0,1000.9,1.9,14.3,142,4.3,0.0,0.0,0.0
AT_Vienna,2026-09-27T08:00Z,2026-09-28T03:00Z,11.8,86,9.6,11.5,0.0,0,1001.0,1.8,13.1,142,3.6,0.0,0.0,0.0
AT_Vienna,2026-09-27T08:00Z,2026-09-28T04:00Z,11.3,88,9.4,10.8,0.0,0,1001.2,2.3,12.5,135,4.7,0.0,0.0,0.0
AT_Vienna,2026-09-27T08:00Z,2026-09-28T05:00Z,11.0,89,9.2,10.5,0.0,0,1001.4,2.0,12.7,136,4.3,0.0,0.0,0.0
AT_Vienna,2026-09-27T08:00Z,2026-09-28T06:00Z,11.2,86,9.0,10.7,0.0,0,1001.7,1.5,12.0,140,3.6,56.0,152.5,39.0
AT_Vienna,2026-09-27T08:00Z,2026-09-28T07:00Z,12.8,77,8.9,12.2,0.0,0,1002.2,2.2,9.7,134,5.8,190.0,390.3,86.0
AT_Vienna,2026-09-27T08:00Z,2026-09-28T08:00Z,15.6,66,9.2,14.4,0.0,0,1002.4,6.4,10.7,117,14.4,339.0,550.5,113.0
AT_Vienna,2026-09-27T08:00Z,2026-09-28T09:00Z,18.3,56,9.4,16.5,0.0,0,1002.3,11.6,18.3,128,25.2,475.0,667.0,125.0
AT_Vienna,2026-09-27T08:00Z,2026-09-28T10:00Z,20.5,49,9.4,18.2,0.0,0,1002.2,15.1,25.5,131,33.1,569.0,731.7,129.0
AT_Vienna,2026-09-27T08:00Z,2026-09-28T11:00Z,21.9,44,9.1,19.5,0.0,0,1001.8,16.8,28.7,138,36.7,615.0,766.8,128.0
AT_Vienna,2026-09-27T08:00Z,2026-09-28T12:00Z,22.7,42,9.1,20.4,0.0,0,1001.4,16.0,26.9,136,36.7,603.0,769.7,123.0
AT_Vienna,2026-09-27T08:00Z,2026-09-28T13:00Z,23.0,42,9.4,20.6,0.0,0,1001.0,15.9,27.2,142,35.3,538.0,743.2,116.0
AT_Vienna,2026-09-27T08:00Z,2026-09-28T14:00Z,23.1,39,8.4,20.5,0.0,0,1000.9,15.0,25.7,139,34.6,427.0,681.1,106.0
AT_Vienna,2026-09-27T08:00Z,2026-09-28T15:00Z,22.8,38,7.7,20.1,0.0,0,1000.8,14.3,26.2,134,32.4,284.0,575.2,88.0
AT_Vienna,2026-09-27T08:00Z,2026-09-28T16:00Z,22.1,43,8.9,19.9,0.0,0,1001.0,12.6,25.3,130,30.6,129.0,378.3,59.0
AT_Vienna,2026-09-27T08:00Z,2026-09-28T17:00Z,20.6,46,8.6,18.7,0.0,0,1001.3,10.3,28.7,127,26.3,16.0,58.7,12.0
AT_Vienna,2026-09-27T08:00Z,2026-09-28T18:00Z,19.3,50,8.6,17.6,0.0,0,1001.7,8.9,29.3,140,21.2,0.0,0.0,0.0
AT_Vienna,2026-09-27T08:00Z,2026-09-28T19:00Z,18.6,51,8.3,17.0,0.0,0,1001.8,7.7,26.3,152,18.4,0.0,0.0,0.0
AT_Vienna,2026-09-27T08:00Z,2026-09-28T20:00Z,17.5,54,8.1,16.2,0.0,0,1002.0,5.9,22.0,161,15.1,0.0,0.0,0.0
AT_Vienna,2026-09-27T08:00Z,2026-09-28T21:00Z,16.5,60,8.7,15.4,0.0,0,1002.2,5.0,20.4,162,11.2,0.0,0.0,0.0
AT_Vienna,2026-09-27T08:00Z,2026-09-28T22:00Z,16.0,62,8.7,14.9,0.0,0,1002.2,4.7,20.9,161,10.1,0.0,0.0,0.0
AT_Vienna,2026-09-27T08:00Z,2026-09-28T23:00Z,15.0,67,8.9,14.2,0.0,0,1002.2,3.6,18.3,164,9.0,0.0,0.0,0.0
BE_Brussels,2026-09-27T08:00Z,2026-09-27T09:00Z,18.3,58,9.9,17.4,0.0,12,1014.3,6.1,10.4,198,15.1,261.0,264.3,151.4
BE_Brussels,2026-09-27T08:00Z,2026-09-27T10:00Z,20.4,51,10.0,19.4,0.0,0,1013.7,7.2,11.2,213,17.6,462.0,591.8,156.2
BE_Brussels,2026-09-27T08:00Z,2026-09-27T11:00Z,22.2,47,10.3,21.0,0.0,94,1013.5,9.0,14.4,200,21.6,546.0,659.8,162.2
BE_Brussels,2026-09-27T08:00Z,2026-09-27T12:00Z,23.1,46,10.9,21.7,0.0,100,1012.9,11.5,18.7,209,25.9,469.0,441.5,201.7
BE_Brussels,2026-09-27T08:00Z,2026-09-27T13:00Z,24.2,44,11.2,23.0,0.0,100,1012.5,10.8,17.3,206,25.9,488.0,518.0,184.3
BE_Brussels,2026-09-27T08:00Z,2026-09-27T14:00Z,24.9,43,11.5,23.7,0.0,100,1012.2,11.5,18.7,218,25.6,413.0,453.9,174.4
BE_Brussels,2026-09-27T08:00Z,2026-09-27T15:00Z,24.6,42,10.8,22.4,0.0,100,1012.0,16.6,26.6,221,33.1,307.0,361.8,152.4
BE_Brussels,2026-09-27T08:00Z,2026-09-27T16:00Z,24.2,44,11.2,22.7,0.0,100,1012.0,13.0,20.9,227,33.1,198.0,278.8,114.8
BE_Brussels,2026-09-27T08:00Z,2026-09-27T17:00Z,23.9,46,11.6,22.8,0.0,98,1012.3,10.8,18.4,218,25.9,89.0,181.1,62.3
BE_Brussels,2026-09-27T08:00Z,2026-09-27T18:00Z,23.3,49,12.0,22.6,0.0,100,1012.8,9.0,19.8,196,20.2,6.0,0.0,6.0
BE_Brussels,2026-09-27T08:00Z,2026-09-27T19:00Z,23.1,50,12.2,22.4,0.0,86,1013.0,9.7,23.4,197,18.0,0.0,0.0,0.0
BE_Brussels,2026-09-27T08:00Z,2026-09-27T20:00Z,22.2,53,12.2,21.4,0.0,100,1013.3,9.7,26.6,192,16.6,0.0,0.0,0.0
BE_Brussels,2026-09-27T08:00Z,2026-09-27T21:00Z,22.1,54,12.4,21.4,0.0,100,1013.4,10.4,28.8,181,18.7,0.0,0.0,0.0
BE_Brussels,2026-09-27T08:00Z,2026-09-27T22:00Z,21.9,53,11.9,21.0,0.0,98,1013.8,10.4,26.6,216,18.7,0.0,0.0,0.0
BE_Brussels,2026-09-27T08:00Z,2026-09-27T23:00Z,19.9,63,12.7,19.6,0.0,100,1013.8,7.9,18.4,281,27.7,0.0,0.0,0.0
BE_Brussels,2026-09-27T08:00Z,2026-09-28T00:00Z,19.2,67,12.9,19.0,0.0,95,1014.3,7.6,16.9,272,13.3,0.0,0.0,0.0
BE_Brussels,2026-09-27T08:00Z,2026-09-28T01:00Z,18.5,70,12.9,18.3,0.0,55,1014.4,7.6,15.8,264,12.2,0.0,0.0,0.0
BE_Brussels,2026-09-27T08:00Z,2026-09-28T02:00Z,18.2,74,13.5,18.4,0.0,100,1015.2,6.5,15.8,280,12.6,0.0,0.0,0.0
BE_Brussels,2026-09-27T08:00Z,2026-09-28T03:00Z,18.4,75,13.9,18.7,0.0,100,1015.0,6.8,10.8,251,11.9,0.0,0.0,0.0
BE_Brussels,2026-09-27T08:00Z,2026-09-28T04:00Z,18.5,77,14.4,19.1,0.0,100,1015.3,5.8,9.7,227,12.6,0.0,0.0,0.0
BE_Brussels,2026-09-27T08:00Z,2026-09-28T05:00Z,18.1,79,14.4,18.7,0.0,100,1015.4,6.1,10.8,235,10.4,0.0,0.0,0.0
BE_Brussels,2026-09-27T08:00Z,2026-09-28T06:00Z,18.4,78,14.5,19.0,0.0,100,1015.7,6.5,11.5,237,12.6,1.0,0.0,1.0
BE_Brussels,2026-09-27T08:00Z,2026-09-28T07:00Z,18.5,80,15.0,19.2,0.0,100,1016.2,6.8,11.5,253,14.0,11.0,0.0,11.0
BE_Brussels,2026-09-27T08:00Z,2026-09-28T08:00Z,18.7,81,15.4,19.7,0.0,100,1016.5,5.8,7.9,236,13.3,34.0,2.5,33.3
BE_Brussels,2026-09-27T08:00Z,2026-09-28T09:00Z,19.1,80,15.6,20.2,0.0,100,1016.6,5.4,7.6,282,14.4,119.0,34.4,104.9
BE_Brussels,2026-09-27T08:00Z,2026-09-28T10:00Z,19.5,78,15.6,21.3,0.0,100,1017.1,0.4,1.1,141,12.6,124.0,20.1,113.7
BE_Brussels,2026-09-27T08:00Z,2026-09-28T11:00Z,21.0,71,15.5,22.1,0.0,100,1017.5,5.0,7.2,76,13.3,224.0,72.4,182.3
BE_Brussels,2026-09-27T08:00Z,2026-09-28T12:00Z,21.9,67,15.5,22.8,0.0,100,1016.9,6.5,8.3,13,16.2,285.0,125.4,209.7
BE_Brussels,2026-09-27T08:00Z,2026-09-28T13:00Z,22.4,66,15.7,23.0,0.0,100,1016.9,9.0,12.2,6,19.8,314.0,180.3,209.3
BE_Brussels,2026-09-27T08:00Z,2026-09-28T14:00Z,22.7,64,15.6,23.2,0.0,99,1016.7,9.7,14.4,22,21.2,291.0,200.3,186.9
BE_Brussels,2026-09-27T08:00Z,2026-09-28T15:00Z,22.7,64,15.5,22.8,0.0,76,1016.6,12.2,18.7,25,24.5,189.0,111.9,141.8
BE_Brussels,2026-09-27T08:00Z,2026-09-28T16:00Z,22.4,66,15.7,22.5,0.0,98,1016.5,12.6,20.2,34,25.9,153.0,155.4,107.6
BE_Brussels,2026-09-27T08:00Z,2026-09-28T17:00Z,21.8,68,15.7,21.9,0.0,100,1016.9,13.0,19.4,338,26.3,70.0,106.0,55.0
BE_Brussels,2026-09-27T08:00Z,2026-09-28T18:00Z,20.8,68,14.7,20.2,0.0,100,1016.9,14.8,25.6,28,30.2,1.0,0.0,1.0
BE_Brussels,2026-09-27T08:00Z,2026-09-28T19:00Z,20.4,67,14.1,19.7,0.0,41,1017.0,13.7,23.4,27,27.7,0.0,0.0,0.0
BE_Brussels,2026-09-27T08:00Z,2026-09-28T20:00Z,20.0,69,14.2,19.4,0.0,100,1017.0,14.0,24.1,38,26.6,0.0,0.0,0.0
BE_Brussels,2026-09-27T08:00Z,2026-09-28T21:00Z,19.3,76,15.0,19.0,0.0,99,1017.0,13.7,23.4,27,26.6,0.0,0.0,0.0
BE_Brussels,2026-09-27T08:00Z,2026-09-28T22:00Z,18.4,81,15.1,18.3,0.0,100,1017.2,12.6,23.0,34,25.6,0.0,0.0,0.0
BE_Brussels,2026-09-27T08:00Z,2026-09-28T23:00Z,17.9,83,15.0,17.9,0.0,100,1016.9,11.2,19.8,22,23.4,0.0,0.0,0.0
DE_Berlin,2026-09-27T08:00Z,2026-09-27T09:00Z,17.5,61,9.9,15.7,0.0,0,1021.3,12.7,21.6,118,27.7,400.0,628.1,110.0
DE_Berlin,2026-09-27T08:00Z,2026-09-27T10:00Z,19.5,57,10.8,18.0,0.0,4,1021.2,12.2,20.0,126,27.7,493.0,710.4,110.0
DE_Berlin,2026-09-27T08:00Z,2026-09-27T11:00Z,21.5,48,10.0,19.4,0.0,0,1020.9,14.8,24.2,134,32.0,542.0,748.9,109.0
DE_Berlin,2026-09-27T08:00Z,2026-09-27T12:00Z,22.5,41,8.6,20.0,0.0,0,1020.4,14.8,23.7,136,32.4,544.0,760.2,106.0
DE_Berlin,2026-09-27T08:00Z,2026-09-27T13:00Z,23.1,37,7.6,20.3,0.0,0,1019.8,14.8,24.5,131,32.8,498.0,746.4,100.0
DE_Berlin,2026-09-27T08:00Z,2026-09-27T14:00Z,23.2,37,7.7,20.5,0.0,0,1019.3,14.8,25.2,136,32.8,408.0,698.8,92.0
DE_Berlin,2026-09-27T08:00Z,2026-09-27T15:00Z,22.8,39,8.2,20.2,0.0,97,1019.0,15.1,27.2,131,32.8,280.0,581.6,83.0
DE_Berlin,2026-09-27T08:00Z,2026-09-27T16:00Z,22.0,42,8.5,19.6,0.0,96,1018.9,13.9,27.3,129,32.4,141.0,394.1,62.0
DE_Berlin,2026-09-27T08:00Z,2026-09-27T17:00Z,20.6,48,9.2,18.8,0.0,82,1019.0,11.4,28.4,128,28.8,27.0,76.2,21.0
DE_Berlin,2026-09-27T08:00Z,2026-09-27T18:00Z,18.7,56,9.8,16.9,0.0,6,1019.0,12.4,34.3,124,25.9,0.0,0.0,0.0
DE_Berlin,2026-09-27T08:00Z,2026-09-27T19:00Z,17.2,63,10.1,15.5,0.0,78,1019.0,12.6,36.0,127,27.4,0.0,0.0,0.0
DE_Berlin,2026-09-27T08:00Z,2026-09-27T20:00Z,16.5,66,10.1,14.5,0.0,0,1019.1,13.9,34.5,131,29.9,0.0,0.0,0.0
DE_Berlin,2026-09-27T08:00Z,2026-09-27T21:00Z,15.7,70,10.3,13.9,0.0,84,1019.2,13.4,33.0,132,28.8,0.0,0.0,0.0
DE_Berlin,2026-09-27T08:00Z,2026-09-27T22:00Z,14.9,74,10.3,13.2,0.0,0,1019.2,12.4,31.7,135,28.1,0.0,0.0,0.0
DE_Berlin,2026-09-27T08:00Z,2026-09-27T23:00Z,14.1,78,10.4,12.5,0.0,0,1019.1,11.9,32.4,137,27.0,0.0,0.0,0.0
DE_Berlin,2026-09-27T08:00Z,2026-09-28T00:00Z,13.5,81,10.3,12.0,0.0,0,1019.0,11.5,32.0,139,25.6,0.0,0.0,0.0
DE_Berlin,2026-09-27T08:00Z,2026-09-28T01:00Z,13.1,83,10.3,11.7,0.0,4,1018.7,11.0,31.4,142,24.5,0.0,0.0,0.0
DE_Berlin,2026-09-27T08:00Z,2026-09-28T02:00Z,12.7,84,10.1,11.2,0.0,6,1018.7,11.0,31.0,143,24.1,0.0,0.0,0.0
DE_Berlin,2026-09-27T08:00Z,2026-09-28T03:00Z,12.4,85,9.9,10.8,0.0,11,1018.5,11.2,31.6,145,23.4,0.0,0.0,0.0
DE_Berlin,2026-09-27T08:00Z,2026-09-28T04:00Z,12.0,85,9.6,10.4,0.0,0,1018.6,10.5,29.6,144,23.4,0.0,0.0,0.0
DE_Berlin,2026-09-27T08:00Z,2026-09-28T05:00Z,11.7,86,9.4,9.9,0.0,42,1018.5,11.4,31.3,140,23.8,0.0,0.0,0.0
DE_Berlin,2026-09-27T08:00Z,2026-09-28T06:00Z,11.6,86,9.4,9.9,0.0,68,1018.6,10.7,29.5,143,23.4,30.0,71.1,24.0
DE_Berlin,2026-09-27T08:00Z,2026-09-28T07:00Z,12.6,81,9.4,10.9,0.0,36,1018.9,10.4,23.4,143,24.1,122.0,199.5,80.0
DE_Berlin,2026-09-27T08:00Z,2026-09-28T08:00Z,14.4,74,9.8,12.8,0.0,71,1019.1,10.4,18.3,140,23.4,250.0,401.2,111.0
DE_Berlin,2026-09-27T08:00Z,2026-09-28T09:00Z,16.6,65,10.0,15.1,0.0,12,1019.2,10.7,17.0,140,24.1,385.0,584.6,118.0
DE_Berlin,2026-09-27T08:00Z,2026-09-28T10:00Z,18.8,58,10.4,17.4,0.0,74,1019.0,10.7,16.6,142,25.6,465.0,627.4,130.0
DE_Berlin,2026-09-27T08:00Z,2026-09-28T11:00Z,20.8,52,10.6,19.3,0.0,47,1018.7,11.8,17.6,143,25.9,478.0,550.0,163.0
DE_Berlin,2026-09-27T08:00Z,2026-09-28T12:00Z,22.3,48,10.8,20.9,0.0,53,1018.4,11.7,18.1,147,26.6,484.0,568.0,160.0
DE_Berlin,2026-09-27T08:00Z,2026-09-28T13:00Z,23.4,46,11.1,22.1,0.0,55,1018.4,11.3,17.1,150,25.9,459.0,620.2,132.0
DE_Berlin,2026-09-27T08:00Z,2026-09-28T14:00Z,24.0,43,10.7,22.6,0.0,58,1018.2,11.3,17.7,151,24.8,381.0,614.2,107.0
DE_Berlin,2026-09-27T08:00Z,2026-09-28T15:00Z,23.9,44,11.0,22.7,0.0,60,1018.3,10.5,17.7,149,25.2,248.0,445.1,100.0
DE_Berlin,2026-09-27T08:00Z,2026-09-28T16:00Z,23.4,46,11.2,22.5,0.0,83,1018.5,8.7,17.7,145,22.3,124.0,283.3,69.0
DE_Berlin,2026-09-27T08:00Z,2026-09-28T17:00Z,22.0,54,12.3,21.6,0.0,32,1019.0,7.4,20.3,140,18.4,23.0,66.2,18.0
DE_Berlin,2026-09-27T08:00Z,2026-09-28T18:00Z,20.3,59,12.1,20.0,0.0,97,1019.3,7.0,21.4,142,14.8,0.0,0.0,0.0
DE_Berlin,2026-09-27T08:00Z,2026-09-28T19:00Z,19.0,65,12.3,18.7,0.0,89,1019.6,7.3,22.9,143,14.8,0.0,0.0,0.0
DE_Berlin,2026-09-27T08:00Z,2026-09-28T20:00Z,18.0,70,12.4,17.7,0.0,100,1019.7,7.5,23.7,147,15.5,0.0,0.0,0.0
DE_Berlin,2026-09-27T08:00Z,2026-09-28T21:00Z,17.0,73,12.1,16.6,0.0,48,1020.0,7.3,22.8,148,15.8,0.0,0.0,0.0
DE_Berlin,2026-09-27T08:00Z,2026-09-28T22:00Z,16.2,76,12.0,15.7,0.0,34,1020.1,7.9,24.2,143,16.9,0.0,0.0,0.0
DE_Berlin,2026-09-27T08:00Z,2026-09-28T23:00Z,15.6,78,11.8,15.1,0.0,78,1020.3,6.9,22.8,141,15.8,0.0,0.0,0.0
DE_Hamburg,2026-09-27T08:00Z,2026-09-27T09:00Z,14.9,73,10.1,13.1,0.0,37,1020.5,12.5,23.5,123,30.2,301.0,390.1,134.0
DE_Hamburg,2026-09-27T08:00Z,2026-09-27T10:00Z,16.9,67,10.7,15.2,0.0,56,1020.0,13.7,25.1,118,32.0,382.0,445.7,154.0
DE_Hamburg,2026-09-27T08:00Z,2026-09-27T11:00Z,19.1,61,11.4,17.4,0.0,72,1019.4,15.1,28.0,124,35.3,432.0,503.1,151.0
DE_Hamburg,2026-09-27T08:00Z,2026-09-27T12:00Z,21.0,58,12.4,19.6,0.0,34,1019.0,14.7,27.9,128,36.4,493.0,620.4,142.0
DE_Hamburg,2026-09-27T08:00Z,2026-09-27T13:00Z,22.4,50,11.4,20.5,0.0,84,1018.2,15.6,31.0,132,36.7,435.0,508.7,164.0
DE_Hamburg,2026-09-27T08:00Z,2026-09-27T14:00Z,23.3,47,11.4,21.6,0.0,98,1017.5,14.5,30.9,134,36.4,341.0,389.9,161.0
DE_Hamburg,2026-09-27T08:00Z,2026-09-27T15:00Z,23.4,44,10.4,21.3,0.0,7,1016.9,15.0,33.2,135,35.3,256.0,372.1,123.0
DE_Hamburg,2026-09-27T08:00Z,2026-09-27T16:00Z,22.3,49,11.1,20.8,0.0,75,1016.8,12.3,31.7,134,33.8,163.0,418.4,68.0
DE_Hamburg,2026-09-27T08:00Z,2026-09-27T17:00Z,21.0,51,10.5,19.3,0.0,84,1016.7,12.8,40.7,137,28.4,43.0,117.5,32.0
DE_Hamburg,2026-09-27T08:00Z,2026-09-27T18:00Z,19.8,52,9.6,17.8,0.0,35,1016.8,13.0,42.2,138,31.7,0.0,0.0,0.0
DE_Hamburg,2026-09-27T08:00Z,2026-09-27T19:00Z,18.2,59,10.0,16.5,0.0,51,1016.6,11.5,38.5,139,29.5,0.0,0.0,0.0
DE_Hamburg,2026-09-27T08:00Z,2026-09-27T20:00Z,17.1,61,9.5,15.4,0.0,59,1016.8,11.2,38.6,144,26.3,0.0,0.0,0.0
DE_Hamburg,2026-09-27T08:00Z,2026-09-27T21:00Z,16.3,63,9.2,14.4,0.0,79,1016.8,11.7,38.5,145,26.6,0.0,0.0,0.0
DE_Hamburg,2026-09-27T08:00Z,2026-09-27T22:00Z,15.6,67,9.5,13.7,0.0,98,1016.9,12.0,37.1,146,26.6,0.0,0.0,0.0
DE_Hamburg,2026-09-27T08:00Z,2026-09-27T23:00Z,15.0,70,9.5,13.2,0.0,94,1016.8,11.5,34.4,145,27.4,0.0,0.0,0.0
DE_Hamburg,2026-09-27T08:00Z,2026-09-28T00:00Z,14.3,72,9.3,12.6,0.0,91,1016.8,10.2,30.6,145,25.2,0.0,0.0,0.0
DE_Hamburg,2026-09-27T08:00Z,2026-09-28T01:00Z,13.6,75,9.3,12.2,0.0,100,1016.8,8.7,27.3,147,22.3,0.0,0.0,0.0
DE_Hamburg,2026-09-27T08:00Z,2026-09-28T02:00Z,13.1,78,9.3,11.8,0.0,85,1016.9,7.7,24.2,151,19.8,0.0,0.0,0.0
DE_Hamburg,2026-09-27T08:00Z,2026-09-28T03:00Z,12.6,81,9.4,11.5,0.0,100,1017.1,6.5,20.9,158,17.6,0.0,0.0,0.0
DE_Hamburg,2026-09-27T08:00Z,2026-09-28T04:00Z,12.2,84,9.5,11.1,0.0,99,1017.2,6.4,17.4,162,15.1,0.0,0.0,0.0
DE_Hamburg,2026-09-27T08:00Z,2026-09-28T05:00Z,11.9,86,9.6,11.0,0.0,100,1017.3,5.6,15.1,169,14.4,0.0,0.0,0.0
DE_Hamburg,2026-09-27T08:00Z,2026-09-28T06:00Z,12.0,86,9.7,11.2,0.0,100,1017.6,5.4,13.4,175,12.6,12.0,0.0,12.0
DE_Hamburg,2026-09-27T08:00Z,2026-09-28T07:00Z,12.7,85,10.3,12.2,0.0,100,1017.9,4.2,11.7,185,11.9,89.0,110.5,70.0
DE_Hamburg,2026-09-27T08:00Z,2026-09-28T08:00Z,14.3,80,10.9,14.1,0.0,100,1018.2,3.6,9.2,187,10.1,181.0,135.9,139.0
DE_Hamburg,2026-09-27T08:00Z,2026-09-28T09:00Z,16.3,74,11.7,16.3,0.0,100,1018.6,3.4,7.4,183,11.2,268.0,205.6,181.0
DE_Hamburg,2026-09-27T08:00Z,2026-09-28T10:00Z,18.5,69,12.7,18.8,0.0,100,1018.9,3.7,4.6,171,10.4,374.0,353.5,195.0
DE_Hamburg,2026-09-27T08:00Z,2026-09-28T11:00Z,20.6,65,13.8,21.2,0.0,100,1019.0,4.2,5.5,165,11.9,453.0,508.1,172.0
DE_Hamburg,2026-09-27T08:00Z,2026-09-28T12:00Z,22.0,63,14.6,22.9,0.0,83,1018.9,4.1,5.4,169,11.9,442.0,473.2,177.0
DE_Hamburg,2026-09-27T08:00Z,2026-09-28T13:00Z,23.0,63,15.6,24.5,0.0,100,1018.8,2.9,4.1,160,12.6,449.0,598.0,134.0
DE_Hamburg,2026-09-27T08:00Z,2026-09-28T14:00Z,24.0,56,14.7,25.1,0.0,100,1018.7,2.9,4.7,193,8.3,306.0,278.8,179.0
DE_Hamburg,2026-09-27T08:00Z,2026-09-28T15:00Z,23.7,57,14.7,24.6,0.0,100,1019.1,4.6,6.7,223,13.7,191.0,111.1,152.0
DE_Hamburg,2026-09-27T08:00Z,2026-09-28T16:00Z,23.3,60,15.1,24.6,0.0,100,1019.4,2.6,5.8,218,10.4,90.0,18.1,86.0
DE_Hamburg,2026-09-27T08:00Z,2026-09-28T17:00Z,22.2,69,16.2,23.7,0.0,100,1020.0,4.0,4.7,138,7.6,27.0,0.0,27.0
DE_Hamburg,2026-09-27T08:00Z,2026-09-28T18:00Z,20.7,76,16.3,22.3,0.0,100,1020.3,3.4,8.3,140,9.4,0.0,0.0,0.0
DE_Hamburg,2026-09-27T08:00Z,2026-09-28T19:00Z,19.7,82,16.5,21.5,0.0,100,1020.5,3.1,9.3,140,7.2,0.0,0.0,0.0
DE_Hamburg,2026-09-27T08:00Z,2026-09-28T20:00Z,19.2,82,16.0,20.8,0.1,100,1020.5,3.1,9.5,132,7.2,0.0,0.0,0.0
DE_Hamburg,2026-09-27T08:00Z,2026-09-28T21:00Z,18.7,83,15.8,20.3,0.0,100,1020.8,2.3,12.5,133,9.0,0.0,0.0,0.0
DE_Hamburg,2026-09-27T08:00Z,2026-09-28T22:00Z,18.6,82,15.5,20.1,0.0,100,1020.9,2.5,6.8,118,3.6,0.0,0.0,0.0
DE_Hamburg,2026-09-27T08:00Z,2026-09-28T23:00Z,18.0,85,15.5,19.5,0.0,92,1021.2,2.4,5.1,124,4.7,0.0,0.0,0.0
DE_Munich,2026-09-27T08:00Z,2026-09-27T09:00Z,16.2,60,8.4,15.0,0.0,23,961.7,5.4,7.1,90,13.7,444.0,645.7,123.0
DE_Munich,2026-09-27T08:00Z,2026-09-27T10:00Z,19.2,51,8.8,18.0,0.0,15,961.7,6.2,8.5,88,15.8,550.0,714.0,131.0
DE_Munich,2026-09-27T08:00Z,2026-09-27T11:00Z,21.4,44,8.7,20.4,0.0,0,961.9,7.3,9.6,82,18.0,612.0,763.8,127.0
DE_Munich,2026-09-27T08:00Z,2026-09-27T12:00Z,22.9,41,8.9,21.9,0.0,15,961.4,7.6,9.9,84,18.0,618.0,772.3,125.0
DE_Munich,2026-09-27T08:00Z,2026-09-27T13:00Z,23.7,38,8.6,22.4,0.0,0,961.0,7.6,9.9,84,14.0,572.0,764.3,116.0
DE_Munich,2026-09-27T08:00Z,2026-09-27T14:00Z,24.1,37,8.5,22.6,0.0,0,960.7,7.2,9.9,86,13.0,477.0,725.7,105.0
DE_Munich,2026-09-27T08:00Z,2026-09-27T15:00Z,23.8,40,9.4,22.6,0.0,5,960.6,7.3,10.0,98,13.0,341.0,637.5,91.0
DE_Munich,2026-09-27T08:00Z,2026-09-27T16:00Z,22.8,45,10.3,21.8,0.0,14,960.7,7.9,11.9,113,15.5,183.0,464.4,70.0
DE_Munich,2026-09-27T08:00Z,2026-09-27T17:00Z,21.1,52,10.9,20.4,0.0,30,960.9,7.2,15.7,126,18.0,45.0,162.1,29.0
DE_Munich,2026-09-27T08:00Z,2026-09-27T18:00Z,18.8,62,11.4,18.4,0.0,18,960.7,5.7,16.4,125,14.4,0.0,0.0,0.0
DE_Munich,2026-09-27T08:00Z,2026-09-27T19:00Z,16.6,72,11.6,16.4,0.0,2,960.6,5.1,16.3,123,11.2,0.0,0.0,0.0
DE_Munich,2026-09-27T08:00Z,2026-09-27T20:00Z,14.9,78,11.1,14.6,0.0,4,960.3,4.6,16.3,131,10.4,0.0,0.0,0.0
DE_Munich,2026-09-27T08:00Z,2026-09-27T21:00Z,13.8,82,10.8,13.4,0.0,0,960.4,4.6,16.2,134,9.7,0.0,0.0,0.0
DE_Munich,2026-09-27T08:00Z,2026-09-27T22:00Z,13.1,85,10.6,12.7,0.0,11,960.5,4.1,15.3,142,9.7,0.0,0.0,0.0
DE_Munich,2026-09-27T08:00Z,2026-09-27T23:00Z,12.2,86,9.9,11.7,0.0,14,960.6,3.4,10.9,155,8.6,0.0,0.0,0.0
DE_Munich,2026-09-27T08:00Z,2026-09-28T00:00Z,11.3,86,9.1,10.6,0.0,60,960.6,3.2,6.8,171,7.2,0.0,0.0,0.0
DE_Munich,2026-09-27T08:00Z,2026-09-28T01:00Z,10.7,87,8.6,10.0,0.0,21,960.6,2.6,5.5,195,6.8,0.0,0.0,0.0
DE_Munich,2026-09-27T08:00Z,2026-09-28T02:00Z,10.1,89,8.4,9.2,0.0,0,960.7,2.9,5.2,208,6.5,0.0,0.0,0.0
DE_Munich,2026-09-27T08:00Z,2026-09-28T03:00Z,9.8,89,8.1,9.0,0.0,0,960.7,2.5,4.7,207,6.1,0.0,0.0,0.0
DE_Munich,2026-09-27T08:00Z,2026-09-28T04:00Z,9.7,89,8.0,8.8,0.0,0,960.8,2.9,4.3,204,5.8,0.0,0.0,0.0
DE_Munich,2026-09-27T08:00Z,2026-09-28T05:00Z,9.5,91,8.1,8.7,0.0,0,961.0,2.2,3.7,197,6.1,0.0,0.0,0.0
DE_Munich,2026-09-27T08:00Z,2026-09-28T06:00Z,9.5,90,8.0,8.9,0.0,6,961.2,0.8,1.6,153,4.0,26.0,71.1,20.0
DE_Munich,2026-09-27T08:00Z,2026-09-28T07:00Z,11.7,80,8.4,11.2,0.0,12,961.4,0.7,3.8,146,4.3,145.0,342.8,71.0
DE_Munich,2026-09-27T08:00Z,2026-09-28T08:00Z,15.3,65,8.8,14.9,0.0,5,961.6,1.1,5.0,135,4.7,295.0,524.9,102.0
DE_Munich,2026-09-27T08:00Z,2026-09-28T09:00Z,18.6,52,8.5,17.7,0.0,31,962.1,3.3,4.6,86,7.9,435.0,645.6,117.0
DE_Munich,2026-09-27T08:00Z,2026-09-28T10:00Z,21.3,47,9.5,20.5,0.0,35,962.2,4.9,6.4,56,9.0,529.0,670.1,139.0
DE_Munich,2026-09-27T08:00Z,2026-09-28T11:00Z,23.3,46,11.0,22.9,0.0,37,962.1,6.8,8.5,60,10.8,593.0,728.7,134.0
DE_Munich,2026-09-27T08:00Z,2026-09-28T12:00Z,24.8,42,11.1,24.4,0.0,29,961.7,7.7,10.1,65,14.0,604.0,759.9,123.0
DE_Munich,2026-09-27T08:00Z,2026-09-28T13:00Z,25.8,36,9.6,24.5,0.0,31,961.3,8.8,12.5,74,18.0,550.0,720.8,124.0
DE_Munich,2026-09-27T08:00Z,2026-09-28T14:00Z,26.1,35,9.4,24.6,0.0,40,961.2,9.2,13.3,79,19.4,451.0,659.0,117.0
DE_Munich,2026-09-27T08:00Z,2026-09-28T15:00Z,25.7,37,10.0,24.3,0.0,0,960.8,9.8,15.3,82,22.0,325.0,600.8,93.0
DE_Munich,2026-09-27T08:00Z,2026-09-28T16:00Z,24.6,37,8.9,22.8,0.0,37,960.9,10.1,17.6,92,24.5,174.0,446.8,68.0
DE_Munich,2026-09-27T08:00Z,2026-09-28T17:00Z,22.5,45,10.0,21.3,0.0,0,961.1,8.4,18.7,101,22.3,39.0,136.0,26.0
DE_Munich,2026-09-27T08:00Z,2026-09-28T18:00Z,20.3,54,10.7,19.4,0.0,0,961.2,7.6,23.1,96,17.6,0.0,0.0,0.0
DE_Munich,2026-09-27T08:00Z,2026-09-28T19:00Z,18.3,65,11.7,17.9,0.0,0,961.1,6.9,22.9,100,15.5,0.0,0.0,0.0
DE_Munich,2026-09-27T08:00Z,2026-09-28T20:00Z,16.9,74,12.2,16.8,0.0,0,961.1,5.4,20.0,99,15.1,0.0,0.0,0.0
DE_Munich,2026-09-27T08:00Z,2026-09-28T21:00Z,15.8,80,12.4,15.8,0.0,0,961.0,5.4,20.3,97,12.2,0.0,0.0,0.0
DE_Munich,2026-09-27T08:00Z,2026-09-28T22:00Z,14.9,82,11.8,14.8,0.0,0,960.9,4.3,17.9,100,11.5,0.0,0.0,0.0
DE_Munich,2026-09-27T08:00Z,2026-09-28T23:00Z,14.1,84,11.4,13.9,0.0,0,960.8,4.7,18.2,99,10.4,0.0,0.0,0.0
ES_Madrid,2026-09-27T08:00Z,2026-09-27T09:00Z,22.6,37,7.2,20.9,0.0,100,944.2,6.8,9.5,90,18.7,265.0,154.5,199.0
ES_Madrid,2026-09-27T08:00Z,2026-09-27T10:00Z,24.3,34,7.4,22.6,0.0,100,944.6,6.6,8.7,117,19.4,429.0,306.7,254.0
ES_Madrid,2026-09-27T08:00Z,2026-09-27T11:00Z,26.0,31,7.6,24.3,0.0,100,944.2,7.4,9.5,138,20.5,542.0,378.5,287.0
ES_Madrid,2026-09-27T08:00Z,2026-09-27T12:00Z,27.5,27,6.8,25.6,0.0,97,943.9,7.0,8.7,159,20.5,542.0,286.5,333.0
ES_Madrid,2026-09-27T08:00Z,2026-09-27T13:00Z,29.3,22,5.4,27.9,0.0,76,943.2,6.8,8.5,178,20.5,683.0,649.5,206.0
ES_Madrid,2026-09-27T08:00Z,2026-09-27T14:00Z,29.8,21,5.1,27.6,0.0,95,942.4,7.9,9.9,207,24.1,584.0,492.9,245.0
ES_Madrid,2026-09-27T08:00Z,2026-09-27T15:00Z,30.1,20,4.7,27.8,0.0,100,941.8,7.2,9.5,202,22.7,467.0,379.6,242.0
ES_Madrid,2026-09-27T08:00Z,2026-09-27T16:00Z,30.0,19,3.9,27.6,0.0,87,941.4,6.6,8.6,192,19.8,335.0,317.9,190.0
ES_Madrid,2026-09-27T08:00Z,2026-09-27T17:00Z,29.5,20,4.2,27.4,0.0,98,941.1,5.1,7.1,174,18.0,183.0,251.0,111.0
ES_Madrid,2026-09-27T08:00Z,2026-09-27T18:00Z,28.5,22,4.7,26.9,0.0,85,941.0,2.1,4.0,142,13.3,43.0,51.1,37.0
ES_Madrid,2026-09-27T08:00Z,2026-09-27T19:00Z,27.1,25,5.3,25.5,0.0,100,941.0,2.5,8.7,133,5.0,0.0,0.0,0.0
ES_Madrid,2026-09-27T08:00Z,2026-09-27T20:00Z,26.0,20,1.3,22.7,0.0,96,941.3,9.5,28.9,152,22.0,0.0,0.0,0.0
ES_Madrid,2026-09-27T08:00Z,2026-09-27T21:00Z,25.0,20,0.4,21.5,0.0,99,941.2,9.4,29.1,144,25.2,0.0,0.0,0.0
ES_Madrid,2026-09-27T08:00Z,2026-09-27T22:00Z,23.9,26,3.2,20.9,0.0,100,941.6,9.5,29.7,146,25.2,0.0,0.0,0.0
ES_Madrid,2026-09-27T08:00Z,2026-09-27T23:00Z,22.9,32,5.3,20.7,0.0,100,941.4,7.1,23.0,136,22.3,0.0,0.0,0.0
ES_Madrid,2026-09-27T08:00Z,2026-09-28T00:00Z,22.3,38,7.3,20.8,0.0,100,941.5,5.2,19.7,133,17.3,0.0,0.0,0.0
ES_Madrid,2026-09-27T08:00Z,2026-09-28T01:00Z,21.7,43,8.5,20.6,0.0,100,941.3,4.3,12.1,128,13.0,0.0,0.0,0.0
ES_Madrid,2026-09-27T08:00Z,2026-09-28T02:00Z,21.0,50,10.2,19.8,0.0,100,940.9,8.8,18.6,81,19.4,0.0,0.0,0.0
ES_Madrid,2026-09-27T08:00Z,2026-09-28T03:00Z,20.7,57,11.8,20.2,0.0,100,941.1,6.8,15.5,107,19.1,0.0,0.0,0.0
ES_Madrid,2026-09-27T08:00Z,2026-09-28T04:00Z,20.3,60,12.3,20.1,0.0,99,941.1,6.2,15.8,102,17.3,0.0,0.0,0.0
ES_Madrid,2026-09-27T08:00Z,2026-09-28T05:00Z,19.8,60,11.8,19.6,0.0,100,941.1,5.2,13.6,100,14.4,0.0,0.0,0.0
ES_Madrid,2026-09-27T08:00Z,2026-09-28T06:00Z,19.3,63,12.0,19.4,0.0,100,941.5,3.7,10.7,107,11.5,0.0,0.0,0.0
ES_Madrid,2026-09-27T08:00Z,2026-09-28T07:00Z,19.2,64,12.2,19.5,0.0,100,942.1,2.3,6.6,126,8.3,14.0,0.0,14.0
ES_Madrid,2026-09-27T08:00Z,2026-09-28T08:00Z,19.5,63,12.3,19.8,0.0,100,942.7,2.7,6.0,140,8.6,55.0,4.0,54.0
ES_Madrid,2026-09-27T08:00Z,2026-09-28T09:00Z,19.7,64,12.7,20.2,0.1,100,943.0,2.3,2.7,67,7.6,96.0,2.4,95.0
ES_Madrid,2026-09-27T08:00Z,2026-09-28T10:00Z,19.9,61,12.2,19.7,0.2,100,943.2,6.0,8.5,163,17.3,133.0,1.8,132.0
ES_Madrid,2026-09-27T08:00Z,2026-09-28T11:00Z,20.1,60,12.1,20.1,0.1,100,943.2,4.7,6.4,146,15.5,172.0,7.5,167.0
ES_Madrid,2026-09-27T08:00Z,2026-09-28T12:00Z,20.3,61,12.5,20.0,0.1,100,943.1,7.4,10.3,149,20.2,212.0,12.4,203.0
ES_Madrid,2026-09-27T08:00Z,2026-09-28T13:00Z,20.3,65,13.5,20.2,0.2,100,942.7,8.2,12.1,165,22.3,232.0,6.9,227.0
ES_Madrid,2026-09-27T08:00Z,2026-09-28T14:00Z,19.8,67,13.5,20.0,0.5,100,942.1,6.7,9.5,165,23.4,193.0,1.5,192.0
ES_Madrid,2026-09-27T08:00Z,2026-09-28T15:00Z,19.3,69,13.5,19.7,0.4,100,941.8,4.8,7.3,157,18.7,123.0,6.8,119.0
ES_Madrid,2026-09-27T08:00Z,2026-09-28T16:00Z,18.7,76,14.3,19.5,0.7,100,941.7,4.1,6.0,135,13.3,77.0,0.0,77.0
ES_Madrid,2026-09-27T08:00Z,2026-09-28T17:00Z,18.9,79,15.1,19.9,0.3,100,941.8,5.0,8.7,122,14.0,60.0,0.0,60.0
ES_Madrid,2026-09-27T08:00Z,2026-09-28T18:00Z,18.4,83,15.5,19.5,0.3,100,941.9,4.9,10.3,131,20.5,16.0,0.0,16.0
ES_Madrid,2026-09-27T08:00Z,2026-09-28T19:00Z,18.0,76,13.7,18.5,0.2,100,941.9,4.9,9.6,156,15.5,0.0,0.0,0.0
ES_Madrid,2026-09-27T08:00Z,2026-09-28T20:00Z,17.8,75,13.3,18.5,0.0,92,942.0,2.7,6.4,171,12.2,0.0,0.0,0.0
ES_Madrid,2026-09-27T08:00Z,2026-09-28T21:00Z,17.7,77,13.6,18.6,0.0,100,941.9,1.6,3.8,146,6.8,0.0,0.0,0.0
ES_Madrid,2026-09-27T08:00Z,2026-09-28T22:00Z,17.5,79,13.8,18.2,0.0,100,942.1,3.2,6.6,126,7.9,0.0,0.0,0.0
ES_Madrid,2026-09-27T08:00Z,2026-09-28T23:00Z,17.1,78,13.2,17.6,0.0,100,941.9,3.4,7.6,124,8.6,0.0,0.0,0.0
FR_Paris,2026-09-27T08:00Z,2026-09-27T09:00Z,16.3,78,12.4,16.0,0.0,11,1012.3,7.0,9.2,148,16.6,359.0,620.7,100.0
FR_Paris,2026-09-27T08:00Z,2026-09-27T10:00Z,18.3,69,12.5,18.0,0.0,43,1012.1,7.4,10.5,160,18.0,486.0,725.3,103.0
FR_Paris,2026-09-27T08:00Z,2026-09-27T11:00Z,20.7,60,12.7,20.3,0.0,100,1011.7,8.8,13.1,175,20.2,524.0,582.1,174.0
FR_Paris,2026-09-27T08:00Z,2026-09-27T12:00Z,22.6,56,13.4,22.3,0.0,100,1011.2,9.7,14.8,177,22.0,548.0,563.4,192.0
FR_Paris,2026-09-27T08:00Z,2026-09-27T13:00Z,24.5,51,13.7,24.3,0.0,89,1010.6,10.0,16.7,193,23.4,569.0,692.6,141.0
FR_Paris,2026-09-27T08:00Z,2026-09-27T14:00Z,25.8,46,13.3,25.4,0.0,39,1010.2,10.0,16.7,205,22.7,519.0,731.8,109.0
FR_Paris,2026-09-27T08:00Z,2026-09-27T15:00Z,26.4,45,13.5,26.0,0.0,86,1009.8,10.5,18.9,209,23.4,395.0,609.4,113.0
FR_Paris,2026-09-27T08:00Z,2026-09-27T16:00Z,26.3,45,13.4,26.0,0.0,100,1009.7,9.5,18.0,211,23.4,202.0,192.7,138.0
FR_Paris,2026-09-27T08:00Z,2026-09-27T17:00Z,26.0,45,13.2,26.0,0.0,100,1009.9,6.9,15.5,221,21.2,90.0,79.0,76.0
FR_Paris,2026-09-27T08:00Z,2026-09-27T18:00Z,25.2,48,13.4,25.6,0.0,100,1010.1,4.6,15.0,221,13.7,13.0,15.6,12.0
FR_Paris,2026-09-27T08:00Z,2026-09-27T19:00Z,24.0,52,13.5,24.5,0.0,100,1010.3,4.2,16.6,243,10.4,0.0,0.0,0.0
FR_Paris,2026-09-27T08:00Z,2026-09-27T20:00Z,23.2,53,13.1,23.4,0.0,100,1010.6,5.2,20.2,243,10.1,0.0,0.0,0.0
FR_Paris,2026-09-27T08:00Z,2026-09-27T21:00Z,22.2,52,11.9,22.1,0.0,99,1010.9,4.7,18.8,264,11.2,0.0,0.0,0.0
FR_Paris,2026-09-27T08:00Z,2026-09-27T22:00Z,21.7,51,11.1,21.5,0.0,95,1011.3,4.0,18.0,267,10.4,0.0,0.0,0.0
FR_Paris,2026-09-27T08:00Z,2026-09-27T23:00Z,21.2,53,11.3,21.1,0.0,100,1011.5,3.6,16.4,277,7.6,0.0,0.0,0.0
FR_Paris,2026-09-27T08:00Z,2026-09-28T00:00Z,20.6,56,11.5,20.8,0.0,100,1011.6,1.9,10.2,284,6.5,0.0,0.0,0.0
FR_Paris,2026-09-27T08:00Z,2026-09-28T01:00Z,19.9,60,11.9,20.2,0.0,100,1011.7,1.5,3.9,280,2.9,0.0,0.0,0.0
FR_Paris,2026-09-27T08:00Z,2026-09-28T02:00Z,19.3,61,11.6,19.5,0.0,100,1011.8,2.1,1.0,135,4.7,0.0,0.0,0.0
FR_Paris,2026-09-27T08:00Z,2026-09-28T03:00Z,18.7,65,12.0,19.2,0.0,100,1012.1,0.7,0.7,180,3.2,0.0,0.0,0.0
FR_Paris,2026-09-27T08:00Z,2026-09-28T04:00Z,18.6,66,12.1,19.2,0.0,100,1012.5,0.4,2.0,225,4.3,0.0,0.0,0.0
FR_Paris,2026-09-27T08:00Z,2026-09-28T05:00Z,18.5,67,12.3,19.1,0.0,99,1012.5,1.0,0.7,360,4.0,0.0,0.0,0.0
FR_Paris,2026-09-27T08:00Z,2026-09-28T06:00Z,18.2,71,12.9,18.8,0.0,100,1012.7,2.3,5.2,318,4.7,1.0,0.0,1.0
FR_Paris,2026-09-27T08:00Z,2026-09-28T07:00Z,18.5,71,13.2,19.3,0.0,100,1012.7,1.3,5.7,7,5.0,39.0,0.0,39.0
FR_Paris,2026-09-27T08:00Z,2026-09-28T08:00Z,19.4,67,13.1,19.9,0.0,100,1012.7,2.8,5.7,30,5.8,100.0,25.7,93.0
FR_Paris,2026-09-27T08:00Z,2026-09-28T09:00Z,20.0,67,13.7,21.0,0.0,100,1013.6,1.3,1.1,342,10.4,123.0,9.7,119.0
FR_Paris,2026-09-27T08:00Z,2026-09-28T10:00Z,20.6,67,14.2,21.7,0.2,100,1013.8,1.9,2.4,333,11.9,185.0,38.2,165.0
FR_Paris,2026-09-27T08:00Z,2026-09-28T11:00Z,21.6,63,14.3,22.3,0.0,100,1013.0,4.9,6.2,24,11.5,282.0,102.3,221.0
FR_Paris,2026-09-27T08:00Z,2026-09-28T12:00Z,22.7,59,14.3,23.3,0.0,100,1012.6,5.8,8.5,24,15.1,328.0,108.5,260.0
FR_Paris,2026-09-27T08:00Z,2026-09-28T13:00Z,23.7,57,14.7,24.7,0.1,100,1012.4,3.7,5.1,34,11.9,287.0,65.3,247.0
FR_Paris,2026-09-27T08:00Z,2026-09-28T14:00Z,23.8,58,15.0,24.7,0.1,100,1012.3,5.4,7.6,347,12.6,193.0,21.6,181.0
FR_Paris,2026-09-27T08:00Z,2026-09-28T15:00Z,23.6,60,15.4,24.4,0.0,100,1012.1,6.9,11.0,356,15.8,132.0,4.4,130.0
FR_Paris,2026-09-27T08:00Z,2026-09-28T16:00Z,23.3,65,16.3,24.2,0.0,96,1012.0,8.7,14.8,357,18.4,103.0,15.3,98.0
FR_Paris,2026-09-27T08:00Z,2026-09-28T17:00Z,22.6,65,15.7,23.3,0.0,100,1012.5,8.4,15.7,346,19.4,46.0,0.0,46.0
FR_Paris,2026-09-27T08:00Z,2026-09-28T18:00Z,22.0,68,15.8,22.7,0.0,100,1012.7,8.8,19.2,353,20.5,4.0,0.0,4.0
FR_Paris,2026-09-27T08:00Z,2026-09-28T19:00Z,21.4,72,16.1,22.1,0.0,100,1012.3,9.4,22.9,20,20.5,0.0,0.0,0.0
FR_Paris,2026-09-27T08:00Z,2026-09-28T20:00Z,20.8,73,15.8,21.4,0.0,100,1012.3,9.7,25.6,24,22.7,0.0,0.0,0.0
FR_Paris,2026-09-27T08:00Z,2026-09-28T21:00Z,20.1,79,16.3,20.8,0.0,100,1012.2,10.0,23.1,19,20.5,0.0,0.0,0.0
FR_Paris,2026-09-27T08:00Z,2026-09-28T22:00Z,19.7,80,16.2,20.7,0.0,100,1012.3,8.2,20.5,32,20.5,0.0,0.0,0.0
FR_Paris,2026-09-27T08:00Z,2026-09-28T23:00Z,19.7,79,16.0,20.7,0.0,100,1012.0,7.7,21.7,46,16.6,0.0,0.0,0.0
NL_Amsterdam,2026-09-27T08:00Z,2026-09-27T09:00Z,15.1,74,10.5,14.3,0.0,89,1016.2,6.8,9.7,173,15.1,287.0,349.1,145.9
NL_Amsterdam,2026-09-27T08:00Z,2026-09-27T10:00Z,16.3,71,11.0,15.6,0.0,94,1015.4,7.2,10.8,185,16.6,337.0,315.8,178.6
NL_Amsterdam,2026-09-27T08:00Z,2026-09-27T11:00Z,17.7,67,11.5,17.0,0.0,92,1015.2,7.9,12.2,178,18.0,366.0,291.2,202.0
NL_Amsterdam,2026-09-27T08:00Z,2026-09-27T12:00Z,18.8,63,11.6,17.7,0.0,78,1014.7,10.4,16.2,181,22.7,393.0,315.7,208.5
NL_Amsterdam,2026-09-27T08:00Z,2026-09-27T13:00Z,19.8,59,11.5,18.6,0.0,76,1014.3,11.5,18.0,185,24.5,448.0,466.4,184.8
NL_Amsterdam,2026-09-27T08:00Z,2026-09-27T14:00Z,20.3,59,12.0,19.1,0.0,31,1013.9,12.6,20.2,183,26.3,458.0,607.0,151.9
NL_Amsterdam,2026-09-27T08:00Z,2026-09-27T15:00Z,20.8,56,11.7,19.3,0.0,98,1013.6,13.3,21.6,185,27.4,330.0,463.2,141.0
NL_Amsterdam,2026-09-27T08:00Z,2026-09-27T16:00Z,20.9,58,12.3,19.8,0.0,100,1013.6,12.6,20.5,182,27.0,206.0,339.9,110.1
NL_Amsterdam,2026-09-27T08:00Z,2026-09-27T17:00Z,20.5,63,13.2,20.0,0.0,100,1013.7,10.4,21.2,187,24.1,82.0,177.4,57.9
NL_Amsterdam,2026-09-27T08:00Z,2026-09-27T18:00Z,18.8,72,13.7,18.9,0.0,98,1014.0,7.2,19.1,195,18.0,5.0,0.0,5.0
NL_Amsterdam,2026-09-27T08:00Z,2026-09-27T19:00Z,18.8,72,13.6,18.6,0.0,100,1014.1,9.4,21.2,183,13.3,0.0,0.0,0.0
NL_Amsterdam,2026-09-27T08:00Z,2026-09-27T20:00Z,19.1,66,12.6,18.4,0.0,100,1014.0,10.4,30.6,172,17.6,0.0,0.0,0.0
NL_Amsterdam,2026-09-27T08:00Z,2026-09-27T21:00Z,19.0,69,13.2,18.1,0.0,100,1014.4,12.6,34.9,203,24.8,0.0,0.0,0.0
NL_Amsterdam,2026-09-27T08:00Z,2026-09-27T22:00Z,19.3,67,13.0,18.8,0.0,100,1015.0,9.7,26.3,220,22.0,0.0,0.0,0.0
NL_Amsterdam,2026-09-27T08:00Z,2026-09-27T23:00Z,20.0,65,13.2,18.9,0.0,100,1015.2,14.4,29.9,238,25.9,0.0,0.0,0.0
NL_Amsterdam,2026-09-27T08:00Z,2026-09-28T00:00Z,19.3,71,13.9,18.6,0.0,100,1015.3,13.0,26.6,248,25.9,0.0,0.0,0.0
NL_Amsterdam,2026-09-27T08:00Z,2026-09-28T01:00Z,18.5,83,15.6,18.8,0.0,100,1015.6,11.2,23.8,249,23.4,0.0,0.0,0.0
NL_Amsterdam,2026-09-27T08:00Z,2026-09-28T02:00Z,18.6,88,16.5,19.3,0.0,100,1015.8,10.8,20.2,257,19.1,0.0,0.0,0.0
NL_Amsterdam,2026-09-27T08:00Z,2026-09-28T03:00Z,18.5,90,16.8,19.9,0.0,81,1016.0,6.8,13.0,276,19.1,0.0,0.0,0.0
NL_Amsterdam,2026-09-27T08:00Z,2026-09-28T04:00Z,18.0,90,16.4,19.4,0.0,100,1016.3,5.8,12.6,283,10.8,0.0,0.0,0.0
NL_Amsterdam,2026-09-27T08:00Z,2026-09-28T05:00Z,17.9,89,16.0,19.1,0.0,100,1016.5,5.8,11.9,289,9.4,0.0,0.0,0.0
NL_Amsterdam,2026-09-27T08:00Z,2026-09-28T06:00Z,18.3,86,15.9,19.7,0.0,100,1016.7,4.0,4.7,300,7.6,1.0,0.0,1.0
NL_Amsterdam,2026-09-27T08:00Z,2026-09-28T07:00Z,18.5,83,15.6,19.6,0.0,100,1017.3,5.8,7.6,242,10.4,25.0,1.9,24.8
NL_Amsterdam,2026-09-27T08:00Z,2026-09-28T08:00Z,18.8,81,15.4,19.6,0.0,100,1017.8,7.2,11.9,247,13.3,40.0,4.1,38.9
NL_Amsterdam,2026-09-27T08:00Z,2026-09-28T09:00Z,18.6,83,15.6,19.2,0.0,100,1018.2,9.0,14.0,291,16.6,38.0,2.3,37.1
NL_Amsterdam,2026-09-27T08:00Z,2026-09-28T10:00Z,18.6,81,15.2,19.1,0.0,100,1018.6,8.6,12.2,346,19.4,124.0,22.2,113.0
NL_Amsterdam,2026-09-27T08:00Z,2026-09-28T11:00Z,18.5,79,14.8,18.8,0.0,100,1019.1,8.6,12.6,8,19.4,136.0,19.3,125.2
NL_Amsterdam,2026-09-27T08:00Z,2026-09-28T12:00Z,18.9,77,14.8,19.5,0.0,100,1019.5,7.2,10.1,20,20.5,227.0,74.2,184.1
NL_Amsterdam,2026-09-27T08:00Z,2026-09-28T13:00Z,19.2,75,14.7,19.5,0.0,100,1019.3,9.0,12.6,35,19.1,177.0,41.0,154.1
NL_Amsterdam,2026-09-27T08:00Z,2026-09-28T14:00Z,18.9,75,14.3,18.7,0.0,100,1019.1,11.2,16.6,45,21.2,164.0,47.8,140.2
NL_Amsterdam,2026-09-27T08:00Z,2026-09-28T15:00Z,18.6,75,14.1,18.0,0.0,100,1019.8,12.6,19.8,33,24.5,86.0,15.1,79.9
NL_Amsterdam,2026-09-27T08:00Z,2026-09-28T16:00Z,17.9,78,14.0,17.1,0.0,100,1019.8,14.4,22.3,30,25.6,44.0,5.3,42.5
NL_Amsterdam,2026-09-27T08:00Z,2026-09-28T17:00Z,17.7,80,14.2,16.9,0.0,100,1019.8,14.8,24.1,29,27.0,20.0,0.0,20.0
NL_Amsterdam,2026-09-27T08:00Z,2026-09-28T18:00Z,17.4,82,14.3,17.0,0.0,100,1020.3,12.2,22.3,43,26.6,2.0,0.0,2.0
NL_Amsterdam,2026-09-27T08:00Z,2026-09-28T19:00Z,17.2,84,14.4,16.5,0.4,100,1020.6,14.8,24.8,46,25.6,0.0,0.0,0.0
NL_Amsterdam,2026-09-27T08:00Z,2026-09-28T20:00Z,16.6,90,15.0,15.9,0.6,100,1020.6,16.2,27.7,51,28.4,0.0,0.0,0.0
NL_Amsterdam,2026-09-27T08:00Z,2026-09-28T21:00Z,16.3,91,14.8,15.6,1.0,100,1020.4,15.8,27.0,47,28.4,0.0,0.0,0.0
NL_Amsterdam,2026-09-27T08:00Z,2026-09-28T22:00Z,16.2,92,14.9,15.6,2.6,100,1020.9,15.5,26.6,47,34.2,0.0,0.0,0.0
NL_Amsterdam,2026-09-27T08:00Z,2026-09-28T23:00Z,16.2,94,15.3,15.3,8.3,100,1020.3,18.4,32.4,57,45.0,0.0,0.0,0.0
PL_Warsaw,2026-09-27T08:00Z,2026-09-27T09:00Z,16.6,65,10.0,15.8,0.0,0,1015.5,5.8,8.6,125,14.8,455.0,640.2,129.0
PL_Warsaw,2026-09-27T08:00Z,2026-09-27T10:00Z,17.7,58,9.4,16.8,0.0,0,1015.5,5.0,6.5,141,15.1,521.0,674.2,138.0
PL_Warsaw,2026-09-27T08:00Z,2026-09-27T11:00Z,18.6,54,9.1,17.6,0.0,0,1015.2,4.7,6.1,134,14.8,543.0,685.4,141.0
PL_Warsaw,2026-09-27T08:00Z,2026-09-27T12:00Z,19.2,52,9.1,18.2,0.0,0,1014.9,4.7,6.1,129,14.8,517.0,674.5,137.0
PL_Warsaw,2026-09-27T08:00Z,2026-09-27T13:00Z,19.6,51,9.2,18.6,0.0,0,1014.7,5.0,6.8,107,14.8,448.0,637.8,129.0
PL_Warsaw,2026-09-27T08:00Z,2026-09-27T14:00Z,19.6,51,9.2,18.5,0.0,0,1014.4,6.5,9.0,91,15.5,340.0,376.3,189.0
PL_Warsaw,2026-09-27T08:00Z,2026-09-27T15:00Z,19.1,53,9.3,17.8,0.0,0,1014.1,7.9,11.5,84,16.2,211.0,314.7,125.0
PL_Warsaw,2026-09-27T08:00Z,2026-09-27T16:00Z,18.2,57,9.5,16.8,0.0,0,1014.4,8.6,13.7,76,16.2,82.0,240.1,52.0
PL_Warsaw,2026-09-27T08:00Z,2026-09-27T17:00Z,16.5,66,10.1,15.2,0.0,0,1014.6,9.0,22.0,68,13.7,4.0,0.0,4.0
PL_Warsaw,2026-09-27T08:00Z,2026-09-27T18:00Z,15.6,68,9.7,14.1,0.0,0,1014.6,10.1,28.1,74,16.6,0.0,0.0,0.0
PL_Warsaw,2026-09-27T08:00Z,2026-09-27T19:00Z,15.0,70,9.5,13.4,0.0,0,1014.7,9.7,29.5,77,16.6,0.0,0.0,0.0
PL_Warsaw,2026-09-27T08:00Z,2026-09-27T20:00Z,14.2,74,9.6,12.9,0.0,0,1015.1,7.9,27.7,98,16.2,0.0,0.0,0.0
PL_Warsaw,2026-09-27T08:00Z,2026-09-27T21:00Z,13.4,75,9.1,12.1,0.0,0,1015.2,7.6,29.2,106,11.9,0.0,0.0,0.0
PL_Warsaw,2026-09-27T08:00Z,2026-09-27T22:00Z,12.9,76,8.8,11.6,0.0,0,1015.2,6.8,30.2,112,11.9,0.0,0.0,0.0
PL_Warsaw,2026-09-27T08:00Z,2026-09-27T23:00Z,12.3,78,8.5,11.0,0.0,0,1015.5,5.8,23.4,124,10.1,0.0,0.0,0.0
PL_Warsaw,2026-09-27T08:00Z,2026-09-28T00:00Z,11.8,80,8.5,10.7,0.0,0,1015.6,5.0,24.8,124,8.3,0.0,0.0,0.0
PL_Warsaw,2026-09-27T08:00Z,2026-09-28T01:00Z,11.3,82,8.4,9.9,0.0,0,1015.1,6.8,28.8,127,9.7,0.0,0.0,0.0
PL_Warsaw,2026-09-27T08:00Z,2026-09-28T02:00Z,10.9,84,8.3,9.5,0.0,0,1015.1,6.1,27.0,131,10.1,0.0,0.0,0.0
PL_Warsaw,2026-09-27T08:00Z,2026-09-28T03:00Z,10.7,85,8.3,9.3,0.0,0,1015.2,6.1,25.6,134,9.0,0.0,0.0,0.0
PL_Warsaw,2026-09-27T08:00Z,2026-09-28T04:00Z,10.4,86,8.1,9.0,0.0,0,1015.2,5.8,26.3,127,9.0,0.0,0.0,0.0
PL_Warsaw,2026-09-27T08:00Z,2026-09-28T05:00Z,10.5,85,8.1,9.1,0.0,0,1015.6,6.1,24.8,122,9.7,6.0,19.1,5.0
PL_Warsaw,2026-09-27T08:00Z,2026-09-28T06:00Z,11.4,83,8.6,10.0,0.0,0,1015.7,6.8,20.9,125,13.7,93.0,260.2,57.0
PL_Warsaw,2026-09-27T08:00Z,2026-09-28T07:00Z,12.8,79,9.3,11.7,0.0,0,1016.2,6.1,12.2,132,14.0,224.0,453.5,95.0
PL_Warsaw,2026-09-27T08:00Z,2026-09-28T08:00Z,14.7,75,10.3,14.0,0.0,0,1016.5,5.8,10.1,130,13.7,351.0,574.2,116.0
PL_Warsaw,2026-09-27T08:00Z,2026-09-28T09:00Z,16.6,69,10.9,15.7,0.0,0,1016.6,7.6,11.9,128,17.3,455.0,640.7,132.0
PL_Warsaw,2026-09-27T08:00Z,2026-09-28T10:00Z,18.2,60,10.3,17.2,0.0,0,1016.5,7.9,12.6,121,19.1,521.0,675.3,141.0
PL_Warsaw,2026-09-27T08:00Z,2026-09-28T11:00Z,19.3,54,9.8,18.0,0.0,0,1015.9,9.0,14.0,118,21.2,541.0,685.1,143.0
PL_Warsaw,2026-09-27T08:00Z,2026-09-28T12:00Z,20.0,52,9.8,18.7,0.0,0,1015.4,8.3,13.0,123,21.2,515.0,672.5,140.0
PL_Warsaw,2026-09-27T08:00Z,2026-09-28T13:00Z,20.4,50,9.6,19.2,0.0,0,1014.9,7.2,10.8,137,20.2,445.0,635.4,131.0
PL_Warsaw,2026-09-27T08:00Z,2026-09-28T14:00Z,20.5,49,9.4,19.4,0.0,0,1014.5,6.5,10.1,141,17.3,337.0,564.5,114.0
PL_Warsaw,2026-09-27T08:00Z,2026-09-28T15:00Z,20.2,50,9.5,18.9,0.0,0,1014.6,7.9,12.2,148,15.5,207.0,434.5,91.0
PL_Warsaw,2026-09-27T08:00Z,2026-09-28T16:00Z,19.2,54,9.7,18.3,0.0,0,1014.5,5.8,10.8,152,15.5,78.0,236.1,50.0
PL_Warsaw,2026-09-27T08:00Z,2026-09-28T17:00Z,17.3,61,9.7,16.8,0.0,0,1014.6,2.5,7.9,136,7.6,3.0,0.0,3.0
PL_Warsaw,2026-09-27T08:00Z,2026-09-28T18:00Z,16.3,64,9.4,15.5,0.0,0,1014.9,4.3,7.9,95,4.7,0.0,0.0,0.0
PL_Warsaw,2026-09-27T08:00Z,2026-09-28T19:00Z,15.6,66,9.2,14.6,0.0,0,1014.9,5.4,13.7,95,6.8,0.0,0.0,0.0
PL_Warsaw,2026-09-27T08:00Z,2026-09-28T20:00Z,14.7,68,8.9,13.1,0.0,0,1014.8,9.0,31.3,142,14.4,0.0,0.0,0.0
PL_Warsaw,2026-09-27T08:00Z,2026-09-28T21:00Z,13.7,71,8.5,12.3,0.0,0,1015.4,6.8,30.6,148,13.3,0.0,0.0,0.0
PL_Warsaw,2026-09-27T08:00Z,2026-09-28T22:00Z,13.1,71,8.0,11.8,0.0,0,1016.0,5.8,27.0,151,9.7,0.0,0.0,0.0
PL_Warsaw,2026-09-27T08:00Z,2026-09-28T23:00Z,12.5,72,7.6,10.8,0.0,0,1016.1,7.2,29.5,155,10.4,0.0,0.0,0.0
US_BPAT_Portland,2026-09-27T08:00Z,2026-09-27T09:00Z,10.4,78,6.7,7.8,0.0,14,1012.2,12.2,14.0,360,17.3,0.0,0.0,0.0
US_BPAT_Portland,2026-09-27T08:00Z,2026-09-27T10:00Z,10.0,77,6.1,7.3,0.0,40,1012.4,11.7,14.1,356,16.2,0.0,0.0,0.0
US_BPAT_Portland,2026-09-27T08:00Z,2026-09-27T11:00Z,9.7,75,5.5,6.8,0.0,91,1012.3,12.3,14.1,4,16.6,0.0,0.0,0.0
US_BPAT_Portland,2026-09-27T08:00Z,2026-09-27T12:00Z,9.3,73,4.7,6.3,0.0,100,1011.5,12.0,12.6,3,16.2,0.0,0.0,0.0
US_BPAT_Portland,2026-09-27T08:00Z,2026-09-27T13:00Z,9.3,71,4.3,6.2,0.0,100,1011.3,11.8,14.0,359,16.2,0.0,0.0,0.0
US_BPAT_Portland,2026-09-27T08:00Z,2026-09-27T14:00Z,9.2,70,4.0,6.0,0.0,100,1011.6,12.7,13.7,3,16.6,0.0,0.0,0.0
US_BPAT_Portland,2026-09-27T08:00Z,2026-09-27T15:00Z,9.6,70,4.4,6.5,0.0,100,1011.6,12.4,9.4,7,16.9,33.0,0.0,33.0
US_BPAT_Portland,2026-09-27T08:00Z,2026-09-27T16:00Z,11.4,71,6.4,8.8,0.0,55,1011.4,11.5,9.0,5,18.7,204.0,488.0,87.0
US_BPAT_Portland,2026-09-27T08:00Z,2026-09-27T17:00Z,14.1,62,6.9,11.6,0.0,24,1011.2,11.3,9.0,5,29.9,375.0,736.0,82.0
US_BPAT_Portland,2026-09-27T08:00Z,2026-09-27T18:00Z,16.5,56,7.7,14.1,0.0,3,1011.1,12.7,9.4,7,32.8,523.0,841.3,79.0
US_BPAT_Portland,2026-09-27T08:00Z,2026-09-27T19:00Z,17.6,52,7.7,15.4,0.0,1,1010.7,14.2,10.8,2,28.1,627.0,869.5,88.0
US_BPAT_Portland,2026-09-27T08:00Z,2026-09-27T20:00Z,18.8,49,7.8,16.9,0.0,2,1010.4,14.1,11.5,356,25.2,680.0,878.6,93.0
US_BPAT_Portland,2026-09-27T08:00Z,2026-09-27T21:00Z,19.7,47,8.1,17.8,0.0,2,1009.7,14.1,10.9,352,23.0,677.0,868.1,96.0
US_BPAT_Portland,2026-09-27T08:00Z,2026-09-27T22:00Z,20.1,44,7.4,17.7,0.0,0,1009.4,14.4,12.8,338,20.9,617.0,840.9,93.0
US_BPAT_Portland,2026-09-27T08:00Z,2026-09-27T23:00Z,19.9,44,7.3,17.2,0.0,0,1009.3,14.0,14.1,341,22.0,505.0,780.6,89.0
US_BPAT_Portland,2026-09-27T08:00Z,2026-09-28T00:00Z,19.0,47,7.4,16.4,0.0,0,1009.2,13.3,16.6,336,24.8,351.0,667.2,81.0
US_BPAT_Portland,2026-09-27T08:00Z,2026-09-28T01:00Z,17.2,52,7.2,14.5,0.0,0,1009.7,13.5,16.2,343,33.5,168.0,416.6,65.0
US_BPAT_Portland,2026-09-27T08:00Z,2026-09-28T02:00Z,15.3,57,6.9,12.8,0.0,0,1010.3,12.1,21.2,342,28.1,0.0,0.0,0.0
US_BPAT_Portland,2026-09-27T08:00Z,2026-09-28T03:00Z,14.1,61,6.7,11.0,0.0,0,1011.2,15.1,21.1,340,25.6,0.0,0.0,0.0
US_BPAT_Portland,2026-09-27T08:00Z,2026-09-28T04:00Z,13.2,63,6.3,10.2,0.0,0,1011.6,14.1,19.7,332,22.7,0.0,0.0,0.0
US_BPAT_Portland,2026-09-27T08:00Z,2026-09-28T05:00Z,12.8,61,5.4,9.5,0.0,0,1011.6,14.9,18.1,337,22.3,0.0,0.0,0.0
US_BPAT_Portland,2026-09-27T08:00Z,2026-09-28T06:00Z,12.4,61,5.1,9.0,0.0,0,1012.2,14.8,13.4,346,22.3,0.0,0.0,0.0
US_BPAT_Portland,2026-09-27T08:00Z,2026-09-28T07:00Z,11.8,60,4.3,8.3,0.0,0,1012.4,14.8,9.7,358,20.9,0.0,0.0,0.0
US_BPAT_Portland,2026-09-27T08:00Z,2026-09-28T08:00Z,11.6,60,4.1,7.9,0.0,0,1012.5,15.7,8.3,360,22.3,0.0,0.0,0.0
US_BPAT_Portland,2026-09-27T08:00Z,2026-09-28T09:00Z,11.1,63,4.3,8.1,0.0,0,1012.8,10.7,8.6,358,16.2,0.0,0.0,0.0
US_BPAT_Portland,2026-09-27T08:00Z,2026-09-28T10:00Z,11.0,57,2.8,8.6,0.0,0,1013.1,5.1,6.5,19,6.8,0.0,0.0,0.0
US_BPAT_Portland,2026-09-27T08:00Z,2026-09-28T11:00Z,10.7,56,2.3,8.3,0.0,0,1013.5,4.6,4.6,18,4.3,0.0,0.0,0.0
US_BPAT_Portland,2026-09-27T08:00Z,2026-09-28T12:00Z,10.3,57,2.2,7.9,0.0,17,1014.1,4.5,4.0,10,4.3,0.0,0.0,0.0
US_BPAT_Portland,2026-09-27T08:00Z,2026-09-28T13:00Z,10.2,56,1.8,7.8,0.0,100,1014.3,3.7,3.3,6,3.6,0.0,0.0,0.0
US_BPAT_Portland,2026-09-27T08:00Z,2026-09-28T14:00Z,9.4,60,2.0,7.0,0.0,100,1014.5,4.5,3.1,45,4.7,0.0,0.0,0.0
US_BPAT_Portland,2026-09-27T08:00Z,2026-09-28T15:00Z,10.1,58,2.2,7.8,0.0,100,1014.8,3.3,2.9,353,3.2,32.0,53.5,27.0
US_BPAT_Portland,2026-09-27T08:00Z,2026-09-28T16:00Z,12.3,66,6.1,11.1,0.0,33,1015.3,1.1,2.0,45,1.1,204.0,394.5,111.0
US_BPAT_Portland,2026-09-27T08:00Z,2026-09-28T17:00Z,13.8,64,7.1,12.5,0.0,1,1016.0,3.6,1.6,27,19.1,373.0,779.3,66.0
US_BPAT_Portland,2026-09-27T08:00Z,2026-09-28T18:00Z,15.1,61,7.6,13.7,0.0,2,1016.4,5.4,1.5,284,13.0,518.0,842.6,77.0
US_BPAT_Portland,2026-09-27T08:00Z,2026-09-28T19:00Z,16.6,58,8.3,15.9,0.0,0,1016.2,5.1,3.3,276,10.8,623.0,877.7,83.0
US_BPAT_Portland,2026-09-27T08:00Z,2026-09-28T20:00Z,17.8,54,8.4,17.5,0.0,1,1015.8,5.2,4.3,275,8.6,677.0,891.1,86.0
US_BPAT_Portland,2026-09-27T08:00Z,2026-09-28T21:00Z,18.9,50,8.2,18.4,0.0,1,1015.3,5.1,7.1,294,10.1,671.0,877.9,88.0
US_BPAT_Portland,2026-09-27T08:00Z,2026-09-28T22:00Z,19.6,50,8.9,18.7,0.0,0,1014.9,6.4,3.6,270,12.2,609.0,846.7,86.0
US_BPAT_Portland,2026-09-27T08:00Z,2026-09-28T23:00Z,20.1,48,8.7,18.7,0.0,0,1014.5,6.8,2.4,243,12.6,497.0,785.2,83.0
US_CISO_LosAngeles,2026-09-27T08:00Z,2026-09-27T09:00Z,20.7,93,19.5,23.9,0.0,100,1000.7,3.0,3.1,234,3.6,0.0,0.0,0.0
US_CISO_LosAngeles,2026-09-27T08:00Z,2026-09-27T10:00Z,20.2,96,19.5,23.3,0.0,100,1000.5,3.4,9.0,241,4.7,0.0,0.0,0.0
US_CISO_LosAngeles,2026-09-27T08:00Z,2026-09-27T11:00Z,19.6,96,19.0,22.6,0.0,100,1000.6,2.6,1.8,180,2.9,0.0,0.0,0.0
US_CISO_LosAngeles,2026-09-27T08:00Z,2026-09-27T12:00Z,19.3,97,18.8,22.1,0.0,100,1000.4,3.9,4.2,121,3.6,0.0,0.0,0.0
US_CISO_LosAngeles,2026-09-27T08:00Z,2026-09-27T13:00Z,19.5,93,18.3,22.0,0.0,80,1000.6,4.1,8.9,153,4.0,0.0,0.0,0.0
US_CISO_LosAngeles,2026-09-27T08:00Z,2026-09-27T14:00Z,19.7,88,17.6,21.8,0.0,100,1000.9,4.4,10.4,236,4.3,0.0,0.0,0.0
US_CISO_LosAngeles,2026-09-27T08:00Z,2026-09-27T15:00Z,21.0,85,18.4,23.9,0.0,100,1001.7,1.6,5.4,270,1.8,45.0,0.0,45.0
US_CISO_LosAngeles,2026-09-27T08:00Z,2026-09-27T16:00Z,22.7,79,18.9,25.7,0.0,100,1002.1,2.2,7.8,77,12.2,189.0,17.1,183.0
US_CISO_LosAngeles,2026-09-27T08:00Z,2026-09-27T17:00Z,23.9,74,19.0,26.7,0.0,100,1002.2,4.4,11.0,109,13.7,186.0,0.0,186.0
US_CISO_LosAngeles,2026-09-27T08:00Z,2026-09-27T18:00Z,26.3,65,19.2,29.1,0.0,100,1001.7,4.7,11.3,189,10.1,531.0,249.0,364.0
US_CISO_LosAngeles,2026-09-27T08:00Z,2026-09-27T19:00Z,27.8,56,18.3,30.3,0.0,100,1001.3,7.7,10.2,203,10.4,651.0,136.0,547.0
US_CISO_LosAngeles,2026-09-27T08:00Z,2026-09-27T20:00Z,28.5,50,17.1,30.0,0.0,100,1000.8,7.4,8.6,182,12.2,339.0,0.0,339.0
US_CISO_LosAngeles,2026-09-27T08:00Z,2026-09-27T21:00Z,29.4,44,15.9,30.2,0.0,100,1000.7,8.6,16.8,203,11.2,291.0,0.0,291.0
US_CISO_LosAngeles,2026-09-27T08:00Z,2026-09-27T22:00Z,26.3,63,18.7,27.9,0.0,100,1000.6,11.3,15.7,217,13.3,225.0,0.0,225.0
US_CISO_LosAngeles,2026-09-27T08:00Z,2026-09-27T23:00Z,25.5,64,18.2,27.3,0.0,100,1000.6,8.2,15.0,224,10.8,197.0,0.0,197.0
US_CISO_LosAngeles,2026-09-27T08:00Z,2026-09-28T00:00Z,25.3,66,18.5,27.1,0.0,100,1001.0,9.5,16.6,231,11.2,295.0,36.7,279.0
US_CISO_LosAngeles,2026-09-27T08:00Z,2026-09-28T01:00Z,23.5,72,18.1,25.1,0.0,100,1001.2,9.3,15.9,231,11.5,35.0,0.0,35.0
US_CISO_LosAngeles,2026-09-27T08:00Z,2026-09-28T02:00Z,22.1,81,18.7,24.7,0.0,100,1001.8,4.8,14.2,234,12.2,0.0,0.0,0.0
US_CISO_LosAngeles,2026-09-27T08:00Z,2026-09-28T03:00Z,21.3,84,18.5,23.8,0.0,100,1002.0,4.9,10.7,222,7.6,0.0,0.0,0.0
US_CISO_LosAngeles,2026-09-27T08:00Z,2026-09-28T04:00Z,20.5,87,18.2,22.7,0.0,100,1002.3,5.2,6.3,239,6.8,0.0,0.0,0.0
US_CISO_LosAngeles,2026-09-27T08:00Z,2026-09-28T05:00Z,20.0,93,18.9,22.9,0.0,100,1002.8,3.1,10.4,200,4.7,0.0,0.0,0.0
US_CISO_LosAngeles,2026-09-27T08:00Z,2026-09-28T06:00Z,19.7,96,19.1,22.6,0.0,80,1003.0,3.8,4.6,219,5.4,0.0,0.0,0.0
US_CISO_LosAngeles,2026-09-27T08:00Z,2026-09-28T07:00Z,18.8,94,17.8,21.2,0.0,41,1002.7,3.1,3.6,217,3.6,0.0,0.0,0.0
US_CISO_LosAngeles,2026-09-27T08:00Z,2026-09-28T08:00Z,18.3,94,17.3,20.7,0.0,20,1002.1,1.3,4.9,216,2.5,0.0,0.0,0.0
US_CISO_LosAngeles,2026-09-27T08:00Z,2026-09-28T09:00Z,17.7,94,16.8,19.9,0.0,100,1002.4,1.5,6.4,196,1.4,0.0,0.0,0.0
US_CISO_LosAngeles,2026-09-27T08:00Z,2026-09-28T10:00Z,17.9,100,17.9,20.2,0.0,100,1002.3,4.0,7.6,185,5.8,0.0,0.0,0.0
US_CISO_LosAngeles,2026-09-27T08:00Z,2026-09-28T11:00Z,18.6,97,18.1,21.0,0.0,100,1002.0,4.0,7.2,174,7.2,0.0,0.0,0.0
US_CISO_LosAngeles,2026-09-27T08:00Z,2026-09-28T12:00Z,18.9,95,18.1,21.3,0.0,88,1001.8,3.6,6.6,171,9.0,0.0,0.0,0.0
US_CISO_LosAngeles,2026-09-27T08:00Z,2026-09-28T13:00Z,19.1,94,18.1,21.6,0.0,88,1001.9,3.4,3.9,236,5.0,0.0,0.0,0.0
US_CISO_LosAngeles,2026-09-27T08:00Z,2026-09-28T14:00Z,18.4,94,17.5,20.2,0.0,38,1002.2,5.9,0.8,117,6.8,0.0,0.0,0.0
US_CISO_LosAngeles,2026-09-27T08:00Z,2026-09-28T15:00Z,19.8,86,17.4,21.8,0.0,27,1002.3,4.1,6.8,122,7.6,109.0,454.6,42.0
US_CISO_LosAngeles,2026-09-27T08:00Z,2026-09-28T16:00Z,20.6,82,17.5,22.9,0.0,98,1002.5,2.6,5.8,173,10.8,146.0,0.0,146.0
US_CISO_LosAngeles,2026-09-27T08:00Z,2026-09-28T17:00Z,22.0,75,17.4,23.8,0.0,56,1002.6,5.8,5.4,184,10.8,326.0,326.7,154.0
US_CISO_LosAngeles,2026-09-27T08:00Z,2026-09-28T18:00Z,23.5,70,17.7,25.8,0.0,31,1002.5,7.9,6.6,171,8.6,669.0,821.0,121.0
US_CISO_LosAngeles,2026-09-27T08:00Z,2026-09-28T19:00Z,25.2,60,16.9,28.0,0.0,5,1002.0,7.4,9.9,213,8.3,797.0,915.5,100.0
US_CISO_LosAngeles,2026-09-27T08:00Z,2026-09-28T20:00Z,27.0,49,15.4,29.3,0.0,0,1001.2,8.7,14.6,230,10.4,842.0,930.4,96.0
US_CISO_LosAngeles,2026-09-27T08:00Z,2026-09-28T21:00Z,26.7,47,14.4,27.0,0.0,1,1000.8,17.2,16.6,236,20.9,818.0,917.2,97.0
US_CISO_LosAngeles,2026-09-27T08:00Z,2026-09-28T22:00Z,25.7,49,14.2,25.6,0.0,0,1000.3,17.1,21.7,241,21.6,737.0,901.7,92.0
US_CISO_LosAngeles,2026-09-27T08:00Z,2026-09-28T23:00Z,24.7,52,14.2,23.8,0.0,0,999.8,16.7,24.0,244,21.6,582.0,814.6,98.0
US_CISO_SanFrancisco,2026-09-27T08:00Z,2026-09-27T09:00Z,13.0,93,11.9,11.8,0.0,100,1010.4,12.2,9.5,205,26.6,0.0,0.0,0.0
US_CISO_SanFrancisco,2026-09-27T08:00Z,2026-09-27T10:00Z,13.0,93,11.9,12.2,0.0,100,1010.3,10.1,10.2,203,26.3,0.0,0.0,0.0
US_CISO_SanFrancisco,2026-09-27T08:00Z,2026-09-27T11:00Z,12.6,92,11.3,11.9,0.0,100,1010.3,7.6,9.5,205,23.8,0.0,0.0,0.0
US_CISO_SanFrancisco,2026-09-27T08:00Z,2026-09-27T12:00Z,12.7,94,11.7,11.7,0.0,100,1010.8,10.1,10.9,207,25.9,0.0,0.0,0.0
US_CISO_SanFrancisco,2026-09-27T08:00Z,2026-09-27T13:00Z,12.9,94,12.0,12.0,0.0,100,1010.4,10.9,11.0,218,25.9,0.0,0.0,0.0
US_CISO_SanFrancisco,2026-09-27T08:00Z,2026-09-27T14:00Z,12.9,92,11.6,12.2,0.0,100,1010.7,8.1,11.0,221,24.8,0.0,0.0,0.0
US_CISO_SanFrancisco,2026-09-27T08:00Z,2026-09-27T15:00Z,13.8,89,12.0,13.1,0.0,100,1011.2,8.7,10.6,208,25.2,38.0,0.0,38.0
US_CISO_SanFrancisco,2026-09-27T08:00Z,2026-09-27T16:00Z,14.9,83,12.1,13.5,0.0,100,1011.5,14.5,10.1,207,25.9,133.0,0.0,133.0
US_CISO_SanFrancisco,2026-09-27T08:00Z,2026-09-27T17:00Z,16.4,77,12.4,14.9,0.0,94,1011.5,15.9,10.7,220,24.8,449.0,793.9,85.0
US_CISO_SanFrancisco,2026-09-27T08:00Z,2026-09-27T18:00Z,17.5,73,12.6,15.8,0.0,7,1011.2,19.7,14.5,222,29.2,618.0,867.3,94.0
US_CISO_SanFrancisco,2026-09-27T08:00Z,2026-09-27T19:00Z,18.0,71,12.6,16.1,0.0,7,1011.0,24.4,15.1,230,36.4,731.0,885.1,105.0
US_CISO_SanFrancisco,2026-09-27T08:00Z,2026-09-27T20:00Z,18.2,70,12.6,16.3,0.0,10,1011.0,26.1,21.7,246,38.9,783.0,863.6,126.0
US_CISO_SanFrancisco,2026-09-27T08:00Z,2026-09-27T21:00Z,18.1,69,12.3,15.9,0.0,8,1010.8,27.4,24.2,247,41.0,792.0,910.5,99.0
US_CISO_SanFrancisco,2026-09-27T08:00Z,2026-09-27T22:00Z,17.9,70,12.3,15.2,0.0,10,1010.8,28.6,18.8,253,43.6,724.0,861.4,114.0
US_CISO_SanFrancisco,2026-09-27T08:00Z,2026-09-27T23:00Z,17.3,72,12.2,13.8,0.0,14,1011.1,28.7,23.5,259,45.0,550.0,726.7,110.0
US_CISO_SanFrancisco,2026-09-27T08:00Z,2026-09-28T00:00Z,16.2,78,12.4,12.7,0.0,18,1011.3,29.3,23.8,269,46.4,370.0,556.3,114.0
US_CISO_SanFrancisco,2026-09-27T08:00Z,2026-09-28T01:00Z,15.3,81,12.1,11.8,0.0,19,1011.4,28.7,22.0,267,47.9,172.0,319.1,82.0
US_CISO_SanFrancisco,2026-09-27T08:00Z,2026-09-28T02:00Z,14.5,81,11.3,11.0,0.0,13,1012.1,26.8,20.8,260,48.2,0.0,0.0,0.0
US_CISO_SanFrancisco,2026-09-27T08:00Z,2026-09-28T03:00Z,13.8,85,11.4,10.7,0.0,10,1012.1,24.2,18.6,255,45.7,0.0,0.0,0.0
US_CISO_SanFrancisco,2026-09-27T08:00Z,2026-09-28T04:00Z,13.7,84,11.0,10.9,0.0,9,1012.4,21.3,17.8,249,43.6,0.0,0.0,0.0
US_CISO_SanFrancisco,2026-09-27T08:00Z,2026-09-28T05:00Z,13.5,85,11.0,10.5,0.0,9,1012.6,22.6,20.4,253,43.2,0.0,0.0,0.0
US_CISO_SanFrancisco,2026-09-27T08:00Z,2026-09-28T06:00Z,13.4,85,10.9,10.3,0.0,8,1013.0,23.1,20.9,255,43.2,0.0,0.0,0.0
US_CISO_SanFrancisco,2026-09-27T08:00Z,2026-09-28T07:00Z,13.4,83,10.6,10.2,0.0,9,1012.8,22.8,21.3,254,43.6,0.0,0.0,0.0
US_CISO_SanFrancisco,2026-09-27T08:00Z,2026-09-28T08:00Z,13.3,84,10.7,10.0,0.0,10,1012.7,24.0,17.7,243,46.1,0.0,0.0,0.0
US_CISO_SanFrancisco,2026-09-27T08:00Z,2026-09-28T09:00Z,13.1,84,10.4,10.2,0.0,8,1012.8,21.0,15.0,224,45.4,0.0,0.0,0.0
US_CISO_SanFrancisco,2026-09-27T08:00Z,2026-09-28T10:00Z,13.0,83,10.2,9.7,0.0,6,1012.6,22.7,16.0,226,46.1,0.0,0.0,0.0
US_CISO_SanFrancisco,2026-09-27T08:00Z,2026-09-28T11:00Z,12.9,83,10.1,10.0,0.0,3,1012.4,20.1,12.9,207,39.6,0.0,0.0,0.0
US_CISO_SanFrancisco,2026-09-27T08:00Z,2026-09-28T12:00Z,12.8,84,10.1,10.3,0.0,4,1012.2,17.1,10.8,182,33.1,0.0,0.0,0.0
US_CISO_SanFrancisco,2026-09-27T08:00Z,2026-09-28T13:00Z,12.6,86,10.3,10.6,0.0,5,1012.5,14.3,16.4,165,28.4,0.0,0.0,0.0
US_CISO_SanFrancisco,2026-09-27T08:00Z,2026-09-28T14:00Z,12.0,88,10.1,10.6,0.0,1,1013.0,10.1,15.9,167,18.7,0.0,0.0,0.0
US_CISO_SanFrancisco,2026-09-27T08:00Z,2026-09-28T15:00Z,13.0,88,11.1,12.6,0.0,1,1013.2,5.1,11.9,155,11.5,55.0,306.0,21.0
US_CISO_SanFrancisco,2026-09-27T08:00Z,2026-09-28T16:00Z,15.5,80,12.0,15.5,0.0,4,1013.5,4.1,7.5,145,4.0,242.0,664.1,58.0
US_CISO_SanFrancisco,2026-09-27T08:00Z,2026-09-28T17:00Z,16.7,78,12.8,16.0,0.0,20,1013.8,10.7,4.8,132,11.9,423.0,718.5,96.0
US_CISO_SanFrancisco,2026-09-27T08:00Z,2026-09-28T18:00Z,17.9,73,13.0,18.0,0.0,8,1013.9,8.1,1.8,307,8.3,602.0,799.3,122.0
US_CISO_SanFrancisco,2026-09-27T08:00Z,2026-09-28T19:00Z,20.1,63,12.8,21.3,0.0,1,1013.6,4.8,4.5,284,5.4,720.0,882.9,99.0
US_CISO_SanFrancisco,2026-09-27T08:00Z,2026-09-28T20:00Z,22.5,52,12.2,24.1,0.0,0,1013.3,4.1,12.1,287,7.9,781.0,896.1,103.0
US_CISO_SanFrancisco,2026-09-27T08:00Z,2026-09-28T21:00Z,22.2,48,10.7,21.2,0.0,0,1013.1,16.5,17.4,297,20.5,779.0,888.2,107.0
US_CISO_SanFrancisco,2026-09-27T08:00Z,2026-09-28T22:00Z,21.8,47,10.0,19.5,0.0,0,1012.6,21.4,18.6,285,28.8,711.0,861.6,105.0
US_CISO_SanFrancisco,2026-09-27T08:00Z,2026-09-28T23:00Z,20.9,54,11.2,17.9,0.0,0,1012.0,24.2,19.1,274,34.9,582.0,802.8,100.0
US_ERCO_Dallas,2026-09-27T08:00Z,2026-09-27T09:00Z,24.1,67,17.6,25.7,0.0,100,997.3,8.0,20.9,183,20.9,0.0,0.0,0.0
US_ERCO_Dallas,2026-09-27T08:00Z,2026-09-27T10:00Z,23.7,67,17.3,25.1,0.0,100,998.0,8.4,20.9,191,22.3,0.0,0.0,0.0
US_ERCO_Dallas,2026-09-27T08:00Z,2026-09-27T11:00Z,23.2,70,17.4,24.7,0.0,0,997.7,7.6,19.8,192,20.9,0.0,0.0,0.0
US_ERCO_Dallas,2026-09-27T08:00Z,2026-09-27T12:00Z,22.8,73,17.7,24.4,0.0,0,998.5,8.2,18.2,194,20.9,0.0,0.0,0.0
US_ERCO_Dallas,2026-09-27T08:00Z,2026-09-27T13:00Z,23.0,76,18.6,25.0,0.0,4,999.2,8.7,17.2,190,19.1,24.0,122.3,13.0
US_ERCO_Dallas,2026-09-27T08:00Z,2026-09-27T14:00Z,25.0,70,19.2,26.9,0.0,28,999.5,10.9,17.4,186,26.3,195.0,567.4,58.0
US_ERCO_Dallas,2026-09-27T08:00Z,2026-09-27T15:00Z,27.2,65,20.1,29.5,0.0,2,999.8,11.3,15.2,185,22.3,396.0,676.8,99.0
US_ERCO_Dallas,2026-09-27T08:00Z,2026-09-27T16:00Z,29.5,59,20.7,32.0,0.0,2,999.4,13.0,15.1,180,18.0,579.0,780.0,107.0
US_ERCO_Dallas,2026-09-27T08:00Z,2026-09-27T17:00Z,31.6,53,20.9,34.9,0.0,0,999.3,13.4,14.1,184,17.6,717.0,820.3,119.0
US_ERCO_Dallas,2026-09-27T08:00Z,2026-09-27T18:00Z,33.3,46,20.1,36.5,0.0,83,998.3,13.5,12.7,195,17.3,790.0,755.6,184.0
US_ERCO_Dallas,2026-09-27T08:00Z,2026-09-27T19:00Z,34.4,42,19.6,37.4,0.0,95,997.2,13.3,11.8,207,16.6,792.0,603.1,298.0
US_ERCO_Dallas,2026-09-27T08:00Z,2026-09-27T20:00Z,35.1,40,19.5,38.1,0.0,72,996.4,12.6,9.3,216,15.5,763.0,822.6,122.0
US_ERCO_Dallas,2026-09-27T08:00Z,2026-09-27T21:00Z,35.3,39,19.3,37.5,0.0,100,995.8,13.0,8.2,209,16.2,652.0,747.5,140.0
US_ERCO_Dallas,2026-09-27T08:00Z,2026-09-27T22:00Z,35.2,37,18.3,36.5,0.0,100,995.6,12.2,7.1,204,15.5,470.0,567.5,162.0
US_ERCO_Dallas,2026-09-27T08:00Z,2026-09-27T23:00Z,34.5,38,18.2,36.0,0.0,100,995.3,10.3,8.6,182,14.4,225.0,102.1,188.0
US_ERCO_Dallas,2026-09-27T08:00Z,2026-09-28T00:00Z,33.5,39,17.7,34.4,0.0,76,995.3,12.6,14.5,150,20.2,24.0,0.0,24.0
US_ERCO_Dallas,2026-09-27T08:00Z,2026-09-28T01:00Z,32.0,42,17.5,33.7,0.0,100,996.4,6.5,20.9,144,14.8,0.0,0.0,0.0
US_ERCO_Dallas,2026-09-27T08:00Z,2026-09-28T02:00Z,30.3,50,18.8,32.4,0.0,93,997.4,8.3,19.9,175,18.0,0.0,0.0,0.0
US_ERCO_Dallas,2026-09-27T08:00Z,2026-09-28T03:00Z,28.8,58,19.7,31.9,0.0,100,997.1,4.4,28.5,227,15.8,0.0,0.0,0.0
US_ERCO_Dallas,2026-09-27T08:00Z,2026-09-28T04:00Z,27.9,61,19.7,30.9,0.0,100,997.8,5.0,15.4,237,10.1,0.0,0.0,0.0
US_ERCO_Dallas,2026-09-27T08:00Z,2026-09-28T05:00Z,27.1,64,19.8,30.3,0.0,100,998.1,4.1,7.5,125,6.8,0.0,0.0,0.0
US_ERCO_Dallas,2026-09-27T08:00Z,2026-09-28T06:00Z,26.6,67,20.0,29.9,0.0,100,997.9,4.3,16.1,132,5.8,0.0,0.0,0.0
US_ERCO_Dallas,2026-09-27T08:00Z,2026-09-28T07:00Z,25.8,70,19.9,29.5,0.0,0,998.0,0.7,17.5,148,1.1,0.0,0.0,0.0
US_ERCO_Dallas,2026-09-27T08:00Z,2026-09-28T08:00Z,25.1,74,20.2,28.3,0.0,100,998.1,5.6,15.0,150,7.9,0.0,0.0,0.0
US_ERCO_Dallas,2026-09-27T08:00Z,2026-09-28T09:00Z,25.0,68,18.7,27.7,0.0,100,998.1,4.3,15.0,163,10.1,0.0,0.0,0.0
US_ERCO_Dallas,2026-09-27T08:00Z,2026-09-28T10:00Z,24.5,64,17.2,26.3,0.0,8,998.2,5.2,15.6,173,14.0,0.0,0.0,0.0
US_ERCO_Dallas,2026-09-27T08:00Z,2026-09-28T11:00Z,24.1,64,16.9,25.1,0.0,0,998.6,9.4,16.3,175,19.8,0.0,0.0,0.0
US_ERCO_Dallas,2026-09-27T08:00Z,2026-09-28T12:00Z,23.6,70,17.8,25.2,0.0,0,999.2,8.3,17.4,173,18.4,0.0,0.0,0.0
US_ERCO_Dallas,2026-09-27T08:00Z,2026-09-28T13:00Z,23.8,74,18.9,25.8,0.0,1,999.7,9.3,18.2,172,21.6,23.0,90.2,15.0
US_ERCO_Dallas,2026-09-27T08:00Z,2026-09-28T14:00Z,25.7,69,19.6,27.9,0.0,6,1000.1,9.7,18.1,175,19.4,193.0,560.9,59.0
US_ERCO_Dallas,2026-09-27T08:00Z,2026-09-28T15:00Z,28.3,60,19.8,31.2,0.0,2,1000.3,6.1,19.7,171,12.6,395.0,699.4,90.0
US_ERCO_Dallas,2026-09-27T08:00Z,2026-09-28T16:00Z,31.0,50,19.4,34.2,0.0,20,1000.5,3.2,19.8,177,8.3,569.0,734.0,127.0
US_ERCO_Dallas,2026-09-27T08:00Z,2026-09-28T17:00Z,32.6,45,19.2,36.0,0.0,11,1000.3,4.3,19.5,178,10.8,629.0,485.0,277.0
US_ERCO_Dallas,2026-09-27T08:00Z,2026-09-28T18:00Z,33.7,42,19.0,37.3,0.0,38,999.7,3.1,18.1,175,8.3,656.0,593.7,182.0
US_ERCO_Dallas,2026-09-27T08:00Z,2026-09-28T19:00Z,34.2,41,19.1,37.5,0.0,33,999.2,5.4,17.2,170,9.7,653.0,603.6,161.0
US_ERCO_Dallas,2026-09-27T08:00Z,2026-09-28T20:00Z,34.3,39,18.4,36.2,0.0,30,998.5,8.5,16.3,166,10.4,527.0,485.2,151.0
US_ERCO_Dallas,2026-09-27T08:00Z,2026-09-28T21:00Z,33.9,41,18.8,35.9,0.0,100,998.1,9.1,16.9,156,11.5,228.0,141.1,132.0
US_ERCO_Dallas,2026-09-27T08:00Z,2026-09-28T22:00Z,33.3,43,19.1,35.3,0.0,63,997.6,10.0,20.9,144,12.2,165.0,115.2,103.0
US_ERCO_Dallas,2026-09-27T08:00Z,2026-09-28T23:00Z,30.8,51,19.5,31.7,0.0,88,997.6,18.8,20.5,141,27.7,68.0,0.0,68.0
US_ERCO_Houston,2026-09-27T08:00Z,2026-09-27T09:00Z,24.0,91,22.4,28.4,0.0,64,1010.8,5.3,4.5,194,10.4,0.0,0.0,0.0
US_ERCO_Houston,2026-09-27T08:00Z,2026-09-27T10:00Z,23.5,91,22.0,27.5,0.0,9,1010.9,6.4,6.2,190,13.7,0.0,0.0,0.0
US_ERCO_Houston,2026-09-27T08:00Z,2026-09-27T11:00Z,23.4,91,21.8,27.5,0.0,98,1011.2,4.7,7.2,207,11.2,0.0,0.0,0.0
US_ERCO_Houston,2026-09-27T08:00Z,2026-09-27T12:00Z,23.0,86,20.5,26.4,0.0,17,1011.8,5.0,4.5,209,11.2,0.0,0.0,0.0
US_ERCO_Houston,2026-09-27T08:00Z,2026-09-27T13:00Z,23.2,87,20.9,27.1,0.0,17,1012.3,3.6,2.4,243,11.2,37.0,200.6,16.0
US_ERCO_Houston,2026-09-27T08:00Z,2026-09-27T14:00Z,25.5,85,22.8,30.4,0.0,42,1012.8,3.7,1.3,326,5.0,228.0,621.4,59.0
US_ERCO_Houston,2026-09-27T08:00Z,2026-09-27T15:00Z,27.8,74,22.7,33.0,0.0,38,1013.1,1.1,1.3,56,9.4,440.0,760.7,80.0
US_ERCO_Houston,2026-09-27T08:00Z,2026-09-27T16:00Z,29.1,63,21.4,33.7,0.0,65,1012.4,3.3,5.0,90,7.9,623.0,810.9,103.0
US_ERCO_Houston,2026-09-27T08:00Z,2026-09-27T17:00Z,30.3,55,20.2,35.5,0.0,100,1012.0,1.0,8.0,95,5.8,756.0,771.8,166.0
US_ERCO_Houston,2026-09-27T08:00Z,2026-09-27T18:00Z,31.3,53,20.6,36.5,0.0,100,1011.3,4.7,8.5,102,6.8,822.0,696.3,241.0
US_ERCO_Houston,2026-09-27T08:00Z,2026-09-27T19:00Z,32.4,52,21.3,38.1,0.0,100,1010.1,5.0,9.3,106,7.2,842.0,816.4,151.0
US_ERCO_Houston,2026-09-27T08:00Z,2026-09-27T20:00Z,33.2,48,20.7,37.6,0.0,100,1009.2,6.6,14.3,100,9.0,739.0,391.4,426.0
US_ERCO_Houston,2026-09-27T08:00Z,2026-09-27T21:00Z,33.5,46,20.3,36.7,0.0,100,1008.7,8.0,23.4,101,10.1,617.0,377.2,354.0
US_ERCO_Houston,2026-09-27T08:00Z,2026-09-27T22:00Z,32.9,49,20.8,35.4,0.0,100,1008.7,11.8,24.6,108,15.8,408.0,91.6,358.0
US_ERCO_Houston,2026-09-27T08:00Z,2026-09-27T23:00Z,31.4,54,21.0,33.9,0.0,100,1008.9,12.7,24.5,123,19.8,212.0,89.7,180.0
US_ERCO_Houston,2026-09-27T08:00Z,2026-09-28T00:00Z,29.1,60,20.6,31.6,0.0,100,1009.4,11.7,25.5,137,22.0,37.0,0.0,37.0
US_ERCO_Houston,2026-09-27T08:00Z,2026-09-28T01:00Z,27.3,68,20.9,29.9,0.0,100,1009.9,11.6,25.2,149,24.5,0.0,0.0,0.0
US_ERCO_Houston,2026-09-27T08:00Z,2026-09-28T02:00Z,26.4,75,21.6,29.6,0.0,100,1010.9,10.6,24.5,156,25.6,0.0,0.0,0.0
US_ERCO_Houston,2026-09-27T08:00Z,2026-09-28T03:00Z,26.1,80,22.4,30.0,0.0,100,1011.0,8.1,22.7,162,24.5,0.0,0.0,0.0
US_ERCO_Houston,2026-09-27T08:00Z,2026-09-28T04:00Z,25.9,82,22.6,30.0,0.0,100,1011.1,7.8,21.5,170,25.6,0.0,0.0,0.0
US_ERCO_Houston,2026-09-27T08:00Z,2026-09-28T05:00Z,25.7,81,22.2,29.8,0.0,100,1011.1,6.4,20.5,182,15.8,0.0,0.0,0.0
US_ERCO_Houston,2026-09-27T08:00Z,2026-09-28T06:00Z,25.5,80,21.8,29.4,0.0,100,1010.9,5.9,19.1,183,15.1,0.0,0.0,0.0
US_ERCO_Houston,2026-09-27T08:00Z,2026-09-28T07:00Z,25.1,81,21.6,29.2,0.0,88,1010.7,4.2,16.4,189,14.0,0.0,0.0,0.0
US_ERCO_Houston,2026-09-27T08:00Z,2026-09-28T08:00Z,24.7,83,21.6,29.1,0.0,100,1010.5,1.8,14.5,194,13.0,0.0,0.0,0.0
US_ERCO_Houston,2026-09-27T08:00Z,2026-09-28T09:00Z,24.4,86,21.9,28.8,0.0,81,1010.6,3.3,11.5,194,10.4,0.0,0.0,0.0
US_ERCO_Houston,2026-09-27T08:00Z,2026-09-28T10:00Z,24.1,88,22.0,28.5,0.0,100,1010.8,3.8,10.8,184,7.6,0.0,0.0,0.0
US_ERCO_Houston,2026-09-27T08:00Z,2026-09-28T11:00Z,24.0,89,22.1,28.1,0.0,100,1011.6,5.4,11.6,187,5.4,0.0,0.0,0.0
US_ERCO_Houston,2026-09-27T08:00Z,2026-09-28T12:00Z,23.7,91,22.2,28.0,0.0,100,1012.3,5.2,7.9,183,5.0,0.0,0.0,0.0
US_ERCO_Houston,2026-09-27T08:00Z,2026-09-28T13:00Z,24.1,93,22.9,29.0,0.0,7,1012.8,4.1,5.8,180,6.5,35.0,173.8,17.0
US_ERCO_Houston,2026-09-27T08:00Z,2026-09-28T14:00Z,26.3,86,23.8,32.0,0.0,2,1013.2,1.8,6.6,151,5.4,224.0,608.0,60.0
US_ERCO_Houston,2026-09-27T08:00Z,2026-09-28T15:00Z,28.2,79,24.2,34.0,0.0,100,1013.1,2.6,9.4,148,8.6,423.0,573.4,153.0
US_ERCO_Houston,2026-09-27T08:00Z,2026-09-28T16:00Z,29.4,71,23.6,35.0,0.0,0,1013.0,4.2,12.0,131,10.1,617.0,803.4,104.0
US_ERCO_Houston,2026-09-27T08:00Z,2026-09-28T17:00Z,30.6,61,22.2,36.2,0.0,2,1012.5,4.9,14.3,118,11.9,752.0,832.7,118.0
US_ERCO_Houston,2026-09-27T08:00Z,2026-09-28T18:00Z,31.8,54,21.3,36.9,0.0,7,1011.8,7.9,20.6,126,12.2,830.0,844.7,128.0
US_ERCO_Houston,2026-09-27T08:00Z,2026-09-28T19:00Z,33.0,46,19.8,36.5,0.0,15,1011.4,9.5,25.1,128,12.6,736.0,505.5,310.0
US_ERCO_Houston,2026-09-27T08:00Z,2026-09-28T20:00Z,33.6,44,19.7,36.9,0.0,12,1010.7,9.6,25.8,126,12.2,729.0,618.4,237.0
US_ERCO_Houston,2026-09-27T08:00Z,2026-09-28T21:00Z,33.9,41,18.8,36.4,0.0,3,1010.2,9.8,25.6,128,13.0,662.0,792.4,113.0
US_ERCO_Houston,2026-09-27T08:00Z,2026-09-28T22:00Z,33.3,44,19.4,35.3,0.0,1,1009.9,11.2,26.5,133,15.1,478.0,672.2,114.0
US_ERCO_Houston,2026-09-27T08:00Z,2026-09-28T23:00Z,32.2,47,19.4,34.1,0.0,0,1009.9,11.5,26.6,139,17.3,261.0,477.3,93.0
US_ISNE_Boston,2026-09-27T08:00Z,2026-09-27T09:00Z,15.0,95,14.2,11.4,3.2,100,1006.4,34.4,65.9,53,76.3,0.0,0.0,0.0
US_ISNE_Boston,2026-09-27T08:00Z,2026-09-27T10:00Z,15.0,96,14.3,11.4,9.0,100,1006.2,34.4,66.1,55,77.8,0.0,0.0,0.0
US_ISNE_Boston,2026-09-27T08:00Z,2026-09-27T11:00Z,15.4,96,14.7,11.8,7.9,100,1005.9,35.7,66.8,60,75.6,0.0,0.0,0.0
US_ISNE_Boston,2026-09-27T08:00Z,2026-09-27T12:00Z,15.5,96,14.8,11.9,2.2,100,1007.0,35.6,67.3,63,74.9,2.0,0.0,2.0
US_ISNE_Boston,2026-09-27T08:00Z,2026-09-27T13:00Z,15.6,98,15.3,12.4,0.0,100,1007.5,34.1,63.8,66,72.4,14.0,0.0,14.0
US_ISNE_Boston,2026-09-27T08:00Z,2026-09-27T14:00Z,15.3,100,15.3,12.4,0.0,100,1008.3,32.1,60.4,68,66.2,32.0,0.0,32.0
US_ISNE_Boston,2026-09-27T08:00Z,2026-09-27T15:00Z,15.3,99,15.1,12.0,0.0,100,1008.1,34.1,55.7,70,69.5,32.0,0.0,32.0
US_ISNE_Boston,2026-09-27T08:00Z,2026-09-27T16:00Z,15.4,100,15.4,12.7,0.0,100,1008.3,30.8,53.9,70,65.5,22.0,0.0,22.0
US_ISNE_Boston,2026-09-27T08:00Z,2026-09-27T17:00Z,15.6,100,15.6,13.2,0.0,100,1008.6,30.0,51.8,68,61.6,53.0,0.0,53.0
US_ISNE_Boston,2026-09-27T08:00Z,2026-09-27T18:00Z,16.0,100,16.0,13.8,0.0,100,1008.4,29.5,49.1,64,59.8,86.0,0.0,86.0
US_ISNE_Boston,2026-09-27T08:00Z,2026-09-27T19:00Z,16.1,100,16.1,14.2,0.0,100,1008.5,27.5,47.9,61,55.1,40.0,0.0,40.0
US_ISNE_Boston,2026-09-27T08:00Z,2026-09-27T20:00Z,16.2,100,16.2,14.5,0.0,100,1008.8,26.5,47.3,59,53.3,35.0,0.0,35.0
US_ISNE_Boston,2026-09-27T08:00Z,2026-09-27T21:00Z,16.0,100,16.0,14.2,0.0,100,1009.4,27.0,45.8,56,55.4,29.0,0.0,29.0
US_ISNE_Boston,2026-09-27T08:00Z,2026-09-27T22:00Z,15.7,98,15.4,13.6,0.0,100,1009.8,27.0,47.0,53,55.8,4.0,0.0,4.0
US_ISNE_Boston,2026-09-27T08:00Z,2026-09-27T23:00Z,15.7,96,15.1,13.5,0.0,100,1009.9,27.0,46.2,52,56.2,0.0,0.0,0.0
US_ISNE_Boston,2026-09-27T08:00Z,2026-09-28T00:00Z,15.6,98,15.3,13.5,0.0,100,1010.3,26.5,46.2,50,55.4,0.0,0.0,0.0
US_ISNE_Boston,2026-09-27T08:00Z,2026-09-28T01:00Z,15.5,97,15.0,13.5,0.0,100,1010.7,24.9,46.4,48,52.2,0.0,0.0,0.0
US_ISNE_Boston,2026-09-27T08:00Z,2026-09-28T02:00Z,15.5,95,14.7,13.4,0.0,100,1011.0,24.9,45.3,46,54.4,0.0,0.0,0.0
US_ISNE_Boston,2026-09-27T08:00Z,2026-09-28T03:00Z,15.3,97,14.8,13.4,0.0,100,1011.3,23.9,45.1,47,47.9,0.0,0.0,0.0
US_ISNE_Boston,2026-09-27T08:00Z,2026-09-28T04:00Z,15.0,97,14.5,13.1,0.4,100,1011.0,23.1,46.9,47,50.8,0.0,0.0,0.0
US_ISNE_Boston,2026-09-27T08:00Z,2026-09-28T05:00Z,14.7,96,14.0,12.5,0.0,100,1011.1,23.7,47.2,48,52.6,0.0,0.0,0.0
US_ISNE_Boston,2026-09-27T08:00Z,2026-09-28T06:00Z,14.8,94,13.8,12.8,0.0,100,1010.7,22.4,46.4,49,51.5,0.0,0.0,0.0
US_ISNE_Boston,2026-09-27T08:00Z,2026-09-28T07:00Z,14.6,95,13.8,12.7,0.0,100,1010.6,21.8,45.6,45,48.6,0.0,0.0,0.0
US_ISNE_Boston,2026-09-27T08:00Z,2026-09-28T08:00Z,14.5,95,13.7,12.6,0.4,100,1010.9,21.7,44.8,44,49.0,0.0,0.0,0.0
US_ISNE_Boston,2026-09-27T08:00Z,2026-09-28T09:00Z,14.3,95,13.5,12.2,0.0,100,1010.6,21.7,42.8,46,50.0,0.0,0.0,0.0
US_ISNE_Boston,2026-09-27T08:00Z,2026-09-28T10:00Z,14.3,96,13.7,12.5,0.4,100,1010.7,20.8,43.3,44,48.2,0.0,0.0,0.0
US_ISNE_Boston,2026-09-27T08:00Z,2026-09-28T11:00Z,14.2,96,13.6,12.3,0.4,100,1010.8,21.1,47.6,39,47.9,0.0,0.0,0.0
US_ISNE_Boston,2026-09-27T08:00Z,2026-09-28T12:00Z,14.2,95,13.4,12.6,0.4,100,1011.4,18.9,47.9,39,46.4,6.0,0.0,6.0
US_ISNE_Boston,2026-09-27T08:00Z,2026-09-28T13:00Z,14.3,96,13.7,12.8,0.0,100,1011.3,18.5,48.5,38,44.6,15.0,0.0,15.0
US_ISNE_Boston,2026-09-27T08:00Z,2026-09-28T14:00Z,14.3,95,13.5,13.1,0.0,100,1010.9,15.9,50.3,34,41.8,21.0,0.0,21.0
US_ISNE_Boston,2026-09-27T08:00Z,2026-09-28T15:00Z,14.3,95,13.5,12.5,0.4,100,1011.0,19.8,50.6,32,43.9,64.0,0.0,64.0
US_ISNE_Boston,2026-09-27T08:00Z,2026-09-28T16:00Z,14.2,94,13.3,12.5,0.0,100,1010.7,19.2,48.1,31,44.3,75.0,0.0,75.0
US_ISNE_Boston,2026-09-27T08:00Z,2026-09-28T17:00Z,14.1,94,13.1,12.0,0.4,100,1010.2,21.0,50.3,32,45.7,95.0,0.0,95.0
US_ISNE_Boston,2026-09-27T08:00Z,2026-09-28T18:00Z,14.0,94,13.0,12.4,0.4,100,1009.9,17.3,50.1,30,43.6,52.0,0.0,52.0
US_ISNE_Boston,2026-09-27T08:00Z,2026-09-28T19:00Z,14.0,94,13.1,12.6,0.0,100,1009.8,16.3,49.0,30,42.5,45.0,0.0,45.0
US_ISNE_Boston,2026-09-27T08:00Z,2026-09-28T20:00Z,14.0,94,13.1,12.4,0.7,100,1009.8,18.1,45.1,32,43.9,24.0,0.0,24.0
US_ISNE_Boston,2026-09-27T08:00Z,2026-09-28T21:00Z,13.9,94,12.9,12.1,0.0,100,1009.6,18.8,40.7,28,46.4,24.0,0.0,24.0
US_ISNE_Boston,2026-09-27T08:00Z,2026-09-28T22:00Z,13.8,94,12.8,11.9,0.0,100,1009.6,19.1,39.6,22,46.8,6.0,0.0,6.0
US_ISNE_Boston,2026-09-27T08:00Z,2026-09-28T23:00Z,13.7,95,12.9,12.0,0.0,100,1009.9,17.6,39.5,17,45.0,0.0,0.0,0.0
US_MISO_Chicago,2026-09-27T08:00Z,2026-09-27T09:00Z,12.0,72,7.1,9.7,0.0,0,987.9,11.2,10.8,75,15.5,0.0,0.0,0.0
US_MISO_Chicago,2026-09-27T08:00Z,2026-09-27T10:00Z,12.0,77,8.1,9.9,0.0,0,987.3,11.4,9.4,67,15.5,0.0,0.0,0.0
US_MISO_Chicago,2026-09-27T08:00Z,2026-09-27T11:00Z,10.8,83,8.1,9.2,0.0,3,987.3,7.7,9.2,69,11.9,0.0,0.0,0.0
US_MISO_Chicago,2026-09-27T08:00Z,2026-09-27T12:00Z,8.8,93,7.8,7.3,0.0,22,987.8,6.3,6.2,69,9.4,0.0,0.0,0.0
US_MISO_Chicago,2026-09-27T08:00Z,2026-09-27T13:00Z,9.7,97,9.3,9.1,0.0,24,988.5,3.1,5.4,48,7.6,104.0,473.9,40.0
US_MISO_Chicago,2026-09-27T08:00Z,2026-09-27T14:00Z,13.3,89,11.6,13.5,0.0,1,988.8,2.0,6.6,29,7.2,293.0,712.1,67.0
US_MISO_Chicago,2026-09-27T08:00Z,2026-09-27T15:00Z,15.8,83,12.9,16.3,0.0,3,988.8,2.7,9.0,29,6.1,470.0,793.0,92.0
US_MISO_Chicago,2026-09-27T08:00Z,2026-09-27T16:00Z,16.8,75,12.4,17.1,0.0,3,989.0,5.8,11.9,35,9.0,618.0,857.1,102.0
US_MISO_Chicago,2026-09-27T08:00Z,2026-09-27T17:00Z,17.2,75,12.8,17.8,0.0,3,988.8,8.8,15.3,39,12.2,712.0,893.6,100.0
US_MISO_Chicago,2026-09-27T08:00Z,2026-09-27T18:00Z,17.5,72,12.4,17.9,0.0,2,988.2,10.5,16.3,41,13.0,752.0,899.1,105.0
US_MISO_Chicago,2026-09-27T08:00Z,2026-09-27T19:00Z,17.6,73,12.7,17.9,0.0,5,987.5,10.4,16.6,41,13.0,729.0,892.3,101.0
US_MISO_Chicago,2026-09-27T08:00Z,2026-09-27T20:00Z,17.4,74,12.7,17.2,0.0,100,987.0,10.4,16.9,38,13.3,632.0,736.1,162.0
US_MISO_Chicago,2026-09-27T08:00Z,2026-09-27T21:00Z,17.2,74,12.6,16.6,0.0,100,987.2,9.5,16.8,35,14.4,450.0,371.1,254.0
US_MISO_Chicago,2026-09-27T08:00Z,2026-09-27T22:00Z,16.9,76,12.6,16.4,0.0,100,987.3,9.0,16.5,32,16.2,321.0,538.9,116.0
US_MISO_Chicago,2026-09-27T08:00Z,2026-09-27T23:00Z,15.7,82,12.7,15.6,0.0,100,986.9,6.4,15.5,28,15.5,121.0,43.9,112.0
US_MISO_Chicago,2026-09-27T08:00Z,2026-09-28T00:00Z,14.4,83,11.5,13.9,0.0,100,986.6,6.8,13.9,21,15.8,0.0,0.0,0.0
US_MISO_Chicago,2026-09-27T08:00Z,2026-09-28T01:00Z,13.8,81,10.6,12.8,0.0,100,986.9,8.7,14.1,19,16.6,0.0,0.0,0.0
US_MISO_Chicago,2026-09-27T08:00Z,2026-09-28T02:00Z,13.3,83,10.5,12.2,0.0,100,987.4,8.7,15.6,7,18.4,0.0,0.0,0.0
US_MISO_Chicago,2026-09-27T08:00Z,2026-09-28T03:00Z,12.7,87,10.6,11.7,0.0,100,987.3,8.0,16.9,360,19.4,0.0,0.0,0.0
US_MISO_Chicago,2026-09-27T08:00Z,2026-09-28T04:00Z,12.3,86,10.0,11.2,0.0,100,987.7,7.8,17.0,5,19.4,0.0,0.0,0.0
US_MISO_Chicago,2026-09-27T08:00Z,2026-09-28T05:00Z,12.1,84,9.5,10.8,0.0,100,987.5,8.3,17.2,16,19.1,0.0,0.0,0.0
US_MISO_Chicago,2026-09-27T08:00Z,2026-09-28T06:00Z,12.0,84,9.4,10.6,0.0,100,987.1,8.0,17.3,17,20.9,0.0,0.0,0.0
US_MISO_Chicago,2026-09-27T08:00Z,2026-09-28T07:00Z,11.7,80,8.3,10.0,0.0,89,987.1,8.4,16.9,11,19.8,0.0,0.0,0.0
US_MISO_Chicago,2026-09-27T08:00Z,2026-09-28T08:00Z,10.6,89,8.9,9.1,0.0,91,987.4,8.5,18.0,360,19.8,0.0,0.0,0.0
US_MISO_Chicago,2026-09-27T08:00Z,2026-09-28T09:00Z,10.3,91,8.9,8.8,0.0,100,987.4,8.7,18.7,358,19.4,0.0,0.0,0.0
US_MISO_Chicago,2026-09-27T08:00Z,2026-09-28T10:00Z,10.3,91,8.9,8.8,0.0,100,987.4,8.4,17.6,359,19.4,0.0,0.0,0.0
US_MISO_Chicago,2026-09-27T08:00Z,2026-09-28T11:00Z,10.6,92,9.3,9.1,0.0,100,987.7,8.9,16.2,360,20.9,0.0,0.0,0.0
US_MISO_Chicago,2026-09-27T08:00Z,2026-09-28T12:00Z,10.7,91,9.3,9.3,0.0,100,988.5,8.4,15.9,356,20.2,0.0,0.0,0.0
US_MISO_Chicago,2026-09-27T08:00Z,2026-09-28T13:00Z,12.3,94,11.3,11.6,0.0,100,988.9,7.4,15.6,352,20.9,66.0,0.0,66.0
US_MISO_Chicago,2026-09-27T08:00Z,2026-09-28T14:00Z,14.9,94,14.0,15.0,0.0,100,989.0,8.6,13.0,357,19.8,214.0,22.3,207.0
US_MISO_Chicago,2026-09-27T08:00Z,2026-09-28T15:00Z,17.3,90,15.6,17.8,0.0,92,989.4,9.3,13.7,14,18.0,419.0,217.8,316.0
US_MISO_Chicago,2026-09-27T08:00Z,2026-09-28T16:00Z,18.5,85,15.9,19.1,0.0,22,989.8,11.5,15.0,30,16.6,603.0,824.5,110.0
US_MISO_Chicago,2026-09-27T08:00Z,2026-09-28T17:00Z,18.9,84,16.2,20.2,0.0,5,989.5,11.3,14.8,43,14.8,682.0,833.2,115.0
US_MISO_Chicago,2026-09-27T08:00Z,2026-09-28T18:00Z,19.2,82,16.1,20.6,0.0,6,988.9,11.1,13.2,55,14.4,700.0,677.0,216.0
US_MISO_Chicago,2026-09-27T08:00Z,2026-09-28T19:00Z,19.3,80,15.7,20.4,0.0,5,988.6,10.8,10.8,64,13.7,680.0,705.5,187.0
US_MISO_Chicago,2026-09-27T08:00Z,2026-09-28T20:00Z,19.3,79,15.5,20.1,0.0,4,988.6,9.7,9.9,57,11.9,616.0,803.8,107.0
US_MISO_Chicago,2026-09-27T08:00Z,2026-09-28T21:00Z,18.9,80,15.4,19.5,0.0,2,988.4,8.3,10.3,54,10.1,467.0,654.2,125.0
US_MISO_Chicago,2026-09-27T08:00Z,2026-09-28T22:00Z,18.3,83,15.4,19.0,0.0,100,987.9,8.2,11.9,61,11.5,307.0,581.7,89.0
US_MISO_Chicago,2026-09-27T08:00Z,2026-09-28T23:00Z,17.2,88,15.2,18.0,0.0,100,988.1,6.6,12.0,57,13.7,114.0,341.0,46.0
US_NYIS_NewYork,2026-09-27T08:00Z,2026-09-27T09:00Z,14.4,90,12.7,11.3,1.1,100,999.5,27.0,60.3,21,63.7,0.0,0.0,0.0
US_NYIS_NewYork,2026-09-27T08:00Z,2026-09-27T10:00Z,14.4,90,12.7,11.0,0.4,100,998.5,29.2,63.0,22,63.7,0.0,0.0,0.0
US_NYIS_NewYork,2026-09-27T08:00Z,2026-09-27T11:00Z,14.4,90,12.8,10.5,0.0,100,997.3,33.1,65.1,24,72.0,0.0,0.0,0.0
US_NYIS_NewYork,2026-09-27T08:00Z,2026-09-27T12:00Z,14.9,89,13.1,11.4,0.0,100,997.0,30.2,67.9,26,67.0,2.0,0.0,2.0
US_NYIS_NewYork,2026-09-27T08:00Z,2026-09-27T13:00Z,15.3,90,13.7,12.0,0.0,100,997.2,31.1,67.8,29,70.2,11.0,0.0,11.0
US_NYIS_NewYork,2026-09-27T08:00Z,2026-09-27T14:00Z,15.8,91,14.3,12.6,0.7,100,997.4,31.4,70.5,35,69.8,15.0,0.0,15.0
US_NYIS_NewYork,2026-09-27T08:00Z,2026-09-27T15:00Z,16.2,92,14.9,13.2,0.7,100,997.0,31.6,56.4,60,70.6,22.0,0.0,22.0
US_NYIS_NewYork,2026-09-27T08:00Z,2026-09-27T16:00Z,17.4,93,16.2,15.1,0.0,100,997.8,30.4,44.1,59,62.6,145.0,0.0,145.0
US_NYIS_NewYork,2026-09-27T08:00Z,2026-09-27T17:00Z,18.4,93,17.2,17.8,1.8,100,998.8,21.8,42.1,70,49.0,26.0,0.0,26.0
US_NYIS_NewYork,2026-09-27T08:00Z,2026-09-27T18:00Z,17.7,93,16.6,17.4,0.4,100,999.5,18.0,38.3,70,38.9,16.0,0.0,16.0
US_NYIS_NewYork,2026-09-27T08:00Z,2026-09-27T19:00Z,17.3,92,16.0,17.3,0.0,100,1000.3,14.0,35.6,69,37.4,51.0,0.0,51.0
US_NYIS_NewYork,2026-09-27T08:00Z,2026-09-27T20:00Z,17.5,93,16.4,17.7,0.0,100,1000.9,13.9,33.2,67,34.6,55.0,0.0,55.0
US_NYIS_NewYork,2026-09-27T08:00Z,2026-09-27T21:00Z,17.9,92,16.5,18.1,0.0,100,1001.6,14.1,30.6,58,36.4,74.0,0.0,74.0
US_NYIS_NewYork,2026-09-27T08:00Z,2026-09-27T22:00Z,17.8,93,16.6,17.8,1.4,100,1002.3,15.5,28.9,54,41.0,15.0,0.0,15.0
US_NYIS_NewYork,2026-09-27T08:00Z,2026-09-27T23:00Z,17.5,96,16.8,18.4,2.5,100,1002.6,9.8,39.3,42,29.9,0.0,0.0,0.0
US_NYIS_NewYork,2026-09-27T08:00Z,2026-09-28T00:00Z,17.4,97,16.9,18.5,14.0,100,1003.1,9.5,43.4,38,23.0,0.0,0.0,0.0
US_NYIS_NewYork,2026-09-27T08:00Z,2026-09-28T01:00Z,18.0,95,17.2,18.4,7.6,100,1003.5,14.8,48.7,41,33.5,0.0,0.0,0.0
US_NYIS_NewYork,2026-09-27T08:00Z,2026-09-28T02:00Z,18.1,94,17.1,17.9,1.8,100,1003.8,18.3,52.2,39,45.4,0.0,0.0,0.0
US_NYIS_NewYork,2026-09-27T08:00Z,2026-09-28T03:00Z,17.3,95,16.5,16.3,3.2,100,1003.9,22.7,51.8,38,49.7,0.0,0.0,0.0
US_NYIS_NewYork,2026-09-27T08:00Z,2026-09-28T04:00Z,16.5,95,15.7,15.5,0.4,100,1004.2,20.4,48.2,38,46.1,0.0,0.0,0.0
US_NYIS_NewYork,2026-09-27T08:00Z,2026-09-28T05:00Z,16.5,94,15.5,15.3,1.8,100,1004.3,21.5,45.2,38,45.7,0.0,0.0,0.0
US_NYIS_NewYork,2026-09-27T08:00Z,2026-09-28T06:00Z,16.1,94,15.1,14.7,0.4,100,1003.9,21.4,42.6,37,49.3,0.0,0.0,0.0
US_NYIS_NewYork,2026-09-27T08:00Z,2026-09-28T07:00Z,15.9,95,15.1,14.5,6.5,100,1004.1,20.9,42.2,34,47.2,0.0,0.0,0.0
US_NYIS_NewYork,2026-09-27T08:00Z,2026-09-28T08:00Z,16.0,92,14.7,14.5,0.0,100,1004.4,21.3,41.3,32,48.6,0.0,0.0,0.0
US_NYIS_NewYork,2026-09-27T08:00Z,2026-09-28T09:00Z,15.7,93,14.5,13.8,0.0,100,1004.5,23.0,38.4,29,53.3,0.0,0.0,0.0
US_NYIS_NewYork,2026-09-27T08:00Z,2026-09-28T10:00Z,15.3,91,13.9,13.4,0.0,100,1004.8,21.9,37.7,27,51.8,0.0,0.0,0.0
US_NYIS_NewYork,2026-09-27T08:00Z,2026-09-28T11:00Z,15.0,93,13.9,13.3,2.5,100,1005.2,20.7,36.9,25,50.0,0.0,0.0,0.0
US_NYIS_NewYork,2026-09-27T08:00Z,2026-09-28T12:00Z,14.9,95,14.1,13.3,4.7,100,1006.0,20.1,35.5,23,48.2,11.0,0.0,11.0
US_NYIS_NewYork,2026-09-27T08:00Z,2026-09-28T13:00Z,14.9,94,14.0,13.2,0.4,100,1006.2,20.4,35.2,23,46.8,28.0,0.0,28.0
US_NYIS_NewYork,2026-09-27T08:00Z,2026-09-28T14:00Z,14.9,95,14.1,13.4,1.8,100,1006.2,18.8,35.2,22,42.8,42.0,0.0,42.0
US_NYIS_NewYork,2026-09-27T08:00Z,2026-09-28T15:00Z,14.9,94,13.9,13.6,0.0,100,1006.5,17.7,34.3,19,38.2,27.0,0.0,27.0
US_NYIS_NewYork,2026-09-27T08:00Z,2026-09-28T16:00Z,15.2,93,14.0,14.0,0.0,100,1006.6,17.3,34.2,17,38.2,56.0,0.0,56.0
US_NYIS_NewYork,2026-09-27T08:00Z,2026-09-28T17:00Z,15.5,93,14.4,14.5,0.0,100,1006.8,16.9,32.7,14,38.5,75.0,0.0,75.0
US_NYIS_NewYork,2026-09-27T08:00Z,2026-09-28T18:00Z,15.7,91,14.2,14.5,0.0,100,1006.9,17.3,31.3,9,39.2,76.0,0.0,76.0
US_NYIS_NewYork,2026-09-27T08:00Z,2026-09-28T19:00Z,15.4,90,13.8,14.1,0.0,100,1007.2,17.6,29.5,1,42.8,52.0,0.0,52.0
US_NYIS_NewYork,2026-09-27T08:00Z,2026-09-28T20:00Z,15.2,91,13.8,14.0,0.0,100,1008.0,17.0,28.8,1,42.8,52.0,0.0,52.0
US_NYIS_NewYork,2026-09-27T08:00Z,2026-09-28T21:00Z,15.0,93,13.9,14.3,0.0,100,1008.3,13.4,28.8,1,38.2,28.0,0.0,28.0
US_NYIS_NewYork,2026-09-27T08:00Z,2026-09-28T22:00Z,14.9,93,13.8,14.3,0.0,100,1008.8,12.7,28.1,1,33.8,11.0,0.0,11.0
US_NYIS_NewYork,2026-09-27T08:00Z,2026-09-28T23:00Z,14.8,94,13.9,14.7,0.0,100,1009.3,9.5,26.6,2,28.8,0.0,0.0,0.0
US_PJM_Philadelphia,2026-09-27T08:00Z,2026-09-27T09:00Z,14.5,91,13.1,12.6,6.8,100,1002.7,20.3,43.3,347,50.0,0.0,0.0,0.0
US_PJM_Philadelphia,2026-09-27T08:00Z,2026-09-27T10:00Z,14.4,91,12.9,12.4,1.4,100,1002.0,20.0,43.5,348,46.8,0.0,0.0,0.0
US_PJM_Philadelphia,2026-09-27T08:00Z,2026-09-27T11:00Z,14.3,91,12.9,12.4,2.2,100,1000.9,19.5,45.2,349,46.4,0.0,0.0,0.0
US_PJM_Philadelphia,2026-09-27T08:00Z,2026-09-27T12:00Z,14.5,91,13.1,12.5,0.4,100,1000.8,20.6,46.0,350,48.2,2.0,0.0,2.0
US_PJM_Philadelphia,2026-09-27T08:00Z,2026-09-27T13:00Z,14.7,94,13.7,12.5,4.0,100,1000.1,23.1,46.1,350,52.2,20.0,0.0,20.0
US_PJM_Philadelphia,2026-09-27T08:00Z,2026-09-27T14:00Z,15.0,92,13.7,12.9,1.8,100,999.5,22.9,49.8,355,56.5,11.0,0.0,11.0
US_PJM_Philadelphia,2026-09-27T08:00Z,2026-09-27T15:00Z,15.2,90,13.6,12.8,0.4,100,998.5,24.6,55.8,1,61.2,14.0,0.0,14.0
US_PJM_Philadelphia,2026-09-27T08:00Z,2026-09-27T16:00Z,15.4,91,13.9,12.8,0.4,100,998.0,26.6,58.8,4,64.4,16.0,0.0,16.0
US_PJM_Philadelphia,2026-09-27T08:00Z,2026-09-27T17:00Z,15.8,90,14.2,13.2,0.4,100,998.0,27.7,54.1,15,64.8,34.0,0.0,34.0
US_PJM_Philadelphia,2026-09-27T08:00Z,2026-09-27T18:00Z,16.5,90,14.9,13.7,0.0,100,997.7,30.0,56.3,21,67.3,74.0,0.0,74.0
US_PJM_Philadelphia,2026-09-27T08:00Z,2026-09-27T19:00Z,16.7,95,15.9,15.2,0.0,100,998.2,24.8,50.9,32,55.4,55.0,0.0,55.0
US_PJM_Philadelphia,2026-09-27T08:00Z,2026-09-27T20:00Z,17.1,90,15.4,15.6,0.0,100,999.2,22.9,46.9,36,49.3,92.0,0.0,92.0
US_PJM_Philadelphia,2026-09-27T08:00Z,2026-09-27T21:00Z,16.6,91,15.1,15.4,0.0,100,1000.6,19.8,39.8,33,46.1,36.0,0.0,36.0
US_PJM_Philadelphia,2026-09-27T08:00Z,2026-09-27T22:00Z,16.7,89,14.9,15.7,0.0,100,1001.7,17.9,35.1,26,44.3,24.0,0.0,24.0
US_PJM_Philadelphia,2026-09-27T08:00Z,2026-09-27T23:00Z,16.6,91,15.2,16.2,0.0,100,1002.4,15.1,38.0,19,41.4,0.0,0.0,0.0
US_PJM_Philadelphia,2026-09-27T08:00Z,2026-09-28T00:00Z,16.7,93,15.6,16.7,0.4,100,1003.0,13.2,40.9,16,35.6,0.0,0.0,0.0
US_PJM_Philadelphia,2026-09-27T08:00Z,2026-09-28T01:00Z,16.8,93,15.7,17.0,0.0,91,1003.7,12.6,39.0,18,34.9,0.0,0.0,0.0
US_PJM_Philadelphia,2026-09-27T08:00Z,2026-09-28T02:00Z,16.7,95,15.9,17.1,0.0,100,1004.0,11.3,37.1,16,27.4,0.0,0.0,0.0
US_PJM_Philadelphia,2026-09-27T08:00Z,2026-09-28T03:00Z,16.7,97,16.3,17.8,1.8,100,1004.1,7.5,35.4,12,21.6,0.0,0.0,0.0
US_PJM_Philadelphia,2026-09-27T08:00Z,2026-09-28T04:00Z,17.0,97,16.6,17.2,6.1,100,1004.1,14.8,36.6,17,41.0,0.0,0.0,0.0
US_PJM_Philadelphia,2026-09-27T08:00Z,2026-09-28T05:00Z,16.7,94,15.8,15.9,1.4,100,1004.2,19.4,36.8,22,43.9,0.0,0.0,0.0
US_PJM_Philadelphia,2026-09-27T08:00Z,2026-09-28T06:00Z,16.6,93,15.5,16.0,0.0,100,1004.3,16.6,35.0,15,40.0,0.0,0.0,0.0
US_PJM_Philadelphia,2026-09-27T08:00Z,2026-09-28T07:00Z,16.3,93,15.2,15.6,0.0,100,1004.7,17.5,34.4,13,46.4,0.0,0.0,0.0
US_PJM_Philadelphia,2026-09-27T08:00Z,2026-09-28T08:00Z,16.2,92,14.9,15.6,0.0,100,1005.2,15.9,33.3,13,41.0,0.0,0.0,0.0
US_PJM_Philadelphia,2026-09-27T08:00Z,2026-09-28T09:00Z,16.0,92,14.7,15.4,0.4,100,1005.6,15.2,32.7,8,37.8,0.0,0.0,0.0
US_PJM_Philadelphia,2026-09-27T08:00Z,2026-09-28T10:00Z,16.0,92,14.7,15.4,0.0,100,1005.9,15.0,32.8,3,39.6,0.0,0.0,0.0
US_PJM_Philadelphia,2026-09-27T08:00Z,2026-09-28T11:00Z,15.9,92,14.6,15.3,0.0,100,1006.4,15.2,31.3,359,40.3,0.0,0.0,0.0
US_PJM_Philadelphia,2026-09-27T08:00Z,2026-09-28T12:00Z,15.8,92,14.5,15.5,0.0,100,1007.4,12.5,29.2,356,34.9,4.0,0.0,4.0
US_PJM_Philadelphia,2026-09-27T08:00Z,2026-09-28T13:00Z,15.8,93,14.7,15.7,0.4,100,1007.9,11.3,28.0,352,34.6,11.0,0.0,11.0
US_PJM_Philadelphia,2026-09-27T08:00Z,2026-09-28T14:00Z,15.9,92,14.6,15.6,0.0,100,1008.0,12.9,28.1,350,32.4,36.0,0.0,36.0
US_PJM_Philadelphia,2026-09-27T08:00Z,2026-09-28T15:00Z,16.1,91,14.7,15.6,0.0,100,1008.4,14.2,27.2,354,29.9,85.0,0.0,85.0
US_PJM_Philadelphia,2026-09-27T08:00Z,2026-09-28T16:00Z,16.1,91,14.6,15.6,0.0,100,1008.8,13.7,24.9,358,28.8,76.0,0.0,76.0
US_PJM_Philadelphia,2026-09-27T08:00Z,2026-09-28T17:00Z,15.8,92,14.5,15.5,0.0,100,1009.0,12.6,23.4,358,29.9,56.0,0.0,56.0
US_PJM_Philadelphia,2026-09-27T08:00Z,2026-09-28T18:00Z,16.1,90,14.5,15.9,0.0,100,1009.0,11.2,23.1,357,29.9,63.0,0.0,63.0
US_PJM_Philadelphia,2026-09-27T08:00Z,2026-09-28T19:00Z,16.0,91,14.5,15.8,0.0,100,1009.5,11.9,20.2,355,29.9,56.0,0.0,56.0
US_PJM_Philadelphia,2026-09-27T08:00Z,2026-09-28T20:00Z,15.8,94,14.9,16.1,0.7,100,1009.9,9.6,17.7,347,28.4,40.0,0.0,40.0
US_PJM_Philadelphia,2026-09-27T08:00Z,2026-09-28T21:00Z,16.1,94,15.1,17.4,0.0,100,1010.3,3.1,16.8,350,12.2,40.0,0.0,40.0
US_PJM_Philadelphia,2026-09-27T08:00Z,2026-09-28T22:00Z,16.2,95,15.4,17.6,0.0,100,1010.6,3.3,15.9,357,12.6,23.0,0.0,23.0
US_PJM_Philadelphia,2026-09-27T08:00Z,2026-09-28T23:00Z,16.1,95,15.3,17.4,0.0,100,1010.9,3.7,13.2,11,3.6,0.0,0.0,0.0
US_SWPP_OklahomaCity,2026-09-27T08:00Z,2026-09-27T09:00Z,23.9,55,14.3,23.4,0.0,57,969.3,13.1,18.7,181,25.6,0.0,0.0,0.0
US_SWPP_OklahomaCity,2026-09-27T08:00Z,2026-09-27T10:00Z,23.3,60,15.1,23.1,0.0,6,970.0,12.9,20.4,166,24.8,0.0,0.0,0.0
US_SWPP_OklahomaCity,2026-09-27T08:00Z,2026-09-27T11:00Z,22.7,63,15.3,22.7,0.0,0,969.5,12.4,29.8,168,23.8,0.0,0.0,0.0
US_SWPP_OklahomaCity,2026-09-27T08:00Z,2026-09-27T12:00Z,22.3,65,15.4,22.5,0.0,0,969.9,11.1,30.4,169,21.6,0.0,0.0,0.0
US_SWPP_OklahomaCity,2026-09-27T08:00Z,2026-09-27T13:00Z,22.3,66,15.6,23.4,0.0,0,971.2,5.4,27.7,179,10.8,18.0,110.7,9.0
US_SWPP_OklahomaCity,2026-09-27T08:00Z,2026-09-27T14:00Z,24.4,55,14.8,24.3,0.0,0,971.9,11.6,23.0,181,22.3,180.0,574.9,52.0
US_SWPP_OklahomaCity,2026-09-27T08:00Z,2026-09-27T15:00Z,26.3,52,15.7,26.5,0.0,0,972.1,12.3,22.8,196,17.3,380.0,725.4,79.0
US_SWPP_OklahomaCity,2026-09-27T08:00Z,2026-09-27T16:00Z,28.3,49,16.6,29.2,0.0,100,972.0,9.5,15.6,199,11.5,561.0,796.3,101.0
US_SWPP_OklahomaCity,2026-09-27T08:00Z,2026-09-27T17:00Z,30.1,46,17.2,32.7,0.0,100,972.0,6.2,15.2,187,7.2,699.0,800.2,139.0
US_SWPP_OklahomaCity,2026-09-27T08:00Z,2026-09-27T18:00Z,31.6,42,17.1,34.7,0.0,100,971.3,6.1,12.3,187,7.6,785.0,870.7,112.0
US_SWPP_OklahomaCity,2026-09-27T08:00Z,2026-09-27T19:00Z,32.8,39,17.0,35.7,0.0,89,970.6,7.0,10.1,180,7.9,782.0,660.3,259.0
US_SWPP_OklahomaCity,2026-09-27T08:00Z,2026-09-27T20:00Z,33.6,36,16.5,36.2,0.0,100,969.7,6.1,7.6,188,10.8,754.0,845.3,115.0
US_SWPP_OklahomaCity,2026-09-27T08:00Z,2026-09-27T21:00Z,34.1,34,16.0,36.0,0.0,100,969.7,4.8,5.5,191,10.8,638.0,721.1,157.0
US_SWPP_OklahomaCity,2026-09-27T08:00Z,2026-09-27T22:00Z,34.0,33,15.5,35.4,0.0,100,969.8,3.6,1.6,243,5.8,471.0,655.1,123.0
US_SWPP_OklahomaCity,2026-09-27T08:00Z,2026-09-27T23:00Z,33.5,33,15.0,34.4,0.0,100,969.6,4.8,1.1,18,6.1,207.0,310.1,96.0
US_SWPP_OklahomaCity,2026-09-27T08:00Z,2026-09-28T00:00Z,32.7,34,14.8,33.3,0.0,93,969.7,6.6,8.5,36,7.9,11.0,0.0,11.0
US_SWPP_OklahomaCity,2026-09-27T08:00Z,2026-09-28T01:00Z,30.9,36,14.1,31.9,0.0,100,970.4,2.8,14.8,45,3.6,0.0,0.0,0.0
US_SWPP_OklahomaCity,2026-09-27T08:00Z,2026-09-28T02:00Z,28.3,42,14.2,29.0,0.0,18,971.1,4.2,17.8,48,4.3,0.0,0.0,0.0
US_SWPP_OklahomaCity,2026-09-27T08:00Z,2026-09-28T03:00Z,27.4,49,15.7,27.8,0.0,74,971.2,10.8,22.6,65,14.8,0.0,0.0,0.0
US_SWPP_OklahomaCity,2026-09-27T08:00Z,2026-09-28T04:00Z,26.9,53,16.5,27.1,0.0,94,971.8,14.4,25.8,98,33.5,0.0,0.0,0.0
US_SWPP_OklahomaCity,2026-09-27T08:00Z,2026-09-28T05:00Z,25.5,57,16.4,25.1,0.0,19,972.2,18.1,24.1,99,35.6,0.0,0.0,0.0
US_SWPP_OklahomaCity,2026-09-27T08:00Z,2026-09-28T06:00Z,25.5,54,15.5,25.5,0.0,52,972.3,12.6,21.7,126,28.4,0.0,0.0,0.0
US_SWPP_OklahomaCity,2026-09-27T08:00Z,2026-09-28T07:00Z,24.4,56,15.1,25.0,0.0,2,972.2,8.0,22.8,141,21.2,0.0,0.0,0.0
US_SWPP_OklahomaCity,2026-09-27T08:00Z,2026-09-28T08:00Z,23.4,63,15.9,24.2,0.0,0,972.3,8.4,21.2,138,21.2,0.0,0.0,0.0
US_SWPP_OklahomaCity,2026-09-27T08:00Z,2026-09-28T09:00Z,22.7,64,15.5,23.5,0.0,3,972.2,7.2,18.1,139,15.1,0.0,0.0,0.0
US_SWPP_OklahomaCity,2026-09-27T08:00Z,2026-09-28T10:00Z,22.0,69,16.1,22.7,0.0,1,972.3,9.5,17.8,138,18.0,0.0,0.0,0.0
US_SWPP_OklahomaCity,2026-09-27T08:00Z,2026-09-28T11:00Z,21.7,70,16.0,22.6,0.0,29,972.7,7.9,20.9,136,16.9,0.0,0.0,0.0
US_SWPP_OklahomaCity,2026-09-27T08:00Z,2026-09-28T12:00Z,21.1,74,16.3,21.8,0.0,3,973.2,10.1,23.4,136,24.1,0.0,0.0,0.0
US_SWPP_OklahomaCity,2026-09-27T08:00Z,2026-09-28T13:00Z,21.4,72,16.1,22.0,0.0,1,973.8,10.1,26.6,139,22.7,17.0,87.6,10.0
US_SWPP_OklahomaCity,2026-09-27T08:00Z,2026-09-28T14:00Z,23.4,60,15.2,22.8,0.0,17,974.5,15.9,20.3,150,32.0,175.0,536.9,57.0
US_SWPP_OklahomaCity,2026-09-27T08:00Z,2026-09-28T15:00Z,25.1,52,14.5,24.1,0.0,3,974.5,17.2,19.0,147,26.3,372.0,691.9,87.0
US_SWPP_OklahomaCity,2026-09-27T08:00Z,2026-09-28T16:00Z,26.6,46,14.1,25.3,0.0,11,974.7,18.2,17.0,148,24.8,543.0,715.5,132.0
US_SWPP_OklahomaCity,2026-09-27T08:00Z,2026-09-28T17:00Z,27.2,46,14.6,26.4,0.0,85,974.5,15.8,19.2,154,21.2,385.0,221.2,231.0
US_SWPP_OklahomaCity,2026-09-27T08:00Z,2026-09-28T18:00Z,27.9,42,13.8,27.2,0.0,94,974.0,13.2,20.5,158,19.1,133.0,0.0,133.0
US_SWPP_OklahomaCity,2026-09-27T08:00Z,2026-09-28T19:00Z,30.3,38,14.4,30.2,0.0,88,973.8,17.0,22.3,166,20.5,725.0,344.0,454.0
US_SWPP_OklahomaCity,2026-09-27T08:00Z,2026-09-28T20:00Z,30.6,39,15.1,30.7,0.0,21,973.1,17.3,23.6,173,21.2,727.0,641.4,245.0
US_SWPP_OklahomaCity,2026-09-27T08:00Z,2026-09-28T21:00Z,31.0,38,15.1,30.5,0.0,3,972.6,18.5,23.7,167,23.4,636.0,792.8,111.0
US_SWPP_OklahomaCity,2026-09-27T08:00Z,2026-09-28T22:00Z,31.3,36,14.4,30.0,0.0,3,972.3,18.7,22.3,183,24.5,463.0,636.6,128.0
US_SWPP_OklahomaCity,2026-09-27T08:00Z,2026-09-28T23:00Z,30.8,37,14.5,29.5,0.0,2,971.8,19.1,14.6,100,26.3,270.0,498.9,94.0
VN_DaNang,2026-09-27T08:00Z,2026-09-27T09:00Z,29.0,82,25.7,35.5,0.5,98,1006.5,4.3,5.6,138,16.6,220.0,176.1,132.0
VN_DaNang,2026-09-27T08:00Z,2026-09-27T10:00Z,26.9,92,25.5,33.0,3.0,90,1007.2,6.3,9.4,182,15.8,58.0,22.1,52.0
VN_DaNang,2026-09-27T08:00Z,2026-09-27T11:00Z,26.8,95,26.0,33.4,0.7,62,1007.9,5.2,7.3,237,14.0,16.0,29.9,13.0
VN_DaNang,2026-09-27T08:00Z,2026-09-27T12:00Z,26.7,97,26.2,33.5,0.0,50,1008.9,5.1,9.8,220,10.8,0.0,0.0,0.0
VN_DaNang,2026-09-27T08:00Z,2026-09-27T13:00Z,26.7,96,26.0,33.5,0.0,77,1010.0,3.8,9.2,208,10.1,0.0,0.0,0.0
VN_DaNang,2026-09-27T08:00Z,2026-09-27T14:00Z,26.7,95,25.9,33.5,0.0,78,1010.5,4.0,9.2,191,7.9,0.0,0.0,0.0
VN_DaNang,2026-09-27T08:00Z,2026-09-27T15:00Z,26.8,95,25.8,33.4,0.0,91,1010.4,4.5,9.5,179,10.8,0.0,0.0,0.0
VN_DaNang,2026-09-27T08:00Z,2026-09-27T16:00Z,26.6,96,25.9,33.3,0.0,98,1010.1,4.5,9.3,193,10.4,0.0,0.0,0.0
VN_DaNang,2026-09-27T08:00Z,2026-09-27T17:00Z,26.4,97,25.8,32.9,0.0,85,1009.6,5.2,10.3,187,11.9,0.0,0.0,0.0
VN_DaNang,2026-09-27T08:00Z,2026-09-27T18:00Z,26.1,97,25.6,32.5,0.0,98,1009.3,4.7,10.9,193,11.9,0.0,0.0,0.0
VN_DaNang,2026-09-27T08:00Z,2026-09-27T19:00Z,25.9,97,25.4,32.1,0.0,93,1008.7,4.9,10.8,191,10.8,0.0,0.0,0.0
VN_DaNang,2026-09-27T08:00Z,2026-09-27T20:00Z,25.8,97,25.2,32.2,0.0,88,1008.4,2.9,7.8,195,10.8,0.0,0.0,0.0
VN_DaNang,2026-09-27T08:00Z,2026-09-27T21:00Z,25.8,98,25.4,32.3,0.0,77,1008.3,3.3,6.7,180,7.2,0.0,0.0,0.0
VN_DaNang,2026-09-27T08:00Z,2026-09-27T22:00Z,25.8,96,25.1,32.3,0.0,77,1008.7,2.4,5.6,184,7.2,0.0,0.0,0.0
VN_DaNang,2026-09-27T08:00Z,2026-09-27T23:00Z,25.8,96,25.1,32.2,0.0,93,1009.5,2.5,5.0,199,6.1,6.0,15.0,5.0
VN_DaNang,2026-09-27T08:00Z,2026-09-28T00:00Z,26.7,93,25.5,33.4,0.0,64,1010.3,2.2,3.4,288,8.6,110.0,213.0,66.0
VN_DaNang,2026-09-27T08:00Z,2026-09-28T01:00Z,28.5,84,25.5,35.3,0.0,48,1010.9,1.5,3.6,330,9.4,291.0,360.8,132.0
VN_DaNang,2026-09-27T08:00Z,2026-09-28T02:00Z,30.4,73,25.0,37.0,0.0,88,1011.2,1.3,0.9,79,10.4,563.0,677.0,127.0
VN_DaNang,2026-09-27T08:00Z,2026-09-28T03:00Z,31.0,67,24.2,36.9,0.0,100,1011.0,1.8,1.7,103,10.4,506.0,361.2,216.0
VN_DaNang,2026-09-27T08:00Z,2026-09-28T04:00Z,30.5,70,24.4,36.1,0.0,82,1010.9,4.5,5.5,58,13.0,335.0,46.3,293.0
VN_DaNang,2026-09-27T08:00Z,2026-09-28T05:00Z,30.5,74,25.5,36.7,0.0,67,1010.2,7.9,9.9,42,21.6,604.0,382.1,242.0
VN_DaNang,2026-09-27T08:00Z,2026-09-28T06:00Z,30.8,75,25.8,38.1,0.0,75,1009.3,9.2,12.0,36,25.2,795.0,637.0,207.0
VN_DaNang,2026-09-27T08:00Z,2026-09-28T07:00Z,30.7,75,25.8,37.8,0.0,64,1008.7,9.0,12.1,30,26.6,754.0,732.8,142.0
VN_DaNang,2026-09-27T08:00Z,2026-09-28T08:00Z,30.7,76,25.9,37.2,0.1,38,1008.4,6.7,8.3,56,25.9,592.0,667.0,132.0
VN_DaNang,2026-09-27T08:00Z,2026-09-28T09:00Z,30.0,79,25.9,36.7,0.3,31,1008.2,4.4,5.4,75,24.5,395.0,584.2,105.0
VN_DaNang,2026-09-27T08:00Z,2026-09-28T10:00Z,29.3,80,25.5,35.4,0.3,22,1008.2,5.7,7.7,102,19.4,185.0,442.8,66.0
VN_DaNang,2026-09-27T08:00Z,2026-09-28T11:00Z,28.6,85,25.9,35.2,0.1,24,1008.9,4.8,9.0,127,13.0,20.0,70.9,13.0
VN_DaNang,2026-09-27T08:00Z,2026-09-28T12:00Z,28.4,87,26.1,34.9,0.0,20,1010.4,5.9,11.0,162,10.8,0.0,0.0,0.0
VN_DaNang,2026-09-27T08:00Z,2026-09-28T13:00Z,28.1,89,26.1,34.6,0.0,35,1012.0,7.0,13.0,178,14.0,0.0,0.0,0.0
VN_DaNang,2026-09-27T08:00Z,2026-09-28T14:00Z,27.9,89,26.0,34.5,0.0,41,1012.8,5.6,11.4,195,13.7,0.0,0.0,0.0
VN_DaNang,2026-09-27T08:00Z,2026-09-28T15:00Z,27.6,89,25.6,33.7,0.0,50,1013.5,7.0,13.4,208,15.1,0.0,0.0,0.0
VN_DaNang,2026-09-27T08:00Z,2026-09-28T16:00Z,27.4,89,25.4,33.6,0.0,41,1013.2,5.2,12.5,187,14.0,0.0,0.0,0.0
VN_DaNang,2026-09-27T08:00Z,2026-09-28T17:00Z,27.1,91,25.4,33.6,0.0,48,1012.2,2.9,9.5,179,10.8,0.0,0.0,0.0
VN_DaNang,2026-09-27T08:00Z,2026-09-28T18:00Z,26.8,93,25.5,33.4,0.0,51,1011.6,3.1,6.9,227,5.8,0.0,0.0,0.0
VN_DaNang,2026-09-27T08:00Z,2026-09-28T19:00Z,26.5,96,25.8,33.3,0.0,46,1011.5,3.3,7.8,224,9.7,0.0,0.0,0.0
VN_DaNang,2026-09-27T08:00Z,2026-09-28T20:00Z,26.5,95,25.7,33.1,0.0,54,1011.2,4.4,8.8,197,9.4,0.0,0.0,0.0
VN_DaNang,2026-09-27T08:00Z,2026-09-28T21:00Z,26.4,96,25.7,33.2,0.0,16,1011.2,2.7,7.7,177,10.1,0.0,0.0,0.0
VN_DaNang,2026-09-27T08:00Z,2026-09-28T22:00Z,26.1,97,25.6,33.0,0.0,16,1011.6,1.4,4.0,190,6.5,0.0,0.0,0.0
VN_DaNang,2026-09-27T08:00Z,2026-09-28T23:00Z,26.2,97,25.7,32.9,0.0,41,1012.0,2.9,3.7,259,6.5,6.0,15.0,5.0
VN_HaNoi,2026-09-27T08:00Z,2026-09-27T09:00Z,31.7,72,26.0,37.3,0.5,23,1000.9,11.9,17.3,149,25.2,370.0,451.9,137.0
VN_HaNoi,2026-09-27T08:00Z,2026-09-27T10:00Z,31.0,75,26.0,36.6,0.0,8,1001.2,12.2,20.1,146,25.2,201.0,388.0,85.0
VN_HaNoi,2026-09-27T08:00Z,2026-09-27T11:00Z,30.0,80,26.1,35.7,0.0,5,1001.6,11.6,22.0,143,23.8,33.0,112.3,20.0
VN_HaNoi,2026-09-27T08:00Z,2026-09-27T12:00Z,29.3,83,26.1,34.7,0.0,6,1002.8,13.8,24.9,148,26.3,0.0,0.0,0.0
VN_HaNoi,2026-09-27T08:00Z,2026-09-27T13:00Z,28.6,83,25.5,33.5,0.0,5,1003.9,14.4,25.9,153,27.7,0.0,0.0,0.0
VN_HaNoi,2026-09-27T08:00Z,2026-09-27T14:00Z,28.0,84,25.0,32.6,0.0,3,1004.8,14.6,26.2,159,27.7,0.0,0.0,0.0
VN_HaNoi,2026-09-27T08:00Z,2026-09-27T15:00Z,27.8,83,24.6,31.9,0.0,3,1005.1,16.3,28.9,164,31.7,0.0,0.0,0.0
VN_HaNoi,2026-09-27T08:00Z,2026-09-27T16:00Z,27.5,83,24.5,31.7,0.0,2,1005.2,15.2,27.4,164,31.7,0.0,0.0,0.0
VN_HaNoi,2026-09-27T08:00Z,2026-09-27T17:00Z,27.4,86,24.8,32.0,0.0,2,1004.7,13.7,25.3,161,29.2,0.0,0.0,0.0
VN_HaNoi,2026-09-27T08:00Z,2026-09-27T18:00Z,27.3,88,25.1,32.2,0.0,4,1004.1,13.0,24.2,153,26.3,0.0,0.0,0.0
VN_HaNoi,2026-09-27T08:00Z,2026-09-27T19:00Z,27.3,89,25.4,32.5,0.0,1,1003.9,11.5,22.3,157,24.8,0.0,0.0,0.0
VN_HaNoi,2026-09-27T08:00Z,2026-09-27T20:00Z,27.2,91,25.6,33.1,0.0,9,1004.0,8.5,17.9,162,22.0,0.0,0.0,0.0
VN_HaNoi,2026-09-27T08:00Z,2026-09-27T21:00Z,27.0,93,25.7,33.1,0.0,9,1003.9,7.1,15.7,158,15.8,0.0,0.0,0.0
VN_HaNoi,2026-09-27T08:00Z,2026-09-27T22:00Z,26.8,93,25.6,32.8,0.0,9,1004.3,8.0,16.8,156,15.1,0.0,0.0,0.0
VN_HaNoi,2026-09-27T08:00Z,2026-09-27T23:00Z,26.7,92,25.3,32.8,0.0,11,1005.0,5.2,12.7,168,15.1,1.0,0.0,1.0
VN_HaNoi,2026-09-27T08:00Z,2026-09-28T00:00Z,27.4,87,25.1,33.2,0.0,3,1005.9,6.8,10.8,169,15.1,89.0,249.8,48.0
VN_HaNoi,2026-09-27T08:00Z,2026-09-28T01:00Z,28.4,83,25.3,34.4,0.0,3,1006.8,5.8,8.0,188,15.8,290.0,472.3,106.0
VN_HaNoi,2026-09-27T08:00Z,2026-09-28T02:00Z,30.1,76,25.3,36.3,0.0,70,1007.2,4.4,5.9,235,16.2,514.0,637.5,136.0
VN_HaNoi,2026-09-27T08:00Z,2026-09-28T03:00Z,31.4,71,25.4,38.2,0.0,62,1006.8,4.3,5.8,265,15.5,638.0,572.2,206.0
VN_HaNoi,2026-09-27T08:00Z,2026-09-28T04:00Z,32.1,68,25.4,39.3,0.0,25,1006.5,4.4,5.5,257,19.8,687.0,445.3,302.0
VN_HaNoi,2026-09-27T08:00Z,2026-09-28T05:00Z,32.8,67,25.7,41.0,0.1,5,1005.9,3.8,4.9,262,19.4,797.0,618.9,231.0
VN_HaNoi,2026-09-27T08:00Z,2026-09-28T06:00Z,33.3,65,25.7,42.1,0.1,9,1004.7,1.7,2.4,234,18.7,826.0,717.9,179.0
VN_HaNoi,2026-09-27T08:00Z,2026-09-28T07:00Z,33.8,61,25.3,41.5,0.1,11,1003.7,3.8,5.2,176,17.6,758.0,719.5,164.0
VN_HaNoi,2026-09-27T08:00Z,2026-09-28T08:00Z,33.7,60,24.9,39.5,0.1,11,1003.0,6.5,9.1,171,19.4,573.0,588.9,165.0
VN_HaNoi,2026-09-27T08:00Z,2026-09-28T09:00Z,33.4,61,24.9,38.7,0.1,17,1002.8,8.9,12.6,156,19.1,399.0,535.3,125.0
VN_HaNoi,2026-09-27T08:00Z,2026-09-28T10:00Z,32.3,69,25.9,38.3,0.0,7,1003.0,9.2,16.5,139,19.4,179.0,308.3,88.0
VN_HaNoi,2026-09-27T08:00Z,2026-09-28T11:00Z,31.0,76,26.2,37.0,0.0,5,1003.7,9.8,19.9,145,18.4,32.0,114.2,19.0
VN_HaNoi,2026-09-27T08:00Z,2026-09-28T12:00Z,30.1,79,26.1,35.5,0.0,1,1004.8,13.4,24.5,156,25.9,0.0,0.0,0.0
VN_HaNoi,2026-09-27T08:00Z,2026-09-28T13:00Z,29.4,78,25.2,34.3,0.0,27,1006.2,13.5,25.3,161,26.6,0.0,0.0,0.0
VN_HaNoi,2026-09-27T08:00Z,2026-09-28T14:00Z,29.0,79,25.0,33.7,0.0,95,1007.2,14.2,26.2,161,27.4,0.0,0.0,0.0
VN_HaNoi,2026-09-27T08:00Z,2026-09-28T15:00Z,28.6,83,25.4,33.5,0.0,100,1007.6,14.1,26.0,159,27.4,0.0,0.0,0.0
VN_HaNoi,2026-09-27T08:00Z,2026-09-28T16:00Z,28.4,84,25.4,33.4,0.0,100,1007.8,13.8,25.2,159,27.4,0.0,0.0,0.0
VN_HaNoi,2026-09-27T08:00Z,2026-09-28T17:00Z,28.3,84,25.2,33.0,0.0,84,1007.7,14.4,26.0,161,27.7,0.0,0.0,0.0
VN_HaNoi,2026-09-27T08:00Z,2026-09-28T18:00Z,27.8,86,25.2,32.4,0.6,95,1007.5,15.0,26.8,162,28.4,0.0,0.0,0.0
VN_HaNoi,2026-09-27T08:00Z,2026-09-28T19:00Z,27.7,88,25.5,32.8,0.4,99,1007.2,12.9,23.7,158,27.7,0.0,0.0,0.0
VN_HaNoi,2026-09-27T08:00Z,2026-09-28T20:00Z,27.7,89,25.7,33.4,0.0,90,1007.1,9.7,18.8,151,23.4,0.0,0.0,0.0
VN_HaNoi,2026-09-27T08:00Z,2026-09-28T21:00Z,27.5,92,26.0,33.9,0.0,99,1007.2,6.5,14.6,154,18.0,0.0,0.0,0.0
VN_HaNoi,2026-09-27T08:00Z,2026-09-28T22:00Z,27.4,93,26.2,34.0,0.0,99,1007.4,5.8,13.0,152,11.9,0.0,0.0,0.0
VN_HaNoi,2026-09-27T08:00Z,2026-09-28T23:00Z,27.4,94,26.4,34.2,0.0,100,1007.7,5.9,12.0,145,11.2,1.0,0.0,1.0
VN_HoChiMinh,2026-09-27T08:00Z,2026-09-27T09:00Z,28.1,85,25.2,33.7,0.5,90,1007.1,8.2,11.9,207,34.2,335.0,302.5,173.0
VN_HoChiMinh,2026-09-27T08:00Z,2026-09-27T10:00Z,26.4,91,24.8,32.3,2.6,96,1007.9,4.2,8.0,198,22.3,160.0,163.5,110.0
VN_HoChiMinh,2026-09-27T08:00Z,2026-09-27T11:00Z,26.4,93,25.2,32.5,0.2,100,1008.4,4.5,9.8,230,10.4,21.0,25.6,18.0
VN_HoChiMinh,2026-09-27T08:00Z,2026-09-27T12:00Z,26.2,93,25.0,31.9,0.0,100,1009.5,6.5,12.5,249,13.0,0.0,0.0,0.0
VN_HoChiMinh,2026-09-27T08:00Z,2026-09-27T13:00Z,25.9,94,24.8,32.3,0.0,100,1010.6,1.7,7.8,248,14.4,0.0,0.0,0.0
VN_HoChiMinh,2026-09-27T08:00Z,2026-09-27T14:00Z,25.9,94,24.9,32.2,0.0,100,1011.4,2.3,8.7,256,6.1,0.0,0.0,0.0
VN_HoChiMinh,2026-09-27T08:00Z,2026-09-27T15:00Z,25.8,95,24.9,31.9,0.1,98,1011.9,3.8,4.7,353,8.6,0.0,0.0,0.0
VN_HoChiMinh,2026-09-27T08:00Z,2026-09-27T16:00Z,25.3,96,24.6,30.5,0.1,99,1011.7,8.9,16.6,99,19.8,0.0,0.0,0.0
VN_HoChiMinh,2026-09-27T08:00Z,2026-09-27T17:00Z,25.0,97,24.5,30.3,0.0,99,1010.8,7.6,12.8,96,19.1,0.0,0.0,0.0
VN_HoChiMinh,2026-09-27T08:00Z,2026-09-27T18:00Z,24.9,97,24.3,30.3,0.0,95,1010.2,5.5,10.8,105,17.3,0.0,0.0,0.0
VN_HoChiMinh,2026-09-27T08:00Z,2026-09-27T19:00Z,24.8,96,24.2,30.1,0.0,94,1009.6,6.6,12.5,105,13.7,0.0,0.0,0.0
VN_HoChiMinh,2026-09-27T08:00Z,2026-09-27T20:00Z,24.8,96,24.1,30.5,0.0,70,1009.6,3.3,8.1,111,13.3,0.0,0.0,0.0
VN_HoChiMinh,2026-09-27T08:00Z,2026-09-27T21:00Z,24.8,96,24.2,30.2,0.0,30,1009.2,5.1,9.2,94,10.1,0.0,0.0,0.0
VN_HoChiMinh,2026-09-27T08:00Z,2026-09-27T22:00Z,24.7,97,24.2,30.2,0.0,66,1009.3,4.5,10.0,105,13.3,0.0,0.0,0.0
VN_HoChiMinh,2026-09-27T08:00Z,2026-09-27T23:00Z,24.8,96,24.2,30.2,0.0,70,1009.8,5.4,10.5,94,11.5,3.0,0.0,3.0
VN_HoChiMinh,2026-09-27T08:00Z,2026-09-28T00:00Z,25.8,91,24.3,31.2,0.0,66,1010.6,5.8,8.5,94,14.8,117.0,338.8,53.0
VN_HoChiMinh,2026-09-27T08:00Z,2026-09-28T01:00Z,27.5,84,24.6,33.3,0.0,92,1011.5,4.4,6.3,110,14.8,348.0,580.7,98.0
VN_HoChiMinh,2026-09-27T08:00Z,2026-09-28T02:00Z,29.0,76,24.4,34.5,0.0,56,1011.9,5.5,7.6,162,17.6,520.0,549.6,167.0
VN_HoChiMinh,2026-09-27T08:00Z,2026-09-28T03:00Z,30.2,70,24.1,36.5,0.1,77,1011.6,5.8,8.1,185,18.7,709.0,611.2,214.0
VN_HoChiMinh,2026-09-27T08:00Z,2026-09-28T04:00Z,31.1,65,23.8,37.5,0.1,97,1011.2,6.9,9.4,200,20.5,785.0,609.6,223.0
VN_HoChiMinh,2026-09-27T08:00Z,2026-09-28T05:00Z,31.7,63,23.9,38.4,0.0,70,1010.3,6.9,9.5,191,21.2,823.0,586.3,254.0
VN_HoChiMinh,2026-09-27T08:00Z,2026-09-28T06:00Z,31.5,64,23.9,38.2,0.0,84,1009.3,8.7,11.2,176,24.1,873.0,669.8,235.0
VN_HoChiMinh,2026-09-27T08:00Z,2026-09-28T07:00Z,28.3,81,24.8,34.0,1.8,92,1008.8,8.3,11.8,169,34.2,597.0,410.8,240.0
VN_HoChiMinh,2026-09-27T08:00Z,2026-09-28T08:00Z,28.6,80,24.7,33.6,0.4,90,1008.4,10.5,14.8,154,25.6,446.0,308.5,222.0
VN_HoChiMinh,2026-09-27T08:00Z,2026-09-28T09:00Z,27.8,86,25.2,33.5,0.8,88,1008.2,8.0,11.6,175,29.2,255.0,170.8,164.0
VN_HoChiMinh,2026-09-27T08:00Z,2026-09-28T10:00Z,27.7,86,25.1,33.5,0.1,96,1008.7,6.8,9.9,180,19.1,162.0,191.4,104.0
VN_HoChiMinh,2026-09-27T08:00Z,2026-09-28T11:00Z,26.9,90,25.1,33.3,0.1,98,1009.4,2.6,6.5,166,16.9,29.0,60.5,22.0
VN_HoChiMinh,2026-09-27T08:00Z,2026-09-28T12:00Z,26.8,90,25.0,33.1,0.0,94,1010.6,3.1,6.8,202,8.3,0.0,0.0,0.0
VN_HoChiMinh,2026-09-27T08:00Z,2026-09-28T13:00Z,26.7,91,25.1,33.3,0.0,95,1011.9,1.5,3.6,229,7.2,0.0,0.0,0.0
VN_HoChiMinh,2026-09-27T08:00Z,2026-09-28T14:00Z,26.5,94,25.5,33.0,0.0,99,1012.9,3.2,2.3,315,7.2,0.0,0.0,0.0
VN_HoChiMinh,2026-09-27T08:00Z,2026-09-28T15:00Z,26.3,95,25.5,32.9,0.0,88,1013.3,3.0,3.6,330,7.6,0.0,0.0,0.0
VN_HoChiMinh,2026-09-27T08:00Z,2026-09-28T16:00Z,26.2,96,25.5,32.6,0.0,90,1013.6,4.2,7.6,357,9.0,0.0,0.0,0.0
VN_HoChiMinh,2026-09-27T08:00Z,2026-09-28T17:00Z,25.9,97,25.4,32.4,0.0,78,1013.0,2.9,7.4,26,9.0,0.0,0.0,0.0
VN_HoChiMinh,2026-09-27T08:00Z,2026-09-28T18:00Z,25.5,96,24.8,31.8,0.1,98,1012.7,1.9,3.0,76,6.8,0.0,0.0,0.0
VN_HoChiMinh,2026-09-27T08:00Z,2026-09-28T19:00Z,25.5,97,25.0,31.5,0.1,92,1011.9,4.6,8.2,49,11.5,0.0,0.0,0.0
VN_HoChiMinh,2026-09-27T08:00Z,2026-09-28T20:00Z,25.3,97,24.8,31.1,0.1,68,1011.4,5.3,9.5,61,11.5,0.0,0.0,0.0
VN_HoChiMinh,2026-09-27T08:00Z,2026-09-28T21:00Z,25.1,98,24.7,31.0,0.0,33,1011.2,4.4,9.0,61,11.5,0.0,0.0,0.0
VN_HoChiMinh,2026-09-27T08:00Z,2026-09-28T22:00Z,25.0,97,24.5,30.9,0.0,9,1011.3,3.4,7.4,72,9.7,0.0,0.0,0.0
VN_HoChiMinh,2026-09-27T08:00Z,2026-09-28T23:00Z,25.1,96,24.4,30.9,0.0,5,1011.7,3.4,6.4,63,7.9,3.0,0.0,3.0
