timestamp,BIOMASS,CCGT,COAL,INTELEC,INTEW,INTFR,INTGRNL,INTIFA2,INTIRL,INTNED,INTNEM,INTNSL,INTVKL,NPSHYD,NUCLEAR,OCGT,OIL,OTHER,PS,WIND
2026-09-20T23:00Z,2985,5953,0,942,-330,946,-514,934,-256,960,-804,1402,1426,473,3334,50,0,228,-12,5845
2026-09-20T23:30Z,3024,6025,0,942,-428,944,-514,936,-180,960,-784,1402,1424,455,3337,50,0,183,-12,5376
2026-09-21T00:00Z,3005,5786,0,996,-528,998,-514,990,-120,960,-110,1402,1424,454,3341,50,0,97,-12,5081
2026-09-21T00:30Z,3017,5423,0,998,-488,1002,-514,992,-120,960,-76,1402,1424,454,3340,50,0,94,-12,4948
2026-09-21T01:00Z,3024,5208,0,998,-444,1000,-514,992,-120,916,480,1402,1424,440,3337,50,0,338,-12,4477
2026-09-21T01:30Z,3021,5425,0,998,-484,1002,-514,992,-120,916,494,1402,1424,436,3341,50,0,134,-12,3970
2026-09-21T02:00Z,3012,5083,0,998,-426,1000,-514,992,-120,946,556,1402,1424,425,3342,50,0,102,-120,3930
2026-09-21T02:30Z,3021,4829,0,998,-418,1002,-514,992,-120,934,536,1402,1424,424,3338,50,0,178,-130,3776
2026-09-21T03:00Z,3024,5540,0,998,-430,1002,-514,992,-120,416,-108,1402,1424,424,3339,50,0,196,-24,3803
2026-09-21T03:30Z,3016,5908,0,978,-492,994,-514,964,-120,388,-152,1402,1424,421,3334,50,0,170,-32,3793
2026-09-21T04:00Z,3016,7269,0,532,-352,554,-514,318,-148,102,-860,1402,1424,421,3361,50,0,327,-214,4062
2026-09-21T04:30Z,3021,7968,0,508,-202,524,-492,294,-226,102,-854,1402,1424,435,3400,50,0,277,-224,4238
2026-09-21T05:00Z,3017,8207,0,404,-60,346,-374,456,-246,206,-32,1402,1424,813,3444,50,0,714,-142,3989
2026-09-21T05:30Z,3015,8657,0,418,-134,340,-456,474,-300,212,0,1400,1424,826,3468,52,0,1841,-26,3549
2026-09-21T06:00Z,3013,9048,0,822,-284,722,-514,714,-432,444,0,1400,1424,833,3494,62,0,2263,210,3653
2026-09-21T06:30Z,3024,8963,0,846,-436,746,-514,736,-452,458,0,1400,1424,837,3494,62,0,2993,226,3959
2026-09-21T07:00Z,3025,8839,0,992,-496,988,-514,980,-452,982,0,1400,1424,805,3499,56,0,2504,290,4217
2026-09-21T07:30Z,3020,8746,0,998,-480,1002,-514,992,-452,996,0,1400,1424,791,3500,55,0,1986,-6,4330
2026-09-21T08:00Z,3011,8746,0,1000,-532,1002,-514,992,-452,996,0,1400,1424,666,3499,51,0,1546,-10,4345
2026-09-21T08:30Z,3008,8813,0,1000,-510,1002,-514,992,-452,996,0,1400,1424,644,3496,50,0,1151,192,3738
2026-09-21T09:00Z,2980,8288,0,998,-532,1002,-514,992,-452,996,0,1400,1424,671,3500,50,0,720,-8,3458
2026-09-21T09:30Z,2937,7506,0,998,-514,1002,-514,992,-452,998,0,1400,1424,440,3491,50,0,797,-12,3297
2026-09-21T10:00Z,2957,7099,0,1000,-382,1002,-514,992,-452,996,0,1400,1424,387,3494,50,0,823,-12,3314
2026-09-21T10:30Z,3015,6668,0,998,-238,1002,-498,992,-452,996,0,1400,1424,387,3502,50,0,657,10,3330
2026-09-21T11:00Z,3016,6859,0,998,-258,1002,-492,992,-452,996,0,1400,1424,387,3515,50,0,617,10,3322
2026-09-21T11:30Z,3014,6754,0,998,-208,1002,-448,992,-452,996,0,1400,1424,385,3512,50,0,566,60,3496
2026-09-21T12:00Z,3010,6473,0,998,-324,1002,-452,992,-452,996,0,1400,1424,366,3513,50,0,641,218,3812
2026-09-21T12:30Z,2991,5982,0,998,-286,1002,-372,992,-452,996,0,1400,1424,366,3507,50,0,632,228,3947
2026-09-21T13:00Z,2932,6270,0,1000,-222,1002,-378,992,-452,996,0,1400,1424,366,3507,24,0,621,236,4025
2026-09-21T13:30Z,2984,7155,0,998,-174,1002,-448,992,-452,996,0,1400,1424,357,3508,0,0,458,220,4233
2026-09-21T14:00Z,2994,7791,0,998,-112,1002,-514,992,-452,996,0,1400,1424,372,3496,0,0,487,134,4321
2026-09-21T14:30Z,2978,8960,0,998,-194,1002,-514,992,-452,996,0,1400,1424,360,3493,0,0,500,118,3766
2026-09-21T15:00Z,2959,9928,0,998,-334,1002,-514,992,-414,996,0,1400,1424,403,3495,5,0,491,-18,3352
2026-09-21T15:30Z,2964,11253,0,996,-482,994,-514,990,-452,996,0,1400,1424,538,3502,11,0,884,-106,3373
2026-09-21T16:00Z,2961,12642,0,956,-532,680,-514,932,-452,982,0,1400,1424,544,3506,11,0,923,60,3218
2026-09-21T16:30Z,2972,13284,0,942,-532,654,-514,926,-452,968,0,1400,1412,560,3506,25,0,1698,270,3309
2026-09-21T17:00Z,3004,13661,0,690,-532,348,-514,860,-452,400,0,1400,1140,697,3509,87,0,2796,824,3340
2026-09-21T17:30Z,2975,13950,0,688,-532,334,-514,848,-452,382,0,1400,1130,708,3508,242,0,3154,452,3525
2026-09-21T18:00Z,2975,13605,0,870,-528,572,-514,632,-452,386,0,1402,1208,671,3509,244,0,3501,610,3604
2026-09-21T18:30Z,2970,13550,0,880,-532,592,-514,628,-452,394,0,1400,1218,685,3509,230,0,3738,600,3716
2026-09-21T19:00Z,3016,13065,0,936,-532,922,-514,788,-452,822,0,1402,1356,630,3512,185,0,2402,530,3672
2026-09-21T19:30Z,3016,13001,0,942,-532,938,-514,796,-452,826,0,1402,1356,549,3512,146,0,1583,526,3638
2026-09-21T20:00Z,3014,12978,0,968,-532,772,-514,780,-452,464,0,1402,1168,527,3534,56,0,977,436,3679
2026-09-21T20:30Z,3016,12777,0,946,-516,760,-514,758,-378,454,0,1402,1148,501,3576,1,0,384,224,3443
2026-09-21T21:00Z,3027,12449,0,438,-388,558,-514,280,-302,230,0,1402,904,476,3621,3,0,392,20,3733
2026-09-21T21:30Z,3034,11760,0,406,-238,546,-514,250,-302,224,0,1402,866,470,3645,0,0,190,24,3952
2026-09-21T22:00Z,3044,11453,0,154,-86,290,-454,94,-302,102,0,1402,244,429,3638,0,0,348,-8,3817
2026-09-21T22:30Z,3005,11132,0,144,0,278,-502,86,-228,102,0,1402,214,428,3642,0,0,288,-8,3684
2026-09-21T23:00Z,3005,11086,0,198,0,352,-514,78,-188,102,0,1402,216,429,3647,0,0,438,-166,3572
2026-09-21T23:30Z,3003,11346,0,204,0,358,-514,82,-116,102,0,1402,218,427,3649,0,0,189,-284,3676
2026-09-22T00:00Z,3005,11229,0,298,0,354,-514,152,-104,132,0,1402,220,406,3652,0,0,155,-284,3725
2026-09-22T00:30Z,3044,11140,0,300,0,356,-514,166,-64,134,0,1402,224,401,3659,0,0,258,-282,3662
2026-09-22T01:00Z,3049,10782,0,284,0,570,-514,414,-168,172,0,1402,334,387,3654,0,0,205,-282,3638
2026-09-22T01:30Z,3045,10552,0,280,0,576,-514,414,-148,170,0,1402,324,386,3655,0,0,165,-284,3655
2026-09-22T02:00Z,3044,10830,0,184,0,328,-514,118,-152,0,0,1402,-40,358,3653,0,0,151,-176,3978
2026-09-22T02:30Z,3042,10733,0,178,0,314,-514,104,-74,0,0,1402,-126,330,3654,0,0,214,-166,4103
2026-09-22T03:00Z,3044,11211,0,142,0,256,-492,104,0,-830,0,1402,-1208,347,3655,0,0,217,-170,3970
2026-09-22T03:30Z,3045,11309,0,114,0,252,-434,84,0,-1006,0,1402,-1286,352,3654,0,0,474,-654,3762
2026-09-22T04:00Z,3034,12328,0,-478,0,14,-340,-366,-14,-1014,0,1402,-1438,406,3650,0,0,599,-608,3511
2026-09-22T04:30Z,3029,13202,0,-482,0,6,-296,-368,-108,-1014,0,1402,-1446,425,3648,0,0,420,-234,3453
2026-09-22T05:00Z,3029,13529,0,-10,0,320,-178,28,-28,-932,0,1402,-1446,584,3659,0,0,654,-168,3468
2026-09-22T05:30Z,3030,13986,0,46,-14,342,-290,62,-134,-928,0,1400,-1436,588,3657,0,0,1742,-130,3594
2026-09-22T06:00Z,3028,14201,0,808,-126,558,-442,394,-284,-764,0,1400,-1206,577,3650,2,0,2236,-174,3440
2026-09-22T06:30Z,3030,14207,0,848,-116,572,-514,430,-360,-672,0,1400,-1074,564,3649,11,0,2951,-56,3399
2026-09-22T07:00Z,3030,14135,0,988,-252,818,-514,918,-448,258,0,1402,322,550,3648,1,0,967,-172,3502
2026-09-22T07:30Z,3030,13709,0,994,-354,834,-514,942,-452,280,0,1402,472,554,3646,0,0,799,-172,3484
2026-09-22T08:00Z,3038,12650,0,998,-444,992,-514,990,-452,686,0,1402,1022,397,3653,0,0,508,-170,3664
2026-09-22T08:30Z,3049,11811,0,998,-408,1002,-514,992,-452,698,0,1402,1062,387,3649,0,0,554,-170,3643
2026-09-22T09:00Z,3050,10731,0,998,-448,1002,-514,992,-452,984,0,1402,1410,327,3650,0,0,586,-170,3533
2026-09-22T09:30Z,3046,10105,0,998,-388,1002,-514,992,-452,988,0,1402,1426,350,3652,0,0,490,-170,3717
2026-09-22T10:00Z,3048,9796,0,998,-384,1002,-514,992,-452,996,0,1402,1426,411,3654,0,0,499,-150,3660
2026-09-22T10:30Z,3048,9080,0,998,-384,1002,-514,992,-452,996,0,1402,1426,417,3653,0,0,503,-168,3492
2026-09-22T11:00Z,3033,8509,0,998,-374,1002,-514,992,-452,996,0,1402,1426,402,3651,0,0,587,-140,3812
2026-09-22T11:30Z,3005,7817,0,1000,-388,1002,-514,992,-452,998,0,1402,1430,401,3679,0,0,517,-10,3519
2026-09-22T12:00Z,3001,8374,0,998,-370,1002,-514,992,-452,996,0,1402,1426,406,3722,0,0,686,-110,2902
2026-09-22T12:30Z,2975,8464,0,998,-242,1002,-514,992,-452,988,0,1402,1424,406,3729,0,0,650,-126,2537
2026-09-22T13:00Z,2952,9065,0,998,-296,1002,-514,992,-452,544,0,1402,1382,408,3732,0,0,735,-10,2397
2026-09-22T13:30Z,2943,9673,0,998,-274,1002,-514,992,-452,542,0,1402,1360,411,3733,0,0,578,-20,2196
2026-09-22T14:00Z,2930,10929,0,998,-390,1002,-514,992,-452,986,0,1402,936,425,3732,0,0,493,-18,1880
2026-09-22T14:30Z,2920,12105,0,998,-438,1002,-514,992,-428,990,0,1402,896,448,3729,1,0,672,18,1686
2026-09-22T15:00Z,2920,13565,0,998,-292,1002,-486,992,-324,576,0,1402,432,488,3729,56,0,791,-18,1490
2026-09-22T15:30Z,2923,14332,0,998,-140,1002,-514,992,-390,534,0,1402,380,502,3728,99,0,801,304,1399
2026-09-22T16:00Z,2912,14535,0,998,-14,1002,-514,992,-282,102,0,1402,-278,755,3729,301,0,1387,1262,1320
2026-09-22T16:30Z,2911,15008,0,998,0,1002,-514,992,-230,100,0,1402,-294,773,3730,587,0,1916,1498,1331
2026-09-22T17:00Z,2907,15319,0,998,0,1002,-500,984,-86,-624,0,1402,50,827,3730,613,0,2251,1508,1346
2026-09-22T17:30Z,2862,15070,0,996,0,1000,-414,978,-50,-712,0,1402,68,832,3731,635,0,2663,1508,1376
2026-09-22T18:00Z,2827,15162,0,928,-84,860,-502,856,-200,-704,0,1402,116,832,3733,635,0,3555,1360,1636
2026-09-22T18:30Z,2842,15325,0,920,-110,852,-474,850,-300,-628,0,1402,126,810,3729,599,0,3204,1502,1712
2026-09-22T19:00Z,2854,15380,0,840,-250,854,-514,822,-432,444,0,1402,334,705,3727,165,0,2070,1446,1748
2026-09-22T19:30Z,2853,15352,0,832,-322,854,-514,820,-452,484,0,1402,348,697,3732,42,0,1510,1140,1859
2026-09-22T20:00Z,2843,15102,0,722,-262,804,-514,814,-452,324,0,1402,408,588,3736,55,0,744,582,2019
2026-09-22T20:30Z,2906,14644,0,708,-110,798,-514,810,-452,306,0,1402,398,576,3734,11,0,491,160,2280
2026-09-22T21:00Z,2916,14050,0,554,-34,618,-514,686,-452,0,0,1402,120,520,3733,0,0,266,144,2323
2026-09-22T21:30Z,2913,13045,0,540,0,608,-514,670,-450,0,0,1402,124,519,3739,0,0,198,144,2453
2026-09-22T22:00Z,2911,11058,0,376,-70,618,-514,454,-450,388,0,1402,518,498,3741,0,0,296,144,2559
2026-09-22T22:30Z,2911,10197,0,364,-198,616,-514,444,-452,418,0,1402,528,498,3740,0,0,194,148,2842
2026-09-22T23:00Z,2916,10024,0,282,-106,386,-514,460,-452,254,0,1402,336,498,3738,0,0,263,148,3121
2026-09-22T23:30Z,2911,9923,0,280,-2,378,-514,450,-430,242,0,1402,304,494,3734,0,0,216,148,3477
2026-09-23T00:00Z,2909,10004,0,306,0,524,-514,198,-452,-158,0,1402,-186,495,3734,0,0,197,148,4031
2026-09-23T00:30Z,2912,9763,0,308,-12,534,-514,200,-390,-164,0,1402,-230,498,3732,0,0,197,148,4310
2026-09-23T01:00Z,2914,9691,0,326,-90,624,-514,480,-362,-380,0,1402,-696,481,3729,0,0,186,148,4726
2026-09-23T01:30Z,2862,9527,0,324,-6,626,-514,482,-362,-384,0,1402,-734,478,3725,0,0,267,148,4921
2026-09-23T02:00Z,2856,9230,0,288,0,396,-514,216,-362,-524,0,1402,-1132,462,3732,0,0,286,142,5288
2026-09-23T02:30Z,2874,9354,0,258,0,382,-514,192,-324,-528,0,1402,-1162,463,3727,0,0,422,140,5402
2026-09-23T03:00Z,2878,9309,0,-356,0,134,-514,-80,-214,-822,0,1402,-1434,463,3725,0,0,398,-2,6008
2026-09-23T03:30Z,2874,9077,0,-404,0,126,-498,-118,-108,-828,0,1402,-1448,463,3723,0,0,214,142,6994
2026-09-23T04:00Z,2869,8402,0,-896,0,294,-404,-680,-4,-1012,0,1402,-1448,466,3746,0,0,193,144,8420
2026-09-23T04:30Z,2868,7812,0,-910,0,306,-490,-702,-18,-1010,0,1402,-1436,458,3790,0,0,241,144,9171
2026-09-23T05:00Z,2610,8619,0,-724,0,306,-410,-608,-150,-714,0,1402,-1154,566,3802,0,0,750,94,8816
2026-09-23T05:30Z,2563,9611,0,-714,-82,306,-408,-578,-302,-708,0,1402,-1132,595,3805,0,0,1389,30,8206
2026-09-23T06:00Z,2564,9747,0,-678,-232,306,-512,-26,-434,-638,0,1402,-914,726,3805,0,0,1988,144,8707
2026-09-23T06:30Z,2563,10155,0,-594,-378,316,-514,24,-452,-632,0,1398,-852,742,3806,0,0,2246,256,9400
2026-09-23T07:00Z,2563,9348,0,630,-510,896,-514,548,-452,-208,0,1352,74,587,3806,0,0,808,-126,10256
2026-09-23T07:30Z,2546,7745,0,716,-532,930,-514,588,-452,-192,0,1320,200,585,3805,0,0,826,-18,10299
2026-09-23T08:00Z,2352,5831,0,986,-500,998,-514,974,-440,824,0,1034,1348,632,3804,0,0,393,-130,10475
2026-09-23T08:30Z,2449,4120,0,998,-358,1002,-514,992,-362,996,0,1036,1426,633,3801,0,0,517,-18,10474
2026-09-23T09:00Z,2358,2545,133,998,-208,1002,-514,992,-446,996,0,1368,1406,618,3187,145,0,2368,58,9609
2026-09-23T09:30Z,2649,2481,0,998,-56,1002,-514,992,-436,996,0,1402,1404,561,3712,0,0,661,-516,9979
2026-09-23T10:00Z,2670,2114,0,998,-70,1002,-514,992,-450,1046,0,1402,1370,477,3807,0,0,658,-842,9728
2026-09-23T10:30Z,2684,2135,0,998,-170,1002,-514,992,-452,1046,0,1402,1368,495,3802,0,0,937,-824,9535
2026-09-23T11:00Z,2806,2302,0,998,-268,1002,-514,992,-452,1046,0,1402,1344,413,3803,0,0,803,-744,9681
2026-09-23T11:30Z,2918,2377,0,998,-342,1002,-514,992,-452,1046,0,1402,1346,464,3805,0,0,644,-746,9682
2026-09-23T12:00Z,2921,2385,0,998,-260,1002,-514,992,-452,1046,0,1402,1420,433,3805,0,0,579,-740,9462
2026-09-23T12:30Z,2919,2423,0,998,-390,1002,-514,992,-452,1046,0,1396,1424,405,3806,0,0,537,-678,9051
2026-09-23T13:00Z,2910,2696,0,998,-516,1002,-514,992,-452,1046,0,1334,1424,411,3811,0,0,412,-408,8585
2026-09-23T13:30Z,2906,3019,0,998,-532,1002,-514,992,-452,1046,0,1326,1424,415,3838,0,0,389,-390,8635
2026-09-23T14:00Z,2461,3251,0,998,-480,1002,-514,992,-452,1044,0,1294,1424,413,3887,0,0,444,-708,8950
2026-09-23T14:30Z,2123,4524,0,996,-354,1002,-514,992,-434,870,0,1260,1204,414,3929,0,0,433,-832,9103
2026-09-23T15:00Z,2242,6557,0,974,-378,1002,-470,992,-340,-526,0,934,-640,439,3945,5,0,530,-326,9578
2026-09-23T15:30Z,2645,8480,0,916,-510,990,-512,944,-434,-580,0,942,-898,471,3943,11,0,755,-238,9819
2026-09-23T16:00Z,2968,10687,0,-122,-532,388,-514,-42,-452,0,0,1358,-1374,533,3947,11,0,761,54,9809
2026-09-23T16:30Z,2947,11326,0,-182,-532,352,-514,-118,-452,0,0,1402,-1384,628,3943,11,0,1478,636,9702
2026-09-23T17:00Z,2925,11712,0,-328,-532,332,-514,-692,-452,408,0,1402,-1092,720,3936,42,0,2073,1028,9405
2026-09-23T17:30Z,2931,12394,0,-336,-532,326,-514,-730,-452,444,0,1402,-1000,720,3938,61,0,1913,1150,9261
2026-09-23T18:00Z,2925,12269,0,-342,-532,18,-514,-1014,-452,418,0,1402,216,862,3935,61,0,2373,1146,9297
2026-09-23T18:30Z,2921,12215,0,-348,-532,0,-514,-1008,-452,424,0,1402,338,923,3934,49,0,2691,1208,9237
2026-09-23T19:00Z,2918,12113,0,-518,-532,0,-514,-542,-452,782,0,1402,1214,759,3938,11,0,1567,728,9162
2026-09-23T19:30Z,2919,12487,0,-516,-532,0,-514,-514,-452,790,0,1402,1262,704,3941,11,0,914,544,8751
2026-09-23T20:00Z,2918,11647,0,-280,-532,0,-514,-380,-452,1016,0,1402,1418,818,3942,1,0,544,644,8242
2026-09-23T20:30Z,2921,10742,0,-278,-532,0,-514,-384,-452,1020,0,1402,1426,824,3943,24,0,470,464,7892
2026-09-23T21:00Z,2920,9450,0,-394,-510,50,-454,-614,-452,940,0,1402,1426,844,3960,41,0,587,382,7402
2026-09-23T21:30Z,2921,8623,0,-398,-388,54,-366,-622,-428,940,0,1402,1426,834,3956,41,0,896,430,6676
2026-09-23T22:00Z,2849,6916,0,224,-330,328,-382,588,-426,994,0,1402,1186,818,3957,41,0,700,422,6100
2026-09-23T22:30Z,2922,6197,0,250,-210,344,-488,664,-298,996,0,1402,1186,817,3962,25,0,628,378,5308
2026-09-23T23:00Z,2925,5898,0,288,-58,444,-424,790,-146,1028,0,1402,1412,799,3965,0,0,299,370,4697
2026-09-23T23:30Z,2934,6328,0,312,0,450,-496,802,-86,1028,0,1402,1424,797,3963,0,0,230,156,4249
2026-09-24T00:00Z,2930,6227,0,810,0,570,-376,956,-82,1016,0,1402,1424,758,3967,0,0,247,80,3874
2026-09-24T00:30Z,2924,6262,0,834,0,582,-232,964,-2,1016,0,1402,1422,668,3975,0,0,257,-8,3499
2026-09-24T01:00Z,2927,6572,0,880,0,896,-268,964,68,996,0,1402,1402,537,3981,0,0,253,132,3309
2026-09-24T01:30Z,2930,6138,0,882,0,914,-234,948,100,996,0,1402,1400,466,3980,0,0,150,146,3350
2026-09-24T02:00Z,2932,5948,0,854,0,704,-112,634,100,998,0,1402,1384,452,3980,0,0,224,146,3461
2026-09-24T02:30Z,2932,5984,0,830,0,684,-84,610,66,998,0,1402,1378,533,3977,0,0,296,146,3333
2026-09-24T03:00Z,2933,6580,0,330,0,330,-2,432,0,946,0,1402,1282,723,3983,0,0,171,138,3380
2026-09-24T03:30Z,2934,6568,0,280,0,302,70,404,0,944,0,1402,1274,697,3988,0,0,176,-24,3659
2026-09-24T04:00Z,2930,7073,0,-348,0,132,120,-46,72,778,0,1402,1246,543,3984,0,0,217,-14,3592
2026-09-24T04:30Z,2931,7164,0,-378,0,120,120,-72,100,774,0,1402,1240,537,3988,0,0,245,-14,3609
2026-09-24T05:00Z,2925,7493,0,-440,0,186,114,-200,120,642,0,1400,1216,639,3991,4,0,1119,248,3915
2026-09-24T05:30Z,2920,8036,0,-418,0,196,20,-186,70,642,0,1400,1216,688,3991,5,0,2082,464,4357
2026-09-24T06:00Z,2916,8405,0,116,0,616,-74,230,-50,682,0,1400,1228,599,3989,5,0,2286,404,4612
2026-09-24T06:30Z,2918,8562,0,176,0,646,-224,278,-142,688,0,1400,1238,587,3992,5,0,2740,364,4826
2026-09-24T07:00Z,2917,8506,0,936,0,966,-362,922,-26,1042,0,1400,1418,579,3991,3,0,1624,-6,5013
2026-09-24T07:30Z,2916,8452,0,968,-16,984,-354,948,-22,1048,0,1400,1426,451,3988,0,0,1197,-166,5186
2026-09-24T08:00Z,2920,8067,0,932,-110,924,-480,846,-140,1018,0,1400,1426,449,3985,0,0,1112,-104,5077
2026-09-24T08:30Z,2929,6731,0,932,-18,922,-508,848,-56,1018,0,1400,1426,449,3987,0,0,1111,-122,5131
2026-09-24T09:00Z,2929,5344,0,994,0,922,-400,982,0,1042,0,1400,1426,440,3989,0,0,826,-132,5175
2026-09-24T09:30Z,2948,4649,0,998,0,922,-326,988,0,1042,0,1400,1426,432,3990,0,0,597,-168,5098
2026-09-24T10:00Z,2949,4295,0,998,-28,988,-460,992,-74,1046,0,1400,1426,383,3988,0,0,433,-170,5452
2026-09-24T10:30Z,2947,3883,0,998,0,1002,-514,992,-166,1046,0,1362,1426,381,3982,0,0,481,-192,5569
2026-09-24T11:00Z,2943,3748,0,998,0,1002,-514,992,-194,1046,0,984,1426,362,3982,0,0,547,-254,5555
2026-09-24T11:30Z,2945,3489,0,998,0,1002,-514,992,-136,1046,0,924,1426,374,3982,0,0,575,-756,6033
2026-09-24T12:00Z,2946,3732,0,998,0,1002,-450,992,-88,1044,0,714,1426,344,3986,0,0,766,-990,5911
2026-09-24T12:30Z,2930,3716,0,998,0,1000,-414,992,-90,1044,0,662,1426,342,4009,0,0,750,-1120,6257
2026-09-24T13:00Z,2941,3774,0,998,0,926,-414,974,-54,1042,0,332,1426,359,4003,0,0,734,-954,6479
2026-09-24T13:30Z,2941,3898,0,988,0,920,-412,952,-60,1040,0,306,1416,375,4003,0,0,581,-654,6347
2026-09-24T14:00Z,2938,4546,0,786,0,724,-312,790,-34,802,0,392,1186,374,4008,0,0,612,-598,6704
2026-09-24T14:30Z,2937,5143,0,780,0,716,-160,784,-56,786,0,442,1082,353,4004,0,0,664,-334,6817
2026-09-24T15:00Z,2948,6777,0,846,-6,672,-32,788,-8,226,0,858,-162,350,4008,5,0,606,-32,6763
2026-09-24T15:30Z,2948,8913,0,754,-56,662,-60,732,-58,152,0,942,-296,353,4008,11,0,692,-132,6956
2026-09-24T16:00Z,2933,11546,0,-570,12,332,38,-312,36,-310,0,1358,-1102,396,4011,44,0,1408,198,7202
2026-09-24T16:30Z,2932,12404,0,-640,0,312,-56,-384,-72,-334,0,1400,-1114,389,4014,159,0,2053,2,7675
2026-09-24T17:00Z,2953,12975,0,-140,0,306,-206,-706,-126,-710,0,1400,-622,455,4014,150,0,2294,46,8102
2026-09-24T17:30Z,2961,13040,0,-106,0,306,-358,-720,-130,-710,0,1400,-568,456,4014,150,0,2124,224,8989
2026-09-24T18:00Z,2950,13179,0,178,0,304,-494,-720,-166,-710,0,1400,124,459,4013,150,0,1939,-74,9344
2026-09-24T18:30Z,2952,12957,0,172,0,310,-496,-722,-300,-716,0,1400,128,457,4011,150,0,1910,38,9416
2026-09-24T19:00Z,2955,12268,0,-268,-70,716,-514,-760,-432,-894,0,1400,-510,425,4007,146,0,1967,58,9881
2026-09-24T19:30Z,2964,12045,0,-288,-222,734,-514,-760,-452,-892,0,1400,-550,427,4006,109,0,1218,-172,10257
2026-09-24T20:00Z,2967,11691,0,-308,-364,326,-500,-720,-452,-710,0,1400,-842,412,4003,92,0,940,-36,10428
2026-09-24T20:30Z,2963,10947,0,-326,-312,304,-514,-718,-452,-708,0,1400,-870,410,4006,17,0,344,-374,10881
2026-09-24T21:00Z,2939,9728,0,-698,-310,304,-514,-696,-452,-710,0,1400,-1186,381,3999,0,0,444,-392,11008
2026-09-24T21:30Z,2948,8292,0,-726,-170,298,-510,-708,-452,-730,0,1400,-1208,367,4006,0,0,240,-258,11182
2026-09-24T22:00Z,2957,7687,0,-1008,-32,16,-514,-1014,-400,-1022,0,1400,-1392,349,4008,0,0,678,64,11622
2026-09-24T22:30Z,2945,7447,0,-1016,0,0,-514,-1024,-342,-1020,0,1402,-1398,348,4018,0,0,396,-112,11552
2026-09-24T23:00Z,2929,7525,0,-926,-48,0,-514,-930,-322,-1024,0,1400,-1354,359,4003,0,0,278,-128,11513
2026-09-24T23:30Z,2966,7269,0,-914,-2,0,-514,-910,-322,-1024,0,1400,-1330,498,4008,0,0,163,-126,11596
2026-09-25T00:00Z,2951,6705,0,-742,0,90,-514,-562,-322,-884,0,1400,-822,386,4008,0,0,150,-124,11612
2026-09-25T00:30Z,2959,6375,0,-716,0,102,-514,-524,-320,-884,0,1400,-800,494,4006,0,0,165,-124,11753
2026-09-25T01:00Z,2965,6328,0,-274,-54,130,-514,-30,-322,-972,0,1400,-876,478,4010,0,0,130,-124,11535
2026-09-25T01:30Z,2959,6657,0,-248,-36,134,-514,-2,-322,-972,0,1400,-886,370,4010,0,0,152,-126,10877
2026-09-25T02:00Z,2963,6517,0,-66,-2,274,-514,140,-322,-798,0,1400,-1014,396,4007,0,0,194,-272,9979
2026-09-25T02:30Z,2959,6559,0,-64,0,278,-514,132,-322,-796,0,1400,-1038,385,4009,0,0,221,-382,9322
2026-09-25T03:00Z,2954,6641,0,-210,0,186,-514,-178,-316,-746,0,1400,-1430,393,4006,0,0,242,-198,9089
2026-09-25T03:30Z,2961,6512,0,-232,0,180,-496,-208,-272,-660,0,1400,-1448,394,4004,0,0,292,-162,8782
2026-09-25T04:00Z,2950,6521,0,-550,0,190,-396,-538,-120,0,0,1400,-1448,388,4006,0,0,257,-200,8341
2026-09-25T04:30Z,2947,7459,0,-552,-12,190,-466,-552,-120,0,0,1400,-1448,379,4009,0,0,183,-292,7949
2026-09-25T05:00Z,2960,8883,0,-326,-136,294,-394,-506,-218,-420,0,1400,-1448,380,4007,0,0,728,-94,7697
2026-09-25T05:30Z,2965,10188,0,-306,-288,300,-492,-488,-366,-422,0,1400,-1448,384,4005,0,0,1821,56,7249
2026-09-25T06:00Z,2962,10261,0,-60,-440,384,-514,-144,-452,416,0,1400,-1448,418,4007,9,0,2219,376,7172
2026-09-25T06:30Z,2967,10567,0,-2,-530,398,-514,-76,-452,498,0,1400,-1418,404,4006,25,0,3005,368,6829
2026-09-25T07:00Z,2966,10259,0,954,-532,970,-514,938,-452,938,0,1400,-740,402,4009,2,0,1273,24,6656
2026-09-25T07:30Z,2953,9717,0,998,-532,1002,-514,992,-452,936,0,1400,-524,385,4011,0,0,1196,-10,6554
2026-09-25T08:00Z,2960,8726,0,998,-532,1002,-514,992,-452,790,0,1400,1120,375,4010,0,0,1222,-10,6423
2026-09-25T08:30Z,2946,7631,0,998,-532,1002,-514,992,-452,790,0,1400,1308,409,4015,0,0,1317,-10,6249
2026-09-25T09:00Z,2952,6911,0,998,-508,1002,-514,992,-452,1040,0,1400,1420,543,4017,0,0,908,-6,6026
2026-09-25T09:30Z,2946,6275,0,998,-372,1002,-514,992,-452,1044,0,1400,1426,563,4019,0,0,650,-14,5960
2026-09-25T10:00Z,2943,6162,0,998,-220,1002,-502,992,-420,1044,0,1400,1426,520,4018,0,0,719,-598,5890
2026-09-25T10:30Z,2952,6111,0,998,-70,1002,-514,992,-438,1044,0,1400,1426,434,4013,0,0,819,-742,5778
2026-09-25T11:00Z,2949,6283,0,998,0,1002,-514,992,-372,1046,0,1400,1426,416,4017,0,0,891,-926,5277
2026-09-25T11:30Z,2946,6513,0,998,0,1002,-514,992,-340,1044,0,1400,1426,410,4020,0,0,839,-1036,5021
2026-09-25T12:00Z,2940,6567,0,998,0,1002,-514,992,-190,1046,0,1400,1426,301,4017,0,0,541,-1036,5095
2026-09-25T12:30Z,2940,6562,0,998,0,1002,-468,992,-48,1044,0,1400,1426,314,4014,0,0,543,-790,4940
2026-09-25T13:00Z,2943,6730,0,998,0,1002,-322,992,0,1046,0,1400,1426,341,4012,0,0,606,-742,4851
2026-09-25T13:30Z,2944,6532,0,998,0,1002,-170,992,0,1044,0,1400,1420,343,4011,0,0,675,-472,4547
2026-09-25T14:00Z,2949,7547,0,998,0,1002,-32,992,46,878,0,1400,1260,344,4010,0,0,741,-570,4336
2026-09-25T14:30Z,2917,8372,0,998,0,1002,54,992,24,754,0,1400,1156,345,4008,0,0,713,-222,4486
2026-09-25T15:00Z,2935,10916,0,998,18,1002,188,992,118,-256,0,1400,-146,366,4006,0,0,744,-168,4352
2026-09-25T15:30Z,2945,12618,0,990,0,994,198,990,24,-292,0,1400,-276,372,4008,8,0,641,-142,4264
2026-09-25T16:00Z,2944,13371,0,820,0,668,76,952,0,-620,0,1400,-878,463,4009,49,0,1011,494,4434
2026-09-25T16:30Z,2944,13607,0,788,0,650,-38,868,-20,-640,0,1400,-880,526,4008,58,0,1521,890,4517
2026-09-25T17:00Z,2961,13942,0,244,0,792,74,-382,58,-960,0,1400,-224,610,4009,58,0,2707,914,4298
2026-09-25T17:30Z,2964,14015,0,220,0,798,192,-450,30,-962,0,1400,-194,630,4009,58,0,2814,874,4115
2026-09-25T18:00Z,2957,14044,0,198,0,650,114,36,116,-918,0,1400,-208,648,4010,58,0,2820,1036,4145
2026-09-25T18:30Z,2966,14030,0,196,0,642,180,66,20,-916,0,1400,-202,540,4008,58,0,2137,1038,4636
2026-09-25T19:00Z,2962,13838,0,178,0,704,114,222,0,-836,0,1400,-68,529,4007,11,0,1411,796,4863
2026-09-25T19:30Z,2946,13489,0,168,0,708,66,222,-26,-836,0,1400,-76,527,4010,9,0,824,784,5025
2026-09-25T20:00Z,2955,13022,0,-28,0,598,210,26,28,-502,0,1400,-400,524,4009,3,0,412,424,5516
2026-09-25T20:30Z,2957,12190,0,-56,0,598,260,22,126,-478,0,1400,-408,501,4010,0,0,212,242,6031
2026-09-25T21:00Z,2965,11005,0,-466,0,780,260,104,24,-504,0,1400,-262,481,4008,0,0,251,90,6072
2026-09-25T21:30Z,2955,9262,0,-470,0,780,260,86,50,-504,0,1400,-230,472,4012,0,0,213,58,6569
2026-09-25T22:00Z,2968,7565,0,-168,-18,160,260,-388,-2,-554,0,1400,344,434,4006,0,0,347,-6,6740
2026-09-25T22:30Z,2969,6753,0,-148,0,124,252,-404,-128,-554,0,1400,368,443,4004,0,0,1197,88,6192
2026-09-25T23:00Z,2969,6475,0,20,0,212,130,-232,-36,-368,0,1400,264,433,4004,0,0,945,96,5736
2026-09-25T23:30Z,2968,6544,0,22,0,218,52,-212,0,-368,-2,1400,248,428,4011,0,0,402,96,5815
2026-09-26T00:00Z,2968,6592,0,-64,0,266,0,52,0,-560,-238,1400,10,378,4009,0,0,403,96,5987
2026-09-26T00:30Z,2965,6570,0,-68,0,270,8,54,0,-560,-240,1400,-2,374,4014,0,0,253,96,6161
2026-09-26T01:00Z,2965,6192,0,-76,0,474,-72,-174,0,-496,-104,1400,-96,332,4007,0,0,344,96,6259
2026-09-26T01:30Z,2953,6263,0,-82,0,480,-224,-178,-56,-498,-104,1394,-106,322,4013,0,0,449,96,5822
2026-09-26T02:00Z,2949,6278,0,-188,0,302,-316,-40,-4,-696,-222,1340,-216,311,4017,0,0,420,102,6096
2026-09-26T02:30Z,2953,6061,0,-206,0,286,-390,-38,0,-698,-224,1340,-230,311,4015,0,0,353,138,6207
2026-09-26T03:00Z,2952,6511,0,-510,0,108,-506,-126,0,-820,-470,1394,-408,312,4013,0,0,332,98,6190
2026-09-26T03:30Z,2952,6363,0,-510,0,98,-494,-136,0,-820,-470,1400,-414,317,4016,0,0,319,166,6183
2026-09-26T04:00Z,2949,5835,0,-250,0,294,-484,-256,0,-692,-156,1400,-372,318,4014,0,0,308,-4,5966
2026-09-26T04:30Z,2955,5464,0,-232,0,306,-514,-260,-44,-690,-152,1400,-364,319,4010,0,0,487,198,5747
2026-09-26T05:00Z,2955,5668,0,-56,0,398,-514,-214,-108,-580,-40,1400,-244,349,4010,0,0,663,294,5498
2026-09-26T05:30Z,2934,6176,0,-36,0,408,-514,-196,-210,-526,-36,1400,-222,357,4007,0,0,926,298,5256
2026-09-26T06:00Z,2954,5548,0,248,-26,588,-498,116,-166,296,138,1400,118,375,4004,0,0,915,162,5102
2026-09-26T06:30Z,2954,5974,0,288,-164,602,-404,158,-300,362,140,1400,174,376,4008,0,0,857,216,5215
2026-09-26T07:00Z,2952,4770,0,876,-316,862,-496,774,-432,828,234,1400,1058,376,4009,0,0,417,144,5689
2026-09-26T07:30Z,2954,4146,0,904,-342,878,-514,810,-452,828,236,1386,1106,369,4009,0,0,437,140,5872
2026-09-26T08:00Z,2715,3485,0,994,-422,994,-514,980,-452,986,412,1240,1276,353,4014,0,0,425,82,5887
2026-09-26T08:30Z,2195,3043,0,998,-476,1000,-514,988,-452,986,426,1214,1290,351,4017,0,0,570,-390,6068
2026-09-26T09:00Z,1706,2451,0,998,-332,1000,-514,992,-420,1046,952,1104,1418,321,4016,0,0,557,-910,6059
2026-09-26T09:30Z,1480,2216,0,998,-180,1000,-514,992,-370,1046,966,1052,1424,318,4016,0,0,496,-1050,5900
2026-09-26T10:00Z,1450,2140,0,998,-44,1000,-514,992,-446,1042,1016,634,1424,286,4025,0,0,502,-1182,5931
2026-09-26T10:30Z,1451,2134,0,998,0,1000,-514,992,-414,1042,1018,590,1424,283,4029,0,0,545,-1392,6029
2026-09-26T11:00Z,1272,2139,0,998,0,1000,-468,992,-288,1044,1018,576,1424,264,4020,0,0,575,-1454,6094
2026-09-26T11:30Z,1091,2132,0,998,0,1000,-362,992,-346,1046,1014,542,1424,263,4024,0,0,596,-1456,5887
2026-09-26T12:00Z,1092,2145,0,998,-16,1000,-212,992,-300,1022,792,224,1422,245,4020,0,0,689,-1442,5577
2026-09-26T12:30Z,1111,2137,0,992,-108,998,-68,976,-158,856,764,168,1320,244,4021,0,0,552,-1436,5345
2026-09-26T13:00Z,1197,2161,0,876,-18,796,74,626,-22,0,26,-72,-18,244,4013,0,0,897,-1022,6037
2026-09-26T13:30Z,1239,2202,0,876,0,786,202,626,34,0,2,-56,-140,245,4012,0,0,998,-1012,6159
2026-09-26T14:00Z,1610,2253,0,992,28,992,220,976,142,-688,234,358,-456,243,4015,0,0,753,-992,6290
2026-09-26T14:30Z,1955,2861,0,990,0,1000,220,988,136,-800,234,442,-512,250,4010,0,0,712,-690,6237
2026-09-26T15:00Z,2490,4479,0,832,40,798,220,894,150,-1060,2,858,-1408,307,4007,0,0,590,-16,6427
2026-09-26T15:30Z,2857,6820,0,790,0,778,168,848,76,-1064,0,942,-1432,324,4006,0,0,565,-10,6370
2026-09-26T16:00Z,2919,8997,0,-4,-28,290,28,-86,-4,-942,94,1358,-1040,595,4007,1,0,997,706,6556
2026-09-26T16:30Z,2942,9693,0,-50,0,266,-72,-156,-44,-940,94,1400,-1010,605,4008,9,0,1773,574,6695
2026-09-26T17:00Z,2937,10371,0,-304,0,586,-198,-698,0,-852,0,1400,-758,677,4007,9,0,2455,382,6736
2026-09-26T17:30Z,2943,10848,0,-302,0,606,-348,-716,-10,-838,2,1400,-726,676,4007,9,0,2374,494,6787
2026-09-26T18:00Z,2946,10285,0,-74,0,610,-488,-548,-130,-278,168,1400,-292,676,4006,9,0,2195,486,6928
2026-09-26T18:30Z,2945,10501,0,-74,0,612,-512,-538,-232,-262,170,1400,-278,599,4008,9,0,1619,690,7121
2026-09-26T19:00Z,2938,11061,0,-266,0,630,-514,-486,-340,-180,222,1400,-444,521,4011,46,0,940,810,7375
2026-09-26T19:30Z,2950,10556,0,-292,0,630,-514,-484,-266,-190,222,1400,-462,508,4008,31,0,528,716,7784
2026-09-26T20:00Z,2951,10735,0,-644,0,582,-514,-464,-128,-720,52,1400,-698,508,4008,0,0,463,666,7726
2026-09-26T20:30Z,2968,10179,0,-656,0,578,-450,-474,-140,-732,52,1400,-706,509,4011,0,0,230,666,7378
2026-09-26T21:00Z,2969,9126,0,-592,0,374,-336,-694,-22,-490,56,1400,-670,488,4010,0,0,434,414,7336
2026-09-26T21:30Z,2968,7905,0,-574,0,358,-222,-686,0,-488,50,1400,-648,486,4009,0,0,450,412,7154
2026-09-26T22:00Z,2955,7113,0,-244,0,26,-204,-256,-22,-530,-366,1400,-200,469,4011,0,0,594,190,6993
2026-09-26T22:30Z,2950,6825,0,-226,0,2,-126,-232,0,-530,-372,1400,-178,455,4012,0,0,406,2,6973
2026-09-26T23:00Z,2934,6598,0,-158,0,56,-178,-176,0,-520,-282,1400,-144,424,4010,0,0,489,-8,6747
2026-09-26T23:30Z,2889,6188,0,-162,0,66,-96,-186,0,-518,-280,1400,-142,424,4011,0,0,427,-8,6677
2026-09-27T00:00Z,2920,5656,0,-336,0,204,-6,-466,0,-332,-168,1400,-174,551,4001,0,0,426,-34,6598
2026-09-27T00:30Z,2916,5728,0,-330,0,212,38,-466,0,-332,-168,1402,-190,459,4006,0,0,254,-132,6751
2026-09-27T01:00Z,2934,5560,0,-28,0,206,-10,-138,-8,-654,-360,1402,-546,402,4011,0,0,325,-130,6749
2026-09-27T01:30Z,2947,5242,0,-34,0,206,-60,-138,0,-660,-368,1402,-560,401,4012,0,0,315,-46,6656
2026-09-27T02:00Z,2951,5494,0,-472,0,206,0,-480,0,-628,-684,1400,-484,368,4013,0,0,346,-96,6850
2026-09-27T02:30Z,2948,5100,0,-484,0,202,8,-508,0,-628,-688,1386,-486,366,4011,0,0,378,-100,6945
2026-09-27T03:00Z,2960,5231,0,-304,0,14,0,-764,0,-738,-692,1242,-648,333,4009,0,0,391,38,7191
2026-09-27T03:30Z,2953,5223,0,-306,0,2,0,-776,0,-740,-698,1188,-672,336,4019,0,0,263,-134,7659
2026-09-27T04:00Z,2960,5457,0,-514,0,60,-14,-764,0,-896,-1018,770,-1050,366,4015,0,0,404,-136,8085
2026-09-27T04:30Z,2960,5463,0,-518,0,64,-134,-748,-20,-896,-1022,690,-1064,367,4019,0,0,379,-288,8464
2026-09-27T05:00Z,2962,5122,0,-428,-54,124,-286,-416,-150,-762,-1022,314,-970,367,4016,0,0,515,-204,8957
2026-09-27T05:30Z,2961,5059,0,-408,-202,126,-438,-386,-200,-758,-1014,316,-914,368,4016,0,0,973,-294,9205
2026-09-27T06:00Z,2643,4582,0,-50,-354,6,-514,-50,-328,-522,-606,732,18,375,4019,0,0,667,-892,9637
2026-09-27T06:30Z,2439,4236,0,-30,-496,10,-514,-22,-444,-478,-578,734,94,343,4018,0,0,1237,-980,10264
2026-09-27T07:00Z,2354,3847,0,76,-532,372,-514,260,-452,226,60,318,592,303,4018,0,0,656,-1030,10473
2026-09-27T07:30Z,2314,3738,0,98,-532,406,-514,296,-452,240,86,252,632,321,4016,0,0,514,-1310,11135
2026-09-27T08:00Z,2190,2728,0,482,-532,838,-514,806,-452,374,476,18,988,313,4015,0,0,392,-1440,11428
2026-09-27T08:30Z,2015,2549,0,504,-532,864,-514,832,-452,380,484,-48,990,310,4012,0,0,388,-1406,11892
2026-09-27T09:00Z,1793,2289,0,652,-532,876,-514,846,-452,784,580,-468,610,305,4008,0,0,552,-1268,12230
2026-09-27T09:30Z,1762,2274,0,654,-532,868,-514,842,-452,792,580,-504,604,299,4006,0,0,551,-1266,12600
2026-09-27T10:00Z,1841,2229,0,568,-532,538,-514,734,-452,802,520,-422,886,275,4001,0,0,825,-1036,12570
2026-09-27T10:30Z,2057,1964,0,570,-532,520,-514,736,-452,802,520,-402,912,274,4004,0,0,742,-1246,12854
2026-09-27T11:00Z,2099,1993,0,678,-532,784,-514,874,-452,950,458,-288,1174,274,4002,0,0,527,-992,13147
2026-09-27T11:30Z,2116,2009,0,682,-532,804,-514,886,-452,952,462,-274,1196,276,4003,0,0,563,-1134,13157
2026-09-27T12:00Z,2102,2073,0,688,-532,986,-514,988,-452,1044,792,-256,1416,258,4011,0,0,472,-1120,13055
2026-09-27T12:30Z,2041,2028,0,686,-502,1000,-514,992,-452,1044,798,-252,1428,257,4016,0,0,655,-1232,13207
2026-09-27T13:00Z,1732,2013,0,594,-362,1000,-514,992,-444,1044,956,-232,1428,257,4018,0,0,511,-1128,14016
