timestamp,NSW1_demand,NSW1_price,QLD1_demand,QLD1_price,VIC1_demand,VIC1_price,SA1_demand,SA1_price,TAS1_demand,TAS1_price
2026-07-31T14:05Z,8898.91,89.88,6053.26,75.3,6486.74,92.76,1609.42,94.47,1092.89,83.65
2026-07-31T14:10Z,9032.33,95.05,6038.46,79.61,6480.36,99.19,1623.69,101.02,1098.81,89.44
2026-07-31T14:15Z,8989.12,88.88,5977.62,73.92,6548.49,122.37,1620.74,123.29,1091.64,110.33
2026-07-31T14:20Z,9036.72,88.88,5931.32,72.07,6490.39,99.19,1637.87,101.02,1088.45,89.15
2026-07-31T14:25Z,8946.67,84.79,5900.98,69.35,6486.28,91.5,1634.05,93.14,1084.79,82.24
2026-07-31T14:30Z,8995.51,88.48,5866.75,69.35,6432.05,90.56,1629.08,92.45,1078.75,81.14
2026-07-31T14:35Z,8955.41,88.56,5906.06,72.5,6380.27,90.56,1613.44,92.52,1085.31,81.41
2026-07-31T14:40Z,8894.21,88.88,5882.14,72.5,6361.33,90.99,1632.73,97.47,1084.06,81.81
2026-07-31T14:45Z,8825.49,81.17,5851.43,67.83,6256.39,81.7,1622.11,89.0,1082.33,73.23
2026-07-31T14:50Z,8821.45,81.74,5800.69,67.83,6243.83,82.24,1615.7,89.59,1074.69,73.48
2026-07-31T14:55Z,8700.11,79.98,5788.13,67.21,6260.68,80.5,1602.61,82.03,1082.48,72.15
2026-07-31T15:00Z,8677.44,79.33,5751.07,61.73,6233.54,80.5,1602.55,81.76,1079.12,72.16
2026-07-31T15:05Z,8539.87,73.08,5746.42,57.23,6182.09,75.4,1595.61,76.61,1073.16,67.59
2026-07-31T15:10Z,8506.36,73.93,5772.51,61.73,6172.99,75.4,1574.25,76.82,1074.53,67.59
2026-07-31T15:15Z,8499.3,78.78,5690.6,57.23,6169.3,80.5,1563.37,86.23,1075.3,72.16
2026-07-31T15:20Z,8457.29,80.7,5697.83,57.23,6172.61,81.68,1531.27,87.5,1066.99,73.22
2026-07-31T15:25Z,8404.18,78.07,5709.71,57.23,6099.0,79.71,1544.15,85.38,1067.97,71.46
2026-07-31T15:30Z,8355.44,73.32,5625.09,53.75,6032.61,75.4,1541.77,101.0,1066.0,67.61
2026-07-31T15:35Z,8310.52,78.2,5643.58,57.23,6063.93,80.5,1538.33,86.23,1068.74,72.41
2026-07-31T15:40Z,8274.69,79.53,5660.4,57.23,5955.92,80.5,1541.16,84.79,1067.72,72.19
2026-07-31T15:45Z,8214.6,80.65,5654.65,59.12,5979.77,81.63,1529.92,82.5,1065.03,73.2
2026-07-31T15:50Z,8235.27,81.38,5576.1,53.75,5917.67,81.63,1524.62,82.21,1062.02,73.21
2026-07-31T15:55Z,8149.09,80.66,5571.46,53.75,5871.88,81.63,1537.63,82.32,1060.87,73.21
2026-07-31T16:00Z,8051.45,69.99,5558.77,48.3,5866.75,72.0,1526.23,72.29,1064.47,64.58
2026-07-31T16:05Z,8020.47,78.88,5517.79,55.89,5863.2,80.5,1526.36,80.84,1061.22,72.2
2026-07-31T16:10Z,8078.24,88.88,5546.96,67.23,5840.89,89.89,1518.03,90.02,1062.64,80.63
2026-07-31T16:15Z,8023.28,80.99,5506.65,55.53,5726.97,80.5,1502.56,80.51,1057.39,72.22
2026-07-31T16:20Z,8027.22,81.73,5488.84,55.53,5708.97,80.5,1489.88,80.44,1059.28,72.22
2026-07-31T16:25Z,8004.17,83.34,5485.49,55.15,5752.4,82.8,1493.86,83.35,1057.11,74.27
2026-07-31T16:30Z,7998.59,84.79,5559.07,64.29,5713.05,84.2,1500.11,85.11,1056.96,75.54
2026-07-31T16:35Z,7938.94,83.34,5547.39,61.73,5712.92,83.41,1484.97,83.6,1057.95,74.83
2026-07-31T16:40Z,7945.07,80.43,5550.86,55.53,5708.59,80.5,1483.99,81.33,1060.83,72.22
2026-07-31T16:45Z,7920.74,74.17,5488.94,54.37,5668.67,75.4,1478.41,75.87,1058.7,67.65
2026-07-31T16:50Z,7808.95,83.34,5497.74,55.53,5664.96,97.51,1467.87,101.0,1062.31,87.49
2026-07-31T16:55Z,7855.29,78.54,5454.73,55.53,5562.56,80.5,1475.26,92.45,1060.59,72.01
2026-07-31T17:00Z,7766.16,64.95,5533.25,54.1,5569.99,65.49,1459.9,65.7,1055.04,40.18
2026-07-31T17:05Z,7784.2,74.78,5516.52,60.63,5569.67,75.4,1467.43,75.94,1056.71,67.45
2026-07-31T17:10Z,7732.75,69.99,5536.6,57.57,5550.97,71.16,1470.4,71.98,1051.83,63.44
2026-07-31T17:15Z,7763.24,79.2,5511.64,57.23,5542.56,80.5,1472.19,81.76,1058.05,72.24
2026-07-31T17:20Z,7737.55,78.56,5546.75,64.62,5584.43,80.5,1462.51,101.0,1052.13,72.24
2026-07-31T17:25Z,7773.58,83.34,5455.87,61.1,5590.26,86.1,1463.19,101.0,1049.36,77.26
2026-07-31T17:30Z,7747.69,77.88,5503.32,61.73,5555.55,80.5,1467.24,93.81,1050.04,72.24
2026-07-31T17:35Z,7663.04,65.04,5512.19,54.16,5545.86,66.16,1468.35,66.69,1052.49,59.38
2026-07-31T17:40Z,7633.8,76.13,5565.21,61.73,5563.33,79.4,1477.68,101.0,1052.57,71.48
2026-07-31T17:45Z,7714.42,74.18,5494.83,55.53,5547.78,75.4,1460.52,75.95,1059.77,68.1
2026-07-31T17:50Z,7693.99,74.22,5519.74,60.18,5487.45,75.4,1462.92,78.1,1055.76,67.89
2026-07-31T17:55Z,7712.71,77.94,5511.97,55.53,5520.62,80.5,1464.38,101.0,1054.49,72.01
2026-07-31T18:00Z,7642.53,64.52,5538.49,53.75,5484.42,66.09,1452.83,67.32,1053.66,59.32
2026-07-31T18:05Z,7687.95,77.32,5494.0,55.53,5506.11,80.5,1457.03,81.42,1058.36,72.25
2026-07-31T18:10Z,7736.44,78.62,5525.08,55.53,5584.99,80.5,1448.96,80.62,1052.96,72.47
2026-07-31T18:15Z,7740.18,79.34,5549.18,57.23,5506.38,80.5,1443.52,80.66,1048.01,72.25
2026-07-31T18:20Z,7761.51,79.33,5534.04,54.33,5577.58,80.5,1442.74,81.21,1044.26,72.47
2026-07-31T18:25Z,7667.8,77.19,5518.51,55.53,5584.12,79.69,1456.98,80.44,1045.45,71.74
2026-07-31T18:30Z,7744.61,79.31,5556.64,55.53,5605.13,80.5,1446.32,80.62,1047.32,72.7
2026-07-31T18:35Z,7716.82,74.29,5582.61,55.53,5584.27,75.4,1440.78,80.44,1054.57,68.1
2026-07-31T18:40Z,7711.06,79.45,5592.67,56.3,5528.68,79.98,1443.35,80.44,1060.12,72.47
2026-07-31T18:45Z,7653.34,79.31,5542.57,53.75,5584.47,80.5,1431.45,100.44,1061.98,72.47
2026-07-31T18:50Z,7706.78,84.79,5620.33,61.73,5587.05,86.09,1443.69,87.68,1071.01,77.75
2026-07-31T18:55Z,7721.62,83.99,5640.27,57.52,5585.12,84.49,1426.54,87.51,1071.13,76.07
2026-07-31T19:00Z,7742.16,84.79,5582.94,55.53,5637.57,86.68,1423.18,89.77,1070.97,78.03
2026-07-31T19:05Z,7769.09,80.06,5646.1,55.53,5629.09,80.5,1420.55,83.38,1072.0,72.0
2026-07-31T19:10Z,7773.89,84.79,5658.61,57.23,5692.29,86.72,1426.81,92.9,1080.93,77.56
2026-07-31T19:15Z,7851.7,93.3,5660.26,61.73,5719.33,95.36,1412.92,100.44,1077.46,85.28
2026-07-31T19:20Z,7880.25,88.88,5698.59,62.98,5645.1,90.04,1411.2,96.45,1081.34,80.53
2026-07-31T19:25Z,7874.49,84.79,5794.9,67.84,5656.68,85.89,1408.65,92.01,1084.47,76.82
2026-07-31T19:30Z,7782.42,81.55,5766.94,67.28,5743.14,82.05,1409.26,92.45,1087.71,73.62
2026-07-31T19:35Z,7917.96,81.98,5734.79,62.16,5786.57,80.5,1419.23,92.24,1096.25,71.99
2026-07-31T19:40Z,7985.51,84.79,5798.08,70.4,5741.97,83.21,1420.93,92.45,1102.27,74.42
2026-07-31T19:45Z,8004.22,83.37,5864.11,69.28,5769.63,80.5,1415.79,87.69,1103.76,72.45
2026-07-31T19:50Z,7991.13,87.21,5886.95,72.5,5830.95,86.31,1439.55,92.45,1106.3,77.67
2026-07-31T19:55Z,7907.97,84.79,5894.27,70.5,5903.5,84.06,1434.81,92.45,1108.72,75.64
2026-07-31T20:00Z,8051.05,97.64,5900.2,70.99,5949.14,98.36,1444.83,100.44,1113.87,88.51
2026-07-31T20:05Z,8095.71,83.99,5880.24,67.84,5993.09,83.26,1444.01,92.45,1113.57,74.67
2026-07-31T20:10Z,8180.41,84.79,5968.08,67.84,6039.03,84.05,1446.0,92.45,1124.49,75.37
2026-07-31T20:15Z,8276.37,89.96,5965.38,70.54,6009.2,89.15,1449.22,100.44,1131.01,79.95
2026-07-31T20:20Z,8312.95,89.21,6060.35,74.31,6082.26,89.15,1444.52,100.44,1130.23,79.94
2026-07-31T20:25Z,8402.22,97.64,6086.84,78.54,6183.24,98.42,1450.54,97.49,1142.17,88.53
2026-07-31T20:30Z,8559.25,97.64,6066.06,78.54,6231.0,102.36,1466.64,101.02,1144.36,92.07
2026-07-31T20:35Z,8601.59,86.0,6122.12,71.68,6200.34,85.35,1487.6,101.02,1148.35,76.52
2026-07-31T20:40Z,8658.13,84.95,6180.8,64.95,6348.6,84.91,1460.56,86.48,1147.68,76.11
2026-07-31T20:45Z,8733.39,81.28,6236.93,67.84,6347.95,81.27,1480.8,81.03,1159.74,72.85
2026-07-31T20:50Z,8793.38,90.49,6261.25,64.95,6464.37,90.61,1497.05,93.85,1160.36,81.46
2026-07-31T20:55Z,8836.37,90.49,6210.11,64.95,6524.93,90.65,1506.6,89.99,1168.63,81.49
2026-07-31T21:00Z,8871.66,90.49,6209.24,64.95,6516.4,102.4,1529.26,101.02,1175.53,92.65
2026-07-31T21:05Z,8985.17,87.79,6236.44,74.67,6561.73,84.51,1524.74,92.45,1186.01,76.22
2026-07-31T21:10Z,9036.96,88.87,6285.57,72.5,6571.19,84.91,1545.0,97.29,1176.8,76.57
2026-07-31T21:15Z,9092.25,90.17,6331.09,67.83,6708.91,84.91,1559.63,95.67,1186.98,76.8
2026-07-31T21:20Z,9244.01,90.48,6239.82,59.87,6701.57,84.51,1578.07,84.51,1191.49,76.44
2026-07-31T21:25Z,9253.06,90.49,6201.0,61.73,6792.92,84.91,1610.05,95.67,1206.82,77.04
2026-07-31T21:30Z,9317.38,28.01,6221.05,21.24,6857.0,84.91,1616.54,90.96,1214.21,77.03
2026-07-31T21:35Z,9422.53,67.99,6180.55,37.74,6901.67,84.91,1631.53,101.02,1224.9,76.78
2026-07-31T21:40Z,9356.11,42.54,6158.84,13.27,7044.82,84.91,1633.18,94.07,1236.02,77.01
2026-07-31T21:45Z,9422.14,57.39,6115.94,8.0,7101.78,98.48,1664.15,102.0,1248.08,89.31
2026-07-31T21:50Z,9383.13,52.25,6035.15,22.85,7144.57,105.78,1688.34,107.73,1255.81,96.23
2026-07-31T21:55Z,9300.13,47.38,5994.18,22.85,7161.18,89.0,1703.37,100.44,1260.02,80.96
2026-07-31T22:00Z,9285.34,44.44,5934.22,22.85,7182.4,98.48,1717.78,101.04,1272.93,89.87
2026-07-31T22:05Z,9366.55,69.99,5890.23,13.27,7129.56,84.91,1712.64,98.95,1270.94,77.25
2026-07-31T22:10Z,9352.66,64.95,5839.22,26.81,7206.92,84.91,1715.74,86.48,1282.56,77.48
2026-07-31T22:15Z,9329.8,42.08,5768.33,6.81,7199.99,84.51,1712.64,92.45,1293.69,77.12
2026-07-31T22:20Z,9391.9,44.44,5714.39,2.8,7131.96,69.48,1688.02,80.97,1288.81,63.41
2026-07-31T22:25Z,9372.92,44.44,5652.99,0.14,7185.06,69.48,1698.81,88.12,1281.84,63.41
2026-07-31T22:30Z,9322.57,42.54,5584.88,0.14,7139.5,65.68,1675.39,83.3,1278.92,59.94
2026-07-31T22:35Z,9275.7,53.82,5541.14,2.8,7101.03,53.99,1658.52,54.4,1274.31,49.27
2026-07-31T22:40Z,9127.79,74.46,5481.41,6.81,7019.95,69.48,1663.87,69.58,1273.33,64.43
2026-07-31T22:45Z,8984.34,88.88,5396.77,2.79,6913.67,41.14,1631.02,41.28,1260.26,38.03
2026-07-31T22:50Z,8971.96,98.19,5357.75,2.8,6917.83,21.12,1619.63,21.02,1258.77,25.18
2026-07-31T22:55Z,8897.1,83.99,5307.91,0.14,6868.72,0.0,1590.97,0.0,1247.46,25.18
2026-07-31T23:00Z,8899.73,84.79,5184.15,2.8,6770.87,8.94,1574.06,8.96,1241.92,25.18
2026-07-31T23:05Z,8887.4,106.52,5047.84,0.14,6746.64,8.94,1534.37,8.84,1237.04,25.18
2026-07-31T23:10Z,8902.87,99.75,4975.08,0.13,6706.96,10.5,1514.99,10.45,1235.59,25.18
2026-07-31T23:15Z,8812.17,83.99,4874.77,0.13,6674.61,8.94,1467.34,8.67,1226.18,25.18
2026-07-31T23:20Z,8779.11,83.99,5011.43,0.13,6521.56,10.5,1429.14,10.46,1211.33,25.18
2026-07-31T23:25Z,8720.81,84.79,5031.12,0.01,6424.42,0.0,1381.74,0.0,1200.43,25.18
2026-07-31T23:30Z,8631.39,83.99,4989.22,0.13,6422.32,0.01,1372.22,0.01,1200.69,25.18
2026-07-31T23:35Z,8524.28,88.88,4918.1,0.0,6314.85,14.51,1348.13,14.19,1198.07,25.18
2026-07-31T23:40Z,8514.26,84.79,4917.81,0.13,6261.53,10.5,1298.2,10.28,1192.91,25.18
2026-07-31T23:45Z,8548.26,73.2,4802.84,0.01,6160.9,10.5,1263.92,10.34,1187.87,25.18
2026-07-31T23:50Z,8503.73,28.23,4807.32,0.0,6005.47,28.73,1220.57,28.15,1173.02,27.18
2026-07-31T23:55Z,8508.34,65.0,4746.57,-1.31,5919.5,62.34,1167.08,60.47,1169.81,58.08
