period,AECI_D,AECI_DF,AECI_NG,AECI_TI,AVA_D,AVA_DF,AVA_NG,AVA_TI,AVRN_NG,AVRN_TI,AZPS_D,AZPS_DF,AZPS_NG,AZPS_TI,BANC_D,BANC_DF,BANC_NG,BANC_TI,BHBA_D,BHBA_DF,BHBA_NG,BHBA_TI,BPAT_D,BPAT_DF,BPAT_NG,BPAT_TI,CAL_D,CAL_DF,CAL_NG,CAL_TI,CAR_D,CAR_DF,CAR_NG,CAR_TI,CENT_D,CENT_DF,CENT_NG,CENT_TI,CHPD_D,CHPD_DF,CHPD_NG,CHPD_TI,CISO_D,CISO_DF,CISO_NG,CISO_TI,CPLE_D,CPLE_DF,CPLE_NG,CPLE_TI,CPLW_D,CPLW_DF,CPLW_NG,CPLW_TI,DEAA_NG,DEAA_TI,DOPD_D,DOPD_DF,DOPD_NG,DOPD_TI,DUK_D,DUK_DF,DUK_NG,DUK_TI,EPE_D,EPE_DF,EPE_NG,EPE_TI,ERCO_D,ERCO_DF,ERCO_NG,ERCO_TI,FLA_D,FLA_DF,FLA_NG,FLA_TI,FMPP_D,FMPP_DF,FMPP_NG,FMPP_TI,FPC_D,FPC_DF,FPC_NG,FPC_TI,FPL_D,FPL_DF,FPL_NG,FPL_TI,GCPD_D,GCPD_DF,GCPD_NG,GCPD_TI,GRID_NG,GRID_TI,GVL_D,GVL_DF,GVL_NG,GVL_TI,GWA_NG,GWA_TI,HST_D,HST_DF,HST_NG,HST_TI,IID_D,IID_DF,IID_NG,IID_TI,IPCO_D,IPCO_DF,IPCO_NG,IPCO_TI,ISNE_D,ISNE_DF,ISNE_NG,ISNE_TI,JEA_D,JEA_DF,JEA_NG,JEA_TI,LDWP_D,LDWP_DF,LDWP_NG,LDWP_TI,LGEE_D,LGEE_DF,LGEE_NG,LGEE_TI,MIDA_D,MIDA_DF,MIDA_NG,MIDA_TI,MIDW_D,MIDW_DF,MIDW_NG,MIDW_TI,MISO_D,MISO_DF,MISO_NG,MISO_TI,NEVP_D,NEVP_DF,NEVP_NG,NEVP_TI,NE_D,NE_DF,NE_NG,NE_TI,NWMT_D,NWMT_DF,NWMT_NG,NWMT_TI,NW_D,NW_DF,NW_NG,NW_TI,NYIS_D,NYIS_DF,NYIS_NG,NYIS_TI,NY_D,NY_DF,NY_NG,NY_TI,PACE_D,PACE_DF,PACE_NG,PACE_TI,PACW_D,PACW_DF,PACW_NG,PACW_TI,PGE_D,PGE_DF,PGE_NG,PGE_TI,PJM_D,PJM_DF,PJM_NG,PJM_TI,PNM_D,PNM_DF,PNM_NG,PNM_TI,PSCO_D,PSCO_DF,PSCO_NG,PSCO_TI,PSEI_D,PSEI_DF,PSEI_NG,PSEI_TI,SCEG_D,SCEG_DF,SCEG_NG,SCEG_TI,SCL_D,SCL_DF,SCL_NG,SCL_TI,SC_D,SC_DF,SC_NG,SC_TI,SEC_D,SEC_DF,SEC_NG,SEC_TI,SEPA_NG,SEPA_TI,SE_D,SE_DF,SE_NG,SE_TI,SIKE_NG,SIKE_TI,SOCO_D,SOCO_DF,SOCO_NG,SOCO_TI,SPA_D,SPA_DF,SPA_NG,SPA_TI,SRP_D,SRP_DF,SRP_NG,SRP_TI,SWPP_D,SWPP_DF,SWPP_NG,SWPP_TI,SWPW_D,SWPW_DF,SWPW_NG,SWPW_TI,SW_D,SW_DF,SW_NG,SW_TI,TAL_D,TAL_DF,TAL_NG,TAL_TI,TEC_D,TEC_DF,TEC_NG,TEC_TI,TEN_D,TEN_DF,TEN_NG,TEN_TI,TEPC_D,TEPC_DF,TEPC_NG,TEPC_TI,TEX_D,TEX_DF,TEX_NG,TEX_TI,TIDC_D,TIDC_DF,TIDC_NG,TIDC_TI,TPWR_D,TPWR_DF,TPWR_NG,TPWR_TI,TVA_D,TVA_DF,TVA_NG,TVA_TI,US48_D,US48_DF,US48_NG,US48_TI,WALC_D,WALC_DF,WALC_NG,WALC_TI,YAD_NG,YAD_TI
2026-10-01T00:00Z,3105.0,3122.0,3514.0,409.0,1325.0,1362.0,1048.0,-277.0,898.0,898.0,4788.0,4941.0,3931.0,-857.0,3141.0,2984.0,2124.0,-1017.0,930.0,857.0,944.0,14.0,7086.0,7095.0,8163.0,1077.0,45017.0,41945.0,34625.0,-7010.0,31227.0,31584.0,29068.0,-2205.0,40092.0,41454.0,41960.0,1868.0,199.0,192.0,745.0,546.0,36278.0,34134.0,28123.0,-4792.0,8678.0,8697.0,6637.0,-2041.0,569.0,556.0,536.0,-33.0,294.0,294.0,264.0,262.0,334.0,70.0,14710.0,14885.0,15241.0,531.0,1116.0,1145.0,850.0,-266.0,75544.0,76185.0,75441.0,-102.0,37940.0,36913.0,37598.0,-337.0,2701.0,2950.0,2679.0,-22.0,8931.0,6831.0,7220.0,-1711.0,19698.0,20598.0,19997.0,299.0,757.0,696.0,854.0,98.0,1871.0,1871.0,363.0,259.0,381.0,25.0,158.0,,86.0,72.0,0.0,-86.0,692.0,,918.0,239.0,2283.0,2240.0,2215.0,-68.0,14400.0,14650.0,15527.0,1127.0,2083.0,2089.0,1405.0,-678.0,4381.0,4286.0,3064.0,-1317.0,5039.0,4849.0,4895.0,-144.0,103443.0,102529.0,104392.0,510.0,98375.0,100508.0,92346.0,-7780.0,90231.0,92537.0,83905.0,-8077.0,5960.0,5831.0,5334.0,-626.0,14400.0,14650.0,15527.0,1127.0,1289.0,1303.0,2726.0,1437.0,44275.0,40382.0,44989.0,557.0,18334.0,18306.0,16654.0,-1680.0,18334.0,18306.0,16654.0,-1680.0,6545.0,6811.0,7452.0,907.0,2503.0,2479.0,1233.0,-1270.0,2769.0,2770.0,853.0,-1916.0,103443.0,102529.0,104392.0,510.0,1692.0,1625.0,2034.0,399.0,5351.0,4011.0,5885.0,534.0,2662.0,,560.0,-2102.0,3460.0,3403.0,3812.0,352.0,1021.0,1055.0,651.0,-370.0,3810.0,4043.0,2684.0,-1167.0,323.0,317.0,2140.0,1816.0,274.0,274.0,33248.0,34364.0,37460.0,4212.0,32.0,32.0,33248.0,34364.0,37186.0,3938.0,,,,,4207.0,4879.0,7413.0,3351.0,40092.0,41454.0,41960.0,1868.0,2849.0,2936.0,2805.0,-44.0,14392.0,15547.0,17057.0,2867.0,482.0,457.0,482.0,0.0,3273.0,3340.0,3294.0,20.0,23632.0,24368.0,22985.0,-636.0,1788.0,1795.0,1648.0,-140.0,75544.0,76185.0,75441.0,-102.0,525.0,541.0,396.0,-123.0,482.0,482.0,260.0,-222.0,23632.0,24368.0,22985.0,-636.0,579919.0,578734.0,570102.0,-8609.0,801.0,1162.0,887.0,86.0,158.0,153.0
2026-10-01T01:00Z,3030.0,3032.0,3435.0,405.0,1335.0,1384.0,1062.0,-273.0,786.0,786.0,5408.0,5052.0,4023.0,-1385.0,3172.0,3046.0,2493.0,-678.0,903.0,823.0,937.0,35.0,7304.0,7267.0,9314.0,2010.0,45421.0,43798.0,35472.0,-8894.0,29629.0,30252.0,27825.0,-1848.0,39531.0,40386.0,40761.0,1229.0,196.0,194.0,980.0,784.0,36636.0,35936.0,28771.0,-6842.0,8155.0,8298.0,6620.0,-1535.0,552.0,540.0,587.0,35.0,387.0,387.0,270.0,264.0,572.0,302.0,14047.0,14167.0,14236.0,189.0,1132.0,1120.0,838.0,-294.0,74169.0,74255.0,73909.0,-258.0,37093.0,35319.0,36712.0,-378.0,2655.0,2750.0,2627.0,-28.0,8583.0,6533.0,6888.0,-1695.0,19505.0,19776.0,19793.0,288.0,754.0,700.0,982.0,231.0,1793.0,1793.0,347.0,251.0,357.0,17.0,85.0,,86.0,76.0,0.0,-86.0,683.0,,789.0,132.0,2328.0,2251.0,2174.0,-154.0,13841.0,14060.0,14478.0,637.0,2012.0,2042.0,1337.0,-679.0,4397.0,4271.0,3058.0,-1339.0,4863.0,4665.0,4874.0,11.0,101337.0,98647.0,103358.0,62.0,97273.0,98380.0,92103.0,-6695.0,89380.0,90683.0,83762.0,-7143.0,6036.0,5979.0,4874.0,-1162.0,13841.0,14060.0,14478.0,637.0,1294.0,1297.0,2604.0,1310.0,44354.0,40837.0,44537.0,101.0,17709.0,17708.0,16075.0,-1634.0,17709.0,17708.0,16075.0,-1634.0,6037.0,6792.0,6039.0,2.0,2576.0,2535.0,1021.0,-1555.0,2880.0,2856.0,1093.0,-1787.0,101337.0,98647.0,103358.0,62.0,1704.0,1653.0,2038.0,336.0,5269.0,3972.0,5804.0,535.0,2752.0,,573.0,-2179.0,3277.0,3311.0,3650.0,373.0,1056.0,1067.0,817.0,-239.0,3598.0,3936.0,2573.0,-1065.0,312.0,299.0,2082.0,1770.0,118.0,120.0,32122.0,33072.0,35845.0,3725.0,32.0,32.0,32122.0,33072.0,35727.0,3605.0,,,,,3764.0,4820.0,8129.0,4375.0,39531.0,40386.0,40761.0,1229.0,2878.0,2963.0,2762.0,-117.0,14886.0,15783.0,19181.0,4307.0,458.0,437.0,460.0,1.0,3135.0,3155.0,3168.0,34.0,22843.0,23646.0,22360.0,-480.0,1647.0,1846.0,2098.0,451.0,74169.0,74255.0,73909.0,-258.0,533.0,545.0,361.0,-167.0,486.0,493.0,265.0,-221.0,22843.0,23646.0,22360.0,-480.0,570208.0,566143.0,562616.0,-10126.0,1231.0,1292.0,1668.0,437.0,159.0,155.0
2026-10-01T02:00Z,2880.0,2953.0,3300.0,420.0,1334.0,1392.0,1032.0,-302.0,581.0,581.0,5728.0,5067.0,3818.0,-1910.0,3043.0,2959.0,2484.0,-558.0,910.0,820.0,922.0,12.0,7332.0,7301.0,9310.0,1978.0,44669.0,43654.0,35148.0,-9710.0,27583.0,28316.0,26062.0,-1562.0,38770.0,39355.0,40207.0,1436.0,197.0,196.0,1060.0,863.0,36219.0,35977.0,28938.0,-7511.0,7545.0,7686.0,6485.0,-1060.0,516.0,506.0,399.0,-117.0,384.0,384.0,267.0,264.0,566.0,299.0,13091.0,13218.0,13198.0,107.0,1126.0,1108.0,740.0,-386.0,72455.0,72733.0,72073.0,-378.0,35607.0,33190.0,35166.0,-440.0,2521.0,2505.0,2496.0,-25.0,8073.0,6081.0,6341.0,-1732.0,19077.0,18741.0,19310.0,233.0,751.0,699.0,962.0,208.0,1826.0,1826.0,323.0,238.0,335.0,18.0,40.0,,83.0,72.0,0.0,-83.0,640.0,,666.0,61.0,2301.0,2252.0,2062.0,-239.0,13049.0,13190.0,13783.0,734.0,1893.0,1946.0,1201.0,-696.0,4251.0,4187.0,2700.0,-1551.0,4476.0,4368.0,4354.0,-122.0,97264.0,92975.0,100501.0,-84.0,94111.0,95712.0,89805.0,-5803.0,86755.0,88391.0,82119.0,-6133.0,5875.0,5714.0,4586.0,-1289.0,13049.0,13190.0,13783.0,734.0,1309.0,1302.0,2641.0,1332.0,43805.0,40654.0,43709.0,-139.0,16882.0,16837.0,14577.0,-2305.0,16882.0,16837.0,14577.0,-2305.0,5547.0,6715.0,5728.0,181.0,2568.0,2566.0,643.0,-1925.0,2906.0,2869.0,1427.0,-1479.0,97264.0,92975.0,100501.0,-84.0,1733.0,1664.0,2201.0,464.0,5278.0,4003.0,5823.0,545.0,2790.0,,623.0,-2167.0,3018.0,3123.0,3385.0,367.0,1041.0,1061.0,857.0,-184.0,3413.0,3783.0,2437.0,-1014.0,282.0,273.0,2106.0,1824.0,65.0,61.0,30273.0,30981.0,32906.0,2629.0,32.0,32.0,30273.0,30981.0,32841.0,2568.0,,,,,3165.0,4755.0,8465.0,5300.0,38770.0,39355.0,40207.0,1436.0,2898.0,2997.0,2751.0,-147.0,14937.0,15833.0,19939.0,4998.0,434.0,408.0,435.0,0.0,2921.0,2926.0,2942.0,21.0,21568.0,22264.0,21277.0,-288.0,1830.0,1812.0,2279.0,449.0,72455.0,72733.0,72073.0,-378.0,516.0,531.0,360.0,-151.0,501.0,503.0,269.0,-232.0,21568.0,22264.0,21277.0,-288.0,550973.0,545693.0,545153.0,-10912.0,1355.0,1427.0,2052.0,697.0,158.0,155.0
2026-10-01T03:00Z,2696.0,2815.0,3158.0,462.0,1347.0,1401.0,1005.0,-342.0,555.0,555.0,5770.0,4919.0,3726.0,-2044.0,2891.0,2840.0,2436.0,-454.0,900.0,813.0,867.0,-33.0,7398.0,7306.0,9153.0,1755.0,42916.0,42753.0,33474.0,-9774.0,25178.0,25997.0,23499.0,-1716.0,37427.0,37922.0,38553.0,1124.0,195.0,196.0,969.0,774.0,34742.0,35345.0,27190.0,-7907.0,6875.0,7024.0,6236.0,-639.0,466.0,463.0,296.0,-170.0,420.0,420.0,264.0,262.0,571.0,307.0,11948.0,12127.0,11506.0,-442.0,1089.0,1076.0,665.0,-424.0,70372.0,70102.0,70010.0,-360.0,33155.0,30478.0,32788.0,-363.0,2329.0,2290.0,2291.0,-38.0,7322.0,5562.0,5700.0,-1622.0,18050.0,17266.0,18176.0,126.0,744.0,702.0,1015.0,276.0,1749.0,1749.0,296.0,219.0,332.0,41.0,38.0,,78.0,67.0,0.0,-78.0,589.0,,541.0,-33.0,2267.0,2210.0,2019.0,-248.0,12066.0,12130.0,12923.0,857.0,1740.0,1803.0,1064.0,-677.0,4199.0,4054.0,2947.0,-1252.0,4246.0,4058.0,3963.0,-283.0,91822.0,87250.0,95077.0,-277.0,89745.0,91335.0,86010.0,-5035.0,82803.0,84462.0,78857.0,-5246.0,5684.0,5499.0,4404.0,-1280.0,12066.0,12130.0,12923.0,857.0,1291.0,1314.0,2637.0,1346.0,43770.0,40057.0,43350.0,-453.0,15941.0,15815.0,13697.0,-2244.0,15941.0,15815.0,13697.0,-2244.0,5717.0,6577.0,5997.0,280.0,2561.0,2549.0,864.0,-1697.0,2916.0,2897.0,1419.0,-1497.0,91822.0,87250.0,95077.0,-277.0,1716.0,1652.0,2487.0,766.0,5190.0,3806.0,5776.0,586.0,2881.0,,633.0,-2248.0,2790.0,2847.0,3181.0,391.0,1070.0,1068.0,746.0,-324.0,3099.0,3536.0,2125.0,-1009.0,247.0,242.0,2084.0,1837.0,0.0,1.0,28251.0,29016.0,30975.0,2725.0,32.0,32.0,28251.0,29016.0,30975.0,2724.0,,,,,3043.0,4628.0,8590.0,5547.0,37427.0,37922.0,38553.0,1124.0,2840.0,2949.0,2683.0,-157.0,14770.0,15361.0,20198.0,5423.0,401.0,377.0,402.0,1.0,2692.0,2652.0,2739.0,47.0,20283.0,20797.0,19808.0,-469.0,1820.0,1780.0,2244.0,424.0,70372.0,70102.0,70010.0,-360.0,495.0,514.0,360.0,-128.0,505.0,508.0,250.0,-255.0,20283.0,20797.0,19808.0,-469.0,525696.0,519013.0,520362.0,-10562.0,1332.0,1306.0,2066.0,734.0,155.0,153.0
2026-10-01T04:00Z,2454.0,2605.0,3012.0,558.0,1302.0,1360.0,1032.0,-270.0,547.0,547.0,5587.0,4654.0,3484.0,-2103.0,2737.0,2692.0,2381.0,-355.0,869.0,793.0,831.0,-38.0,7151.0,7152.0,8892.0,1741.0,41161.0,41123.0,31769.0,-9599.0,22988.0,23753.0,21828.0,-1193.0,35636.0,35953.0,36620.0,983.0,192.0,193.0,956.0,764.0,33641.0,34073.0,25760.0,-8095.0,6205.0,6345.0,,,424.0,421.0,,,445.0,445.0,262.0,258.0,572.0,310.0,10908.0,11066.0,,,1036.0,1017.0,663.0,-373.0,67294.0,66812.0,66862.0,-430.0,30308.0,27902.0,,,2123.0,2080.0,,,6566.0,5060.0,,,16646.0,15790.0,,,735.0,695.0,1042.0,296.0,1696.0,1696.0,270.0,200.0,,,39.0,,72.0,58.0,,,550.0,,603.0,54.0,2136.0,2088.0,1858.0,-278.0,11310.0,11170.0,,,1601.0,1667.0,,,3766.0,3870.0,2679.0,-1087.0,3837.0,3763.0,3541.0,-296.0,87722.0,83195.0,,,84975.0,86927.0,,,78684.0,80559.0,75997.0,-4085.0,5392.0,5269.0,4204.0,-1188.0,11310.0,11170.0,,,1234.0,1259.0,2341.0,1107.0,42284.0,38648.0,42194.0,-139.0,14972.0,14829.0,,,14972.0,14829.0,,,5628.0,6324.0,6264.0,636.0,2464.0,2466.0,778.0,-1686.0,2829.0,2823.0,1361.0,-1468.0,87722.0,83195.0,,,1640.0,1589.0,2337.0,692.0,4962.0,3567.0,5603.0,641.0,2825.0,,611.0,-2214.0,2549.0,2612.0,,,1046.0,1045.0,745.0,-301.0,2902.0,3309.0,,,204.0,212.0,,,0.0,-5.0,26295.0,26982.0,27951.0,1651.0,31.0,31.0,26295.0,26982.0,27951.0,1656.0,,,,,3078.0,4487.0,8438.0,5359.0,35636.0,35953.0,36620.0,983.0,2757.0,2858.0,2567.0,-189.0,14399.0,14666.0,19643.0,5238.0,366.0,343.0,,,2460.0,2492.0,,,18597.0,19255.0,17840.0,-758.0,1786.0,1716.0,2226.0,440.0,67294.0,66812.0,66862.0,-430.0,467.0,488.0,346.0,-116.0,500.0,498.0,255.0,-245.0,18597.0,19255.0,17840.0,-758.0,497941.0,491215.0,,,1272.0,1203.0,2050.0,778.0,,
2026-10-01T05:00Z,2234.0,2370.0,,,1222.0,1286.0,1043.0,-179.0,538.0,538.0,5314.0,4416.0,3266.0,-2048.0,2527.0,2486.0,2118.0,-408.0,837.0,761.0,822.0,-15.0,6845.0,6831.0,8382.0,1537.0,39623.0,39416.0,30886.0,-9203.0,21455.0,21993.0,21828.0,,33793.0,33972.0,,,184.0,185.0,911.0,727.0,32248.0,32843.0,25180.0,-7541.0,5789.0,5878.0,,,392.0,393.0,,,459.0,459.0,250.0,251.0,530.0,280.0,10120.0,10249.0,,,959.0,932.0,631.0,-328.0,63870.0,63440.0,,,27495.0,26101.0,,,1961.0,1923.0,,,5914.0,4614.0,,,14992.0,14955.0,,,725.0,681.0,697.0,-29.0,1637.0,1637.0,247.0,182.0,,,24.0,,64.0,,,,502.0,,552.0,51.0,1979.0,1922.0,1753.0,-226.0,10590.0,10590.0,,,1462.0,1544.0,,,3909.0,3633.0,2691.0,-1218.0,3740.0,3502.0,,,85044.0,79961.0,,,81929.0,81949.0,,,75955.0,76077.0,,,5099.0,5008.0,2964.0,-880.0,10590.0,10590.0,,,1158.0,1176.0,2083.0,925.0,40080.0,36688.0,39239.0,388.0,14313.0,14067.0,,,14313.0,14067.0,,,5323.0,6012.0,6430.0,1107.0,2312.0,2318.0,673.0,-1639.0,2726.0,2707.0,1370.0,-1356.0,85044.0,79961.0,,,1548.0,1518.0,2065.0,512.0,4646.0,3376.0,5337.0,691.0,2674.0,,611.0,-2063.0,2365.0,2365.0,,,1006.0,993.0,760.0,-246.0,2789.0,3108.0,,,235.0,192.0,,,,,24496.0,25328.0,,,,,24496.0,25328.0,,,8.0,,,,3045.0,4290.0,8046.0,5001.0,33785.0,33972.0,,,2626.0,2712.0,,,13880.0,14021.0,18702.0,4817.0,338.0,325.0,,,2282.0,2366.0,,,17325.0,17871.0,,,1802.0,1638.0,2226.0,424.0,63870.0,63440.0,,,437.0,454.0,345.0,-87.0,468.0,469.0,258.0,-210.0,17325.0,17871.0,,,473893.0,465397.0,,,1212.0,1227.0,2009.0,797.0,,
2026-10-01T06:00Z,2047.0,2149.0,,,1128.0,1198.0,797.0,-331.0,521.0,521.0,5229.0,4121.0,2857.0,-2372.0,2291.0,2248.0,2101.0,-190.0,805.0,731.0,,,6462.0,6489.0,7847.0,1385.0,36817.0,36677.0,28458.0,-8781.0,20318.0,20687.0,19493.0,,32346.0,32124.0,,,172.0,175.0,1094.0,922.0,30233.0,30649.0,22912.0,-7748.0,5425.0,5513.0,,,373.0,372.0,,,526.0,526.0,238.0,244.0,197.0,-41.0,9594.0,9655.0,,,877.0,852.0,616.0,-261.0,61370.0,59644.0,,,25833.0,24418.0,,,1851.0,1817.0,,,5509.0,4282.0,,,14143.0,14155.0,,,709.0,664.0,727.0,18.0,1663.0,1663.0,229.0,168.0,,,,,61.0,,,,448.0,,595.0,147.0,1821.0,1798.0,1644.0,-177.0,10827.0,10040.0,,,1375.0,1448.0,,,3445.0,3365.0,2498.0,-947.0,3560.0,3362.0,,,82243.0,78045.0,,,81138.0,78815.0,,,75531.0,73304.0,,,4881.0,4690.0,3029.0,-510.0,10827.0,10040.0,,,1097.0,1106.0,,,37888.0,34582.0,,,13769.0,13501.0,,,13769.0,13501.0,,,5162.0,5670.0,,,2136.0,2149.0,665.0,-1471.0,2554.0,2551.0,1189.0,-1365.0,82243.0,78045.0,,,1478.0,1447.0,1822.0,340.0,4378.0,3212.0,,,2460.0,,600.0,-1860.0,2240.0,2243.0,,,957.0,922.0,572.0,-385.0,2686.0,2904.0,,,216.0,177.0,,,,,23441.0,23441.0,,,,,23441.0,23441.0,,,15.0,,,,2899.0,4006.0,7814.0,4914.0,32331.0,32124.0,,,2492.0,2548.0,,,13198.0,13209.0,17553.0,4350.0,310.0,301.0,,,2139.0,2070.0,,,16451.0,16751.0,,,1690.0,1545.0,2120.0,430.0,61370.0,59644.0,,,400.0,415.0,352.0,-43.0,436.0,435.0,218.0,-218.0,16451.0,16751.0,,,455639.0,441934.0,,,1025.0,1238.0,1798.0,773.0,,
2026-10-01T07:00Z,1958.0,2032.0,,,1066.0,1124.0,,,,,4983.0,3959.0,,,2033.0,2041.0,,,789.0,718.0,,,6090.0,6188.0,,,34479.0,33966.0,,,19625.0,19809.0,,,31176.0,31119.0,,,167.0,165.0,,,28543.0,28443.0,,,5220.0,5243.0,,,360.0,360.0,,,,,231.0,236.0,,,9255.0,9252.0,,,814.0,800.0,,,59254.0,57261.0,,,24804.0,23415.0,,,1758.0,1760.0,,,5265.0,4038.0,,,13651.0,13634.0,,,698.0,656.0,,,,,214.0,158.0,,,,,59.0,,,,401.0,,,,1732.0,1728.0,,,10639.0,9770.0,,,1321.0,1378.0,,,3135.0,3101.0,,,3482.0,3223.0,,,80148.0,77012.0,,,78940.0,76361.0,,,73500.0,71106.0,,,4567.0,4385.0,,,10639.0,9770.0,,,1050.0,1071.0,,,34892.0,32796.0,,,13382.0,13124.0,,,13382.0,13124.0,,,4893.0,5410.0,,,1982.0,2014.0,,,2375.0,2386.0,,,80148.0,77012.0,,,1417.0,1391.0,,,3281.0,3016.0,,,2268.0,,,,2150.0,2162.0,,,897.0,849.0,,,2640.0,2792.0,,,204.0,167.0,,,,,22602.0,22602.0,,,,,22602.0,22602.0,,,9.0,,,,2880.0,3769.0,,,31167.0,31119.0,,,2400.0,2449.0,,,12593.0,12559.0,,,291.0,285.0,,,2041.0,1995.0,,,15755.0,16043.0,,,1609.0,1451.0,,,59254.0,57261.0,,,367.0,381.0,,,406.0,401.0,,,15755.0,16043.0,,,438289.0,425837.0,,,890.0,1189.0,,,,
2026-10-01T08:00Z,1883.0,1907.0,,,1040.0,1047.0,,,,,4611.0,4035.0,,,1973.0,1975.0,,,771.0,708.0,,,5909.0,5932.0,,,32857.0,32431.0,,,19188.0,19369.0,,,30397.0,30402.0,,,160.0,164.0,,,27174.0,26891.0,,,5083.0,5107.0,,,362.0,356.0,,,,,225.0,232.0,,,9077.0,9073.0,,,780.0,786.0,,,57873.0,55488.0,,,24479.0,22986.0,,,1722.0,1736.0,,,5131.0,3909.0,,,13627.0,13453.0,,,683.0,670.0,,,,,205.0,153.0,,,,,57.0,,,,386.0,395.0,,,1670.0,1736.0,,,10553.0,9710.0,,,1276.0,1331.0,,,2984.0,2824.0,,,3369.0,3132.0,,,79182.0,77814.0,,,77563.0,74752.0,,,72311.0,69713.0,,,4326.0,4214.0,,,10553.0,9710.0,,,999.0,1059.0,,,34169.0,33172.0,,,13198.0,12942.0,,,13198.0,12942.0,,,5156.0,5233.0,,,1889.0,1887.0,,,2261.0,2279.0,,,79182.0,77814.0,,,1381.0,1344.0,,,3377.0,2902.0,,,2125.0,1522.0,,,2047.0,2116.0,,,854.0,815.0,,,2619.0,2717.0,,,198.0,162.0,,,,,22076.0,21944.0,,,,,22076.0,21944.0,,,13.0,,,,2923.0,3760.0,,,30384.0,30402.0,,,2347.0,2388.0,,,11790.0,12407.0,,,278.0,274.0,,,1985.0,1968.0,,,15401.0,15534.0,,,1420.0,1480.0,,,57873.0,55488.0,,,340.0,346.0,,,377.0,384.0,,,15401.0,15534.0,,,428727.0,418951.0,,,675.0,1002.0,,,,
2026-10-01T09:00Z,1828.0,1845.0,,,1021.0,1013.0,,,,,4524.0,3934.0,,,1823.0,1860.0,,,765.0,703.0,,,5826.0,5815.0,,,30706.0,30608.0,,,19221.0,19431.0,,,29981.0,30049.0,,,157.0,160.0,,,25408.0,25413.0,,,5052.0,5127.0,,,364.0,362.0,,,,,219.0,228.0,,,9122.0,9137.0,,,758.0,748.0,,,57096.0,54471.0,,,24349.0,23113.0,,,1749.0,1773.0,,,5120.0,3911.0,,,13496.0,13484.0,,,680.0,662.0,,,,,201.0,153.0,,,,,57.0,,,,376.0,369.0,,,1648.0,1702.0,,,10708.0,9920.0,,,1272.0,1338.0,,,2778.0,2640.0,,,3325.0,3112.0,,,79447.0,81060.0,,,77006.0,74262.0,,,71853.0,69305.0,,,4126.0,4028.0,,,10708.0,9920.0,,,1019.0,1045.0,,,33082.0,32074.0,,,13247.0,13071.0,,,13247.0,13071.0,,,4807.0,5118.0,,,1809.0,1865.0,,,2171.0,2188.0,,,79447.0,81060.0,,,1357.0,1325.0,,,3308.0,2840.0,,,2026.0,1207.0,,,2092.0,2106.0,,,829.0,784.0,,,2591.0,2699.0,,,201.0,164.0,,,,,22028.0,21795.0,,,,,22028.0,21795.0,,,14.0,,,,3047.0,3624.0,,,29967.0,30049.0,,,2305.0,2347.0,,,11710.0,11941.0,,,274.0,270.0,,,1979.0,2020.0,,,15226.0,15276.0,,,1368.0,1463.0,,,57096.0,54471.0,,,321.0,326.0,,,366.0,369.0,,,15226.0,15276.0,,,423807.0,417071.0,,,656.0,847.0,,,,
2026-10-01T10:00Z,1837.0,1803.0,,,1002.0,1000.0,,,,,4557.0,3869.0,,,1725.0,1736.0,,,763.0,704.0,,,5755.0,5745.0,,,29659.0,29110.0,,,20150.0,20299.0,,,30065.0,30045.0,,,153.0,158.0,,,24652.0,24211.0,,,5397.0,5417.0,,,382.0,389.0,,,,,220.0,227.0,,,9544.0,9634.0,,,743.0,735.0,,,57019.0,54330.0,,,25070.0,24483.0,,,1849.0,1886.0,,,5339.0,4080.0,,,13721.0,14336.0,,,684.0,660.0,,,,,207.0,158.0,,,,,60.0,,,,376.0,346.0,,,1636.0,1664.0,,,11368.0,10690.0,,,1333.0,1409.0,,,2603.0,2505.0,,,3392.0,3210.0,,,82676.0,86794.0,,,78101.0,74643.0,,,72872.0,69630.0,,,3967.0,3890.0,,,11368.0,10690.0,,,1027.0,1041.0,,,32498.0,31570.0,,,13937.0,13723.0,,,13937.0,13723.0,,,4701.0,5058.0,,,1777.0,1800.0,,,2122.0,2129.0,,,82676.0,86794.0,,,1349.0,1312.0,,,3256.0,2820.0,,,1971.0,1216.0,,,2155.0,2155.0,,,811.0,762.0,,,2672.0,2704.0,,,210.0,174.0,,,,,22611.0,22491.0,,,,,22611.0,22491.0,,,0.0,,,,3086.0,3487.0,,,30065.0,30045.0,,,2295.0,2332.0,,,11759.0,11612.0,,,282.0,286.0,,,2069.0,2154.0,,,15348.0,15404.0,,,1341.0,1338.0,,,57019.0,54330.0,,,303.0,312.0,,,358.0,364.0,,,15348.0,15404.0,,,430261.0,425194.0,,,683.0,871.0,,,,
2026-10-01T11:00Z,1907.0,1812.0,,,1019.0,1008.0,,,,,4553.0,3896.0,,,1635.0,1672.0,,,773.0,715.0,,,5771.0,5738.0,,,26871.0,28295.0,,,21884.0,21804.0,,,30836.0,30833.0,,,158.0,158.0,,,24364.0,23554.0,,,5883.0,5844.0,,,431.0,430.0,,,,,223.0,231.0,,,10439.0,10343.0,,,756.0,742.0,,,57876.0,54746.0,,,26855.0,26034.0,,,1986.0,2005.0,,,5762.0,4331.0,,,14603.0,15227.0,,,688.0,661.0,,,,,222.0,171.0,,,,,62.0,,,,376.0,336.0,,,1666.0,1694.0,,,12218.0,12020.0,,,1455.0,1509.0,,,201.0,2429.0,,,3645.0,3471.0,,,87572.0,90933.0,,,81321.0,78001.0,,,75769.0,72718.0,,,3877.0,3818.0,,,12218.0,12020.0,,,1041.0,1042.0,,,32615.0,31637.0,,,15306.0,15134.0,,,15306.0,15134.0,,,4724.0,5091.0,,,1773.0,1787.0,,,2105.0,2105.0,,,87572.0,90933.0,,,1374.0,1332.0,,,3362.0,2893.0,,,1968.0,1216.0,,,2334.0,2336.0,,,791.0,755.0,,,2797.0,2851.0,,,225.0,187.0,,,,,23998.0,23683.0,,,,,23998.0,23683.0,,,10.0,,,,2889.0,3396.0,,,30826.0,30833.0,,,2319.0,2358.0,,,11603.0,11532.0,,,306.0,301.0,,,2234.0,2303.0,,,16145.0,16075.0,,,1324.0,1317.0,,,57876.0,54746.0,,,295.0,304.0,,,357.0,367.0,,,16145.0,16075.0,,,445100.0,440727.0,,,707.0,849.0,,,,
2026-10-01T12:00Z,2087.0,1912.0,,,1057.0,1051.0,,,,,643.0,3984.0,,,1633.0,1660.0,,,793.0,738.0,,,5920.0,5870.0,,,26709.0,28367.0,,,23895.0,22779.0,,,32464.0,32303.0,,,160.0,164.0,,,24187.0,23644.0,,,6023.0,6087.0,,,457.0,463.0,,,,,227.0,241.0,,,12074.0,10882.0,,,766.0,775.0,,,59497.0,56518.0,,,27631.0,26635.0,,,1945.0,2101.0,,,5956.0,4510.0,,,15091.0,15480.0,,,693.0,673.0,,,,,230.0,180.0,,,,,62.0,,,,376.0,334.0,,,1740.0,1786.0,,,12587.0,12680.0,,,1488.0,1538.0,,,217.0,2425.0,,,3802.0,3641.0,,,90840.0,93076.0,,,85723.0,81058.0,,,79834.0,75505.0,,,3868.0,3803.0,,,12587.0,12680.0,,,1075.0,1103.0,,,33528.0,32655.0,,,16298.0,16176.0,,,16298.0,16176.0,,,5044.0,5275.0,,,1743.0,1844.0,,,2148.0,2150.0,,,90840.0,93076.0,,,1427.0,1392.0,,,3482.0,3052.0,,,2055.0,1297.0,,,2411.0,2417.0,,,741.0,774.0,,,2930.0,2930.0,,,229.0,191.0,,,,,25039.0,24743.0,,,,,25039.0,24743.0,,,10.0,,,,2681.0,3457.0,,,32454.0,32303.0,,,2409.0,2454.0,,,7594.0,11846.0,,,328.0,311.0,,,2302.0,2324.0,,,17086.0,16888.0,,,1331.0,1333.0,,,59497.0,56518.0,,,296.0,304.0,,,373.0,380.0,,,17086.0,16888.0,,,458892.0,455724.0,,,746.0,905.0,,,,
2026-10-01T13:00Z,,2029.0,,,,1156.0,,,,,,4079.0,,,,1714.0,,,,763.0,,,,6252.0,,,,29434.0,,,,23354.0,,,,33118.0,,,,175.0,,,,24548.0,,,,6209.0,,,,475.0,,,,,,254.0,,,,11218.0,,,,837.0,,,,57197.0,,,,28342.0,,,,2244.0,,,,4654.0,,,,16640.0,,,,693.0,,,,,,189.0,,,,,,,,,,347.0,,,,1916.0,,,,12360.0,,,,1634.0,,,,2511.0,,,,3775.0,,,,94784.0,,,,83696.0,,,,77892.0,,,,3871.0,,,,12360.0,,,,1203.0,,,,34569.0,,,,16570.0,,,,16570.0,,,,5567.0,,,,2012.0,,,,2286.0,,,,94784.0,,,,1488.0,,,,3268.0,,,,1304.0,,,,2484.0,,,,839.0,,,,2968.0,,,,198.0,,,,,,25422.0,,,,,,25422.0,,,,,,,,3573.0,,,,33118.0,,,,2595.0,,,,12150.0,,,,321.0,,,,2462.0,,,,17606.0,,,,1379.0,,,,57197.0,,,,314.0,,,,415.0,,,,17606.0,,,,468602.0,,,,794.0,,,,
