timestamp,country,Hydro pumped storage consumption,Cross border electricity trading,Hydro Run-of-River,Biomass,Fossil brown coal / lignite,Fossil hard coal,Fossil oil,Fossil coal-derived gas,Fossil gas,Geothermal,Hydro water reservoir,Hydro pumped storage,Others,Waste,Wind offshore,Wind onshore,Solar,Load,Residual load,Renewable share of load,Renewable share of generation,Battery Consumption,Nuclear,Battery,Other renewables
2026-10-01T00:00Z,AT,-43.2,1435.1,1182.0,172.0,,,,,15.6,0.1,55.2,0.0,22.0,100.0,,2096.0,0.0,5155.2,3059.2,69.0,97.6,,,,
2026-10-01T00:00Z,BE,-559.2,1000.0,,76.1,,,,,3365.5,,,,338.9,170.0,454.2,720.4,,8011.9,6837.3,16.7,26.1,,,8.2,
2026-10-01T00:00Z,CH,,-1747.9,673.8,,,,,,,,245.0,130.4,350.0,,,,,6898.2,6898.2,13.3,22.1,,2897.7,,
2026-10-01T00:00Z,DE,-3702.1,2285.9,959.4,3654.5,10789.2,3728.3,115.9,357.1,4750.7,13.2,16.1,31.2,154.2,1279.0,3010.7,13902.0,,43535.9,26623.2,50.9,51.9,,,,
2026-10-01T00:00Z,DK,,-953.0,,1309.5,,,7.2,,101.1,,,,,163.5,2201.2,2035.7,29.0,3860.5,-405.5,146.5,96.7,,,,
2026-10-01T00:00Z,ES,-568.0,1497.8,312.0,412.0,,200.0,16.0,,9520.0,,1708.0,1276.0,12.0,244.0,,3288.0,56.0,23848.0,20504.0,25.0,26.1,,6976.0,,64.0
2026-10-01T00:00Z,FR,-975.6,-4013.3,1722.2,276.4,,,36.6,,2643.8,,1372.6,342.4,,409.2,810.2,2866.9,,37862.0,34184.9,19.2,17.5,-3.5,31354.5,27.7,
2026-10-01T00:00Z,IT,,7130.0,1346.0,485.0,,,,,13396.0,606.0,95.0,,1667.0,,1.0,554.0,0.0,25603.0,25048.0,12.1,17.0,,,,
2026-10-01T00:00Z,NL,,400.2,,,,3265.0,,,5571.3,,,,107.5,69.3,1301.2,140.0,,10603.6,9162.5,13.9,13.5,,472.4,,
2026-10-01T00:00Z,PL,-8.0,-4022.3,57.8,338.8,4278.2,6192.1,153.3,177.9,1165.0,,19.0,0.0,502.9,,186.6,5736.5,0.0,14563.1,8640.0,43.9,33.9,,,,57.6
2026-10-01T00:15Z,AT,-36.4,1424.9,1203.2,172.0,,,,,15.6,0.1,26.4,0.0,22.0,100.0,,2028.0,0.0,5139.6,3111.6,67.7,97.5,,,,
2026-10-01T00:15Z,DE,-4022.4,2634.8,966.7,3648.6,10888.2,3653.8,115.7,373.2,4709.9,13.2,15.5,79.6,154.2,1277.0,2966.0,13788.8,,43461.6,26706.9,50.6,51.7,,,,
2026-10-01T00:15Z,DK,,-1016.0,,1351.5,,,7.4,,100.5,,,,,161.5,2188.0,2042.4,29.6,,,,96.8,,,,
2026-10-01T00:15Z,ES,-568.0,1520.3,308.0,404.0,,200.0,12.0,,9004.0,,1636.0,1280.0,12.0,240.0,,3380.0,56.0,23672.0,20236.0,25.2,26.8,,6976.0,,64.0
2026-10-01T00:15Z,FR,-1010.8,-4174.4,1732.7,278.3,,,36.7,,2806.8,,1343.7,206.2,,408.6,813.2,2803.4,,36981.4,33364.7,19.4,17.3,-13.1,31362.9,15.4,
2026-10-01T00:15Z,IT,,7050.0,1338.0,473.0,,,,,13355.0,606.0,94.0,,1663.0,,0.0,545.0,0.0,25441.0,24896.0,12.0,16.9,-381.0,,,
2026-10-01T00:15Z,NL,,250.0,,,,3275.8,,,5504.8,,,,126.4,69.6,1501.3,154.8,,10735.0,9078.9,15.8,15.2,,471.7,,
2026-10-01T00:15Z,PL,-7.8,-4043.4,57.9,341.8,4277.7,6105.6,154.6,177.8,1165.9,,19.0,0.0,502.9,,208.2,5657.2,0.0,14447.0,8581.6,43.9,33.9,,,,57.6
2026-10-01T00:30Z,AT,-25.6,1453.8,1222.4,172.0,,,,,15.6,0.1,26.8,0.0,22.0,100.0,,1964.0,0.0,5097.2,3133.2,67.4,97.5,,,,
2026-10-01T00:30Z,DE,-4027.8,3010.8,967.5,3648.9,10918.8,3644.9,115.8,360.5,4708.9,13.2,15.1,9.3,154.2,1276.0,2961.7,13631.0,,43916.3,27323.7,49.7,51.5,,,,
2026-10-01T00:30Z,DK,,-1009.0,,1364.7,,,7.2,,102.7,,,,,161.9,2150.9,2040.9,29.3,,,,96.7,,,,
2026-10-01T00:30Z,ES,-568.0,1570.0,304.0,404.0,,200.0,12.0,,8788.0,,1680.0,1280.0,12.0,248.0,,3464.0,56.0,23416.0,19896.0,26.0,27.4,,6976.0,,64.0
2026-10-01T00:30Z,FR,-1154.4,-4269.5,1763.0,279.4,,,36.9,,3163.8,,1118.2,63.5,,406.6,853.1,2720.0,,36342.9,32769.7,19.1,16.6,-9.6,31368.1,58.3,
2026-10-01T00:30Z,IT,,6959.0,1333.0,484.0,,,,,14125.0,606.0,95.0,,1660.0,,0.0,540.0,0.0,25631.0,25091.0,11.9,16.2,,,,
2026-10-01T00:30Z,NL,,205.9,,,,3304.2,,,5363.0,,,,128.5,69.5,1622.8,180.2,,10765.9,8962.9,17.1,16.5,,472.0,,
2026-10-01T00:30Z,PL,-14.0,-4124.3,58.0,339.3,4318.1,6313.1,155.8,177.9,1166.1,,19.0,0.0,502.1,,226.8,5571.1,0.0,14641.6,8843.7,42.8,33.2,,,,57.5
2026-10-01T00:45Z,AT,-28.4,1472.5,1219.6,172.0,,,,,15.6,0.1,26.4,0.0,22.0,100.0,,1888.0,0.0,5062.8,3174.8,66.3,97.5,,,,
2026-10-01T00:45Z,DE,-4160.1,3435.6,977.8,3644.9,10927.0,3663.5,115.8,365.8,4590.1,13.2,14.8,9.3,154.2,1279.5,2946.8,13378.5,,43948.8,27623.4,49.1,51.3,,,,
2026-10-01T00:45Z,DK,,-1051.0,,1376.3,,,7.2,,101.3,,,,,159.5,2145.3,1997.9,30.1,,,,96.8,,,,
2026-10-01T00:45Z,ES,-568.0,1602.4,304.0,404.0,,200.0,16.0,,8624.0,,1644.0,1276.0,12.0,244.0,,3504.0,56.0,23276.0,19716.0,26.2,27.7,,6976.0,,64.0
2026-10-01T00:45Z,FR,-1243.7,-4485.1,1770.0,278.6,,,36.9,,3136.3,,1086.7,58.5,,409.6,919.1,2681.3,,35550.1,31949.8,19.5,16.6,-178.2,31370.8,24.9,
2026-10-01T00:45Z,IT,,6923.0,1310.0,473.0,,,,,14380.0,606.0,95.0,,1657.0,,0.0,540.0,0.0,25509.0,24969.0,11.9,15.9,-1544.0,,,
2026-10-01T00:45Z,NL,,173.7,,,,3271.1,,,5232.7,,,,117.9,73.3,1639.9,195.8,,10748.4,8912.7,17.4,17.0,,472.8,,
2026-10-01T00:45Z,PL,-13.7,-4198.3,57.8,336.1,4483.6,5973.2,154.4,180.3,1165.1,,19.0,0.0,504.1,,225.8,5519.6,0.0,14575.5,8830.1,42.6,33.3,,,,57.7
2026-10-01T01:00Z,AT,-0.0,1459.5,1144.8,172.0,,,,,14.4,0.1,25.2,22.0,22.0,100.0,,1840.0,0.0,5032.0,3192.0,64.2,97.4,,,,
2026-10-01T01:00Z,BE,-596.3,1000.0,,76.5,,,,,3449.0,,,,346.8,174.8,106.6,674.2,,7673.9,6893.1,12.3,19.6,,,4.9,
2026-10-01T01:00Z,CH,,-1815.6,620.4,,,,,,,,197.9,130.4,350.0,,,,,6829.2,6829.2,12.0,20.1,,2900.2,,
2026-10-01T01:00Z,DE,-4223.1,3457.8,978.6,3652.7,11048.5,3683.5,115.7,349.2,4435.1,13.2,15.4,19.8,154.2,1279.7,2928.4,13235.7,,43822.1,27657.9,48.9,51.2,,,,
2026-10-01T01:00Z,DK,,-888.0,,1392.3,,,7.2,,102.8,,,,,159.0,2141.3,1953.7,29.2,3565.0,-559.2,157.0,96.7,,,,
2026-10-01T01:00Z,ES,-568.0,1816.8,304.0,404.0,,200.0,16.0,,8680.0,,1508.0,1216.0,12.0,244.0,,3460.0,56.0,23256.0,19740.0,25.4,27.0,,6976.0,,64.0
2026-10-01T01:00Z,FR,-1241.9,-4445.0,1761.5,278.0,,,37.0,,3170.9,,1052.9,58.7,,404.7,868.7,2755.9,,35213.7,31589.1,19.6,16.6,-39.7,31379.6,2.1,
2026-10-01T01:00Z,IT,,7005.0,1310.0,484.0,,,,,14264.0,606.0,95.0,,1654.0,,0.0,535.0,0.0,25224.0,24689.0,12.0,16.0,-1544.0,,,
2026-10-01T01:00Z,NL,,356.3,,,,3280.8,,,5235.2,,,,119.3,69.1,1424.9,223.4,,10911.3,9263.0,15.4,15.5,,471.6,,
2026-10-01T01:00Z,PL,-14.1,-4245.0,58.0,337.0,4430.6,5958.0,156.3,180.8,1197.2,,18.9,0.0,505.0,,227.6,5473.5,0.0,14531.7,8830.5,42.5,33.2,,,,57.9
2026-10-01T01:15Z,AT,-0.0,1489.5,1144.8,172.0,,,,,14.4,0.1,26.0,45.2,22.0,100.0,,1788.0,0.0,5001.6,3213.6,63.6,97.4,,,,
2026-10-01T01:15Z,DE,-4207.6,3511.2,980.9,3654.7,11040.5,3701.7,115.7,327.8,4426.1,13.2,15.5,49.4,154.1,1279.2,2833.0,13158.8,,43808.4,27816.5,48.5,51.0,,,,
2026-10-01T01:15Z,DK,,-898.0,,1284.3,,,6.8,,102.1,,,,,164.4,2123.9,1923.6,30.4,,,,96.6,,,,
2026-10-01T01:15Z,ES,-568.0,1849.8,308.0,404.0,,200.0,16.0,,8560.0,,1444.0,1260.0,12.0,244.0,,3500.0,56.0,23200.0,19644.0,25.4,27.1,,6980.0,,64.0
2026-10-01T01:15Z,FR,-1240.9,-4539.6,1758.7,277.1,,,37.0,,3218.0,,1041.9,58.6,,407.8,877.3,2780.7,,34901.2,31243.2,19.9,16.6,-71.2,31380.1,0.2,
2026-10-01T01:15Z,IT,,6960.0,1319.0,488.0,,,,,14365.0,606.0,95.0,,1644.0,,0.0,528.0,0.0,25339.0,24811.0,12.0,15.9,,,,
2026-10-01T01:15Z,NL,,330.8,,,,3265.4,,,5169.4,,,,121.6,71.6,1404.8,265.5,,10686.0,9015.7,16.0,15.8,,472.4,,
2026-10-01T01:15Z,PL,-14.0,-4233.0,57.9,339.3,4481.3,5854.3,158.5,180.9,1180.5,,18.9,0.0,502.3,,229.4,5495.3,0.0,14570.3,8845.5,42.5,33.4,,,,57.6
2026-10-01T01:30Z,AT,-0.0,1527.9,1229.6,172.0,,,,,15.6,0.1,28.8,41.2,22.0,100.0,,1760.0,0.0,5003.2,3243.2,64.8,97.4,,,,
2026-10-01T01:30Z,DE,-4175.8,3383.8,976.1,3657.8,10958.6,3728.8,115.7,324.5,4420.3,13.2,14.7,124.0,154.2,1280.7,2750.1,13026.5,,43317.2,27540.5,48.6,50.8,,,,
2026-10-01T01:30Z,DK,,-895.0,,1301.2,,,7.1,,102.3,,,,,164.3,2098.5,1876.7,30.6,,,,96.6,,,,
2026-10-01T01:30Z,ES,-568.0,1897.7,308.0,392.0,,200.0,16.0,,8368.0,,1440.0,1252.0,12.0,240.0,,3524.0,56.0,23228.0,19648.0,25.4,27.3,,6980.0,,64.0
2026-10-01T01:30Z,FR,-1363.0,-4474.5,1773.8,278.0,,,37.0,,3224.9,,935.2,58.6,,411.5,873.7,2886.1,,34699.1,30939.2,20.0,16.6,-137.5,31385.3,0.1,
2026-10-01T01:30Z,IT,,6860.0,1304.0,488.0,,,,,14278.0,606.0,95.0,,1642.0,,0.0,530.0,0.0,25253.0,24723.0,12.0,16.0,,,,
2026-10-01T01:30Z,NL,,412.9,,,,3270.7,,,5098.6,,,,137.1,68.9,1445.6,280.7,,10640.5,8914.3,16.5,16.3,,471.4,,
2026-10-01T01:30Z,PL,-13.6,-4240.0,57.6,338.0,4438.6,5959.5,157.4,180.1,1184.1,,18.9,0.0,501.0,,232.0,5491.5,0.0,14657.1,8933.6,42.3,33.3,,,,57.4
2026-10-01T01:45Z,AT,-0.0,1524.5,1258.0,172.0,,,,,15.6,0.1,29.2,40.8,22.0,100.0,,1716.0,0.0,5028.0,3312.0,64.1,97.4,,,,
2026-10-01T01:45Z,DE,-4273.7,3735.3,980.1,3648.9,11031.6,3725.6,115.7,310.8,4416.2,13.2,15.0,15.2,154.2,1283.5,2727.8,13004.5,,43608.6,27876.3,48.1,50.7,,,,
2026-10-01T01:45Z,DK,,-906.0,,1301.2,,,7.2,,101.6,,,,,164.8,2101.2,1860.3,29.6,,,,96.6,,,,
2026-10-01T01:45Z,ES,-564.0,1824.9,308.0,388.0,,200.0,16.0,,8292.0,,1424.0,1120.0,12.0,244.0,,3640.0,56.0,23104.0,19408.0,26.0,27.8,,6980.0,,64.0
2026-10-01T01:45Z,FR,-1399.4,-4714.0,1783.2,278.5,,,37.0,,3221.7,,888.3,58.3,,410.5,820.7,2947.1,,34486.7,30718.9,20.1,16.6,-111.0,31392.2,15.9,
2026-10-01T01:45Z,IT,,7064.0,1294.0,490.0,,,,,14060.0,606.0,95.0,,1656.0,,0.0,526.0,0.0,25193.0,24667.0,12.0,16.1,,,,
2026-10-01T01:45Z,NL,,28.8,,,,3273.0,,,5456.2,,,,144.6,70.6,1266.7,345.8,,10620.5,9008.0,15.5,14.9,,472.0,,
2026-10-01T01:45Z,PL,-14.0,-4150.2,57.8,339.1,4383.4,5830.3,156.9,180.1,1168.0,,18.9,0.0,502.9,,235.6,5562.8,0.0,14707.6,8909.2,42.6,33.9,,,,57.6
2026-10-01T02:00Z,AT,-0.0,1696.6,1206.8,172.0,,,,,15.2,0.1,22.0,70.4,22.0,100.0,,1708.0,0.0,5059.2,3351.2,62.4,97.3,,,,
2026-10-01T02:00Z,BE,-590.8,1000.0,,76.7,,,,,3433.7,,,,313.1,173.2,100.3,685.2,,7637.3,6851.9,12.4,19.8,,,4.6,
2026-10-01T02:00Z,CH,,-1892.7,674.7,,,,,,,,182.0,132.0,350.0,,,,,7336.9,7336.9,11.7,20.9,,2900.2,,
2026-10-01T02:00Z,DE,-4174.0,4224.2,974.0,3659.1,11070.8,3648.3,115.8,315.1,4438.9,13.2,4.7,30.5,154.2,1282.1,2686.8,12941.4,,43785.3,28157.2,47.7,50.6,,,,
2026-10-01T02:00Z,DK,,-928.0,,1318.8,,,7.1,,100.8,,,,,162.0,2114.6,1870.5,29.4,3401.5,-612.9,159.2,96.6,,,,
2026-10-01T02:00Z,ES,-564.0,1396.1,312.0,376.0,,200.0,16.0,,8408.0,,1376.0,1112.0,12.0,244.0,,3804.0,48.0,23112.0,19260.0,26.4,27.9,,6980.0,,64.0
2026-10-01T02:00Z,FR,-1397.7,-4753.8,1751.8,278.8,,,37.0,,3182.0,,844.0,58.7,,409.6,816.2,3050.4,,34663.5,30797.0,20.0,16.6,-166.4,31396.7,28.8,
2026-10-01T02:00Z,IT,,6730.0,1273.0,502.0,,,,,14209.0,606.0,95.0,,1659.0,,0.0,518.0,0.0,25069.0,24551.0,11.9,15.9,-1474.0,,,
2026-10-01T02:00Z,NL,,-44.5,,,,3272.5,,,5430.9,,,,131.0,69.1,1034.1,333.6,,10452.5,9084.9,13.4,13.1,,471.6,,
2026-10-01T02:00Z,PL,-13.6,-3952.9,57.9,339.3,4472.6,5853.9,156.4,180.7,1163.0,,18.9,0.0,503.9,,220.2,5527.8,0.0,14867.7,9119.7,41.8,33.5,,,,57.7
2026-10-01T02:15Z,AT,-0.0,1733.3,1224.0,172.0,,,,,16.0,0.1,21.2,62.8,22.0,100.0,,1680.0,0.0,5121.2,3441.2,61.5,97.3,,,,
2026-10-01T02:15Z,DE,-3823.5,3850.1,968.5,3672.9,11105.7,3624.1,115.7,323.8,4507.6,13.2,4.9,31.1,154.2,1286.0,2699.1,13019.6,,44013.2,28294.4,47.7,50.6,,,,
2026-10-01T02:15Z,DK,,-911.0,,1254.5,,,6.9,,99.5,,,,,165.2,2121.7,1858.6,29.3,,,,96.6,,,,
2026-10-01T02:15Z,ES,-560.0,1268.5,312.0,384.0,,200.0,16.0,,8328.0,,1440.0,1016.0,12.0,244.0,,4016.0,44.0,23292.0,19232.0,27.4,29.0,,6980.0,,64.0
2026-10-01T02:15Z,FR,-1396.4,-4790.9,1746.6,278.8,,,37.0,,3185.7,,837.3,58.7,,413.1,845.3,3227.8,,34482.6,30409.5,20.7,17.0,-90.4,31399.1,40.1,
2026-10-01T02:15Z,IT,,6895.0,1273.0,495.0,,,,,13952.0,606.0,95.0,,1658.0,,0.0,525.0,0.0,25245.0,24720.0,11.9,16.1,-1247.0,,,
2026-10-01T02:15Z,NL,,-41.4,,,,3272.1,,,5566.2,,,,110.6,69.6,1085.9,276.9,,10500.6,9137.7,13.3,12.9,,472.2,,
2026-10-01T02:15Z,PL,-13.7,-3699.5,57.9,339.1,4180.8,5885.5,156.1,178.7,1162.3,,18.9,0.0,502.6,,236.4,5501.4,0.0,14792.6,9054.8,42.0,34.0,,,,57.6
2026-10-01T02:30Z,AT,-0.0,1803.2,1437.2,172.0,,,,,18.8,0.1,21.6,112.8,22.0,100.0,,1680.0,0.0,5236.4,3556.4,64.2,97.4,,,,
2026-10-01T02:30Z,DE,-2916.8,2987.2,968.4,3675.6,11149.4,3625.3,115.7,328.3,4653.9,13.2,6.0,18.9,154.1,1284.5,2798.1,13052.2,,43875.1,28024.9,48.1,50.5,,,,
2026-10-01T02:30Z,DK,,-868.0,,1210.5,,,6.8,,98.8,,,,,165.4,2125.2,1857.5,30.0,,,,96.6,,,,
2026-10-01T02:30Z,ES,-240.0,1100.4,316.0,392.0,,200.0,16.0,,8044.0,,1428.0,972.0,12.0,244.0,,4020.0,44.0,23252.0,19188.0,27.5,29.3,,6980.0,,64.0
2026-10-01T02:30Z,FR,-1395.1,-4746.6,1745.9,279.1,,,36.6,,3218.3,,852.5,58.5,,412.8,825.0,3352.1,,34536.7,30359.7,21.0,17.2,-70.4,31410.0,1.7,
2026-10-01T02:30Z,IT,,7006.0,1260.0,496.0,,,,,14114.0,606.0,95.0,,1665.0,,0.0,540.0,0.0,25495.0,24955.0,11.8,16.0,-1496.0,,,
2026-10-01T02:30Z,NL,,-82.0,,,,3273.4,,,5452.0,,,,105.6,69.3,1185.4,275.7,,10543.4,9082.3,14.2,13.8,,472.8,,
2026-10-01T02:30Z,PL,-13.7,-3339.0,57.9,338.3,4012.1,5893.2,157.9,180.8,1163.1,,18.9,0.0,502.2,,237.4,5428.0,0.0,14897.4,9231.9,41.2,34.0,,,,57.6
2026-10-01T02:45Z,AT,-0.0,1906.7,1451.2,172.0,,,,,18.8,0.1,20.4,129.2,22.0,100.0,,1664.0,0.0,5348.8,3684.8,62.8,97.4,,,,
2026-10-01T02:45Z,DE,-2579.5,2831.8,961.8,3674.3,11213.9,3626.9,115.7,329.9,4789.6,13.2,6.1,54.4,154.6,1283.1,2866.8,12977.4,,44235.4,28391.1,47.7,50.2,,,,
2026-10-01T02:45Z,DK,,-903.0,,1227.0,,,6.9,,99.0,,,,,165.2,2126.9,1852.5,30.7,,,,96.6,,,,
2026-10-01T02:45Z,ES,-280.0,1114.1,344.0,392.0,,200.0,16.0,,8064.0,,1320.0,940.0,12.0,240.0,,3992.0,44.0,23020.0,18984.0,27.3,29.0,,6980.0,,64.0
2026-10-01T02:45Z,FR,-1392.5,-4780.5,1761.8,279.1,,,36.8,,3217.0,,930.4,58.8,,408.7,807.8,3293.6,,34649.1,30547.7,21.0,17.3,-66.1,31416.4,1.2,
2026-10-01T02:45Z,IT,,6848.6,1258.0,490.0,,,,,14361.0,606.0,96.0,,1663.0,,0.0,553.0,0.0,25629.0,25076.0,11.7,15.8,,,,
2026-10-01T02:45Z,NL,,-94.2,,,,3274.2,,,5398.5,,,,111.1,70.3,1277.9,306.5,,10613.2,9028.8,15.3,14.8,,471.7,,
2026-10-01T02:45Z,PL,-13.5,-3286.2,57.9,335.8,4036.4,5936.6,157.3,181.0,1164.2,,18.9,0.0,506.3,,236.2,5401.8,0.0,15103.8,9465.8,40.4,33.8,,,,58.0
2026-10-01T03:00Z,AT,-0.0,2093.0,1514.4,172.0,,,,,18.8,0.1,34.4,134.8,22.0,100.0,,1648.0,0.0,5552.4,3904.4,61.6,97.4,,,,
2026-10-01T03:00Z,CH,,-1770.2,1013.0,,,,,,,,499.7,332.9,350.0,,,,,,,,31.7,,2902.7,,
2026-10-01T03:00Z,DE,-2564.5,3107.7,954.7,3707.3,11361.8,3536.0,116.0,336.5,5088.6,13.2,6.6,11.9,166.4,1221.0,2937.6,12946.9,,46112.2,30227.6,45.9,49.9,,,,
2026-10-01T03:00Z,DK,,-1107.0,,1398.0,,,7.4,,102.0,,,,,166.8,2122.7,1863.9,30.4,3528.2,-488.8,155.8,96.6,,,,
2026-10-01T03:00Z,ES,-332.0,1093.7,348.0,392.0,,200.0,16.0,,8424.0,,1428.0,796.0,12.0,244.0,,3832.0,44.0,23272.0,19396.0,26.8,28.3,,6984.0,,64.0
2026-10-01T03:00Z,FR,-903.6,-5148.0,1778.0,278.9,,,36.9,,3222.8,,865.5,56.0,,406.2,675.2,3158.6,,35267.4,31433.5,19.7,16.6,-66.8,31417.1,3.6,
2026-10-01T03:00Z,IT,,6411.4,1305.0,483.0,,,,,14862.0,606.0,123.0,,1663.0,,0.0,543.0,0.0,26337.0,25794.0,11.6,15.6,,,,
2026-10-01T03:00Z,NL,,-787.7,,,,3271.7,,,5765.9,,,,156.3,70.9,1279.5,298.1,,10571.3,8993.7,15.3,14.3,,471.9,,
2026-10-01T03:00Z,PL,-13.6,-3003.0,62.3,337.1,4145.8,6178.6,157.7,180.3,1191.6,,20.4,0.0,512.5,,236.8,5366.4,0.0,15478.3,9875.2,39.3,33.0,,,,58.4
2026-10-01T03:15Z,AT,-0.0,2189.2,1316.0,172.0,,,,,16.4,0.1,65.6,99.6,22.0,100.0,,1616.0,0.0,5704.0,4088.0,56.4,97.3,,,,
2026-10-01T03:15Z,DE,-2337.5,3288.0,951.8,3722.4,11407.8,3522.2,115.7,337.1,5260.1,13.2,5.7,9.6,177.6,1206.4,3057.1,12879.6,,46655.5,30718.8,45.4,49.7,,,,
2026-10-01T03:15Z,DK,,-1164.0,,1468.5,,,7.6,,102.6,,,,,166.3,2118.0,1896.9,30.9,,,,96.7,,,,
2026-10-01T03:15Z,ES,-352.0,1171.0,344.0,392.0,,200.0,16.0,,8988.0,,1304.0,760.0,12.0,244.0,,3848.0,48.0,23488.0,19592.0,26.1,27.3,,6984.0,,64.0
2026-10-01T03:15Z,FR,-658.0,-5040.4,1790.2,278.5,,,36.6,,3212.4,,861.6,55.6,,410.6,647.8,3064.2,,35771.4,32059.3,19.1,16.4,-47.1,31413.3,8.2,
2026-10-01T03:15Z,IT,,5928.1,744.0,470.0,,,,,14966.0,606.0,136.0,,1664.0,,0.0,515.0,0.0,8203.0,7688.0,30.1,12.9,,,,
2026-10-01T03:15Z,NL,,-932.3,,,,3262.6,,,5784.5,,,,205.6,71.0,1278.6,259.8,,10507.4,8969.0,15.0,13.9,,471.8,,
2026-10-01T03:15Z,PL,-9.5,-2821.0,62.3,341.6,4373.7,6045.3,158.4,177.7,1171.8,,20.4,132.4,514.0,,236.4,5331.2,0.0,15850.7,10283.1,38.2,32.7,,,,58.5
2026-10-01T03:30Z,AT,-0.0,2319.4,1334.0,172.0,,,,,15.6,0.1,27.2,114.4,22.0,100.0,,1588.0,0.0,5870.4,4282.4,54.0,97.3,,,,
2026-10-01T03:30Z,DE,-1598.6,3392.7,940.5,3737.7,11485.8,3528.4,115.9,335.2,5819.2,13.2,5.7,31.5,178.2,1231.3,3256.8,12963.2,,47538.5,31318.4,45.2,49.3,,,,
2026-10-01T03:30Z,DK,,-1168.0,,1447.0,,,7.4,,101.5,,,,,165.5,2106.8,1894.4,29.2,,,,96.7,,,,
2026-10-01T03:30Z,ES,-352.0,1083.9,344.0,392.0,,200.0,16.0,,9280.0,,1436.0,764.0,12.0,244.0,,3872.0,48.0,23580.0,19660.0,26.6,27.4,,6984.0,,60.0
2026-10-01T03:30Z,FR,-650.5,-5064.1,1793.1,278.4,,,37.0,,3234.6,,986.8,56.0,,407.6,699.2,3013.8,,36289.6,32576.7,19.2,16.7,-176.1,31420.5,1.9,
2026-10-01T03:30Z,IT,,5750.5,788.0,473.0,,,,,14976.0,606.0,136.0,,1664.0,,0.0,515.0,0.0,4033.0,3518.0,62.4,13.1,,,,
2026-10-01T03:30Z,NL,,-1340.1,,,,3267.4,,,5918.6,,,,257.8,70.8,1213.4,279.7,,10505.7,9012.5,14.5,13.3,,472.7,,
2026-10-01T03:30Z,PL,-9.2,-2673.0,62.1,345.0,4202.8,6200.9,158.4,179.4,1174.0,,20.4,132.8,514.6,,233.2,5276.3,0.0,16255.6,10746.2,36.9,32.5,,,,58.6
2026-10-01T03:45Z,AT,-0.0,2479.8,1509.6,172.0,,,,,18.0,0.1,47.6,175.6,22.0,100.0,,1564.0,4.0,6189.2,4621.2,54.1,97.4,,,,
2026-10-01T03:45Z,DE,-1147.5,3848.7,938.3,3763.9,11574.6,3531.5,116.2,325.0,6154.4,13.2,6.2,29.5,178.2,1231.9,3082.9,12980.8,,49103.2,33039.5,43.5,48.7,,,,
2026-10-01T03:45Z,ES,-352.0,772.6,336.0,392.0,,200.0,16.0,,10024.0,,1500.0,780.0,12.0,244.0,,3844.0,48.0,23904.0,20012.0,26.4,26.6,,6984.0,,64.0
2026-10-01T03:45Z,FR,-649.6,-3956.6,1803.2,278.4,,,37.0,,3365.5,,1063.0,171.6,,409.4,764.7,3053.9,,36942.3,33123.7,19.4,17.0,-152.4,31419.8,3.6,
2026-10-01T03:45Z,IT,,5833.3,1379.0,486.0,,,,,15271.0,606.0,137.0,,1675.0,,0.0,568.0,0.0,27864.0,27296.0,11.4,15.8,,,17.0,
2026-10-01T03:45Z,NL,,-1760.8,,,,3248.9,,,6433.3,,,,282.5,69.2,1191.9,241.9,,10565.1,9131.3,13.9,12.3,,472.1,,
2026-10-01T03:45Z,PL,-9.6,-2287.0,62.4,342.2,4049.5,6233.1,158.7,180.1,1225.1,,20.4,132.5,516.7,,232.8,5352.2,0.0,16801.0,11216.1,36.1,32.9,,,,58.8
2026-10-01T04:00Z,AT,-0.0,2765.4,1648.8,172.0,,,,,18.4,0.1,80.4,272.4,22.0,100.0,,1580.0,8.0,6593.6,5005.6,53.7,97.5,,,,
2026-10-01T04:00Z,DE,-984.7,5363.0,926.7,3850.7,11571.9,3590.8,116.2,342.1,6749.2,13.2,15.7,62.2,171.4,1323.8,3152.8,13252.2,,52419.6,36014.6,41.7,48.4,,,,
2026-10-01T04:00Z,ES,-16.0,-60.6,320.0,392.0,,200.0,16.0,,10284.0,,1872.0,1224.0,12.0,240.0,,3764.0,48.0,24860.0,21048.0,26.5,27.2,,6984.0,,64.0
2026-10-01T04:00Z,FR,-649.7,-3772.3,1818.4,278.4,,,37.0,,3655.1,,1379.5,416.0,,410.5,697.9,3033.8,,38309.2,34577.5,19.4,17.3,-75.3,31426.8,6.4,
2026-10-01T04:00Z,IT,,5907.6,1690.0,472.0,,,,,15382.0,606.0,407.0,,1683.0,,1.0,569.0,17.0,29648.0,29061.0,12.7,18.1,,,23.0,
2026-10-01T04:00Z,NL,,-2665.3,,,,3241.5,,,6670.5,,,,249.3,67.6,1087.5,261.9,,10450.2,9100.8,13.2,11.5,,471.7,,
2026-10-01T04:00Z,PL,-9.2,-1291.6,68.4,342.9,4179.2,6575.3,159.9,178.4,1235.7,,22.2,163.4,522.4,,233.0,5319.6,0.0,17675.7,12123.2,34.2,32.0,,,,59.3
2026-10-01T04:15Z,DE,-393.1,6291.9,931.6,3901.6,11581.2,3646.0,115.8,358.0,7125.5,13.2,15.2,242.4,157.8,1323.1,3126.3,13330.3,,54390.3,37933.7,40.3,48.1,,,,
2026-10-01T04:15Z,ES,-0.0,-1335.1,316.0,392.0,,200.0,16.0,,10420.0,,2296.0,1752.0,12.0,240.0,,3812.0,48.0,25480.0,21620.0,27.7,28.4,,6984.0,,64.0
2026-10-01T04:15Z,FR,-649.9,-2238.0,1856.5,278.4,,,36.8,,3903.5,,1578.8,473.9,,408.0,718.4,2947.5,,39334.1,35668.2,19.3,17.6,-6.8,31434.0,27.1,
2026-10-01T04:15Z,IT,,6338.2,996.0,462.0,,,,,15680.0,606.0,551.0,,1687.0,,1.0,529.0,24.0,8962.0,8408.0,35.4,15.4,,,181.0,
2026-10-01T04:15Z,NL,,-2211.6,,,,3236.9,,,7001.4,,,,268.2,68.8,1049.3,288.5,,10576.5,9238.7,13.0,11.1,,472.4,,
2026-10-01T04:15Z,PL,-8.8,-1142.6,68.2,345.0,4058.8,6905.8,157.6,176.6,1294.1,,22.2,163.4,517.9,,236.0,5278.9,0.0,18335.4,12820.4,32.8,31.4,,,,58.8
2026-10-01T04:30Z,DE,-24.0,6444.0,932.4,3920.6,11579.2,3725.8,115.8,368.5,7331.1,13.2,16.3,494.5,156.4,1321.9,3261.5,13447.5,,54139.6,37430.5,41.0,48.1,,,,
2026-10-01T04:30Z,ES,-0.0,-980.9,316.0,388.0,,200.0,16.0,,10744.0,,2564.0,1912.0,12.0,236.0,,3800.0,48.0,26164.0,22316.0,27.9,28.8,,6984.0,,60.0
2026-10-01T04:30Z,FR,-186.1,-2129.6,1889.6,278.8,,,36.8,,3953.8,,1677.8,477.9,,408.4,716.3,2885.1,,40392.1,36790.7,18.9,17.7,-4.0,31435.5,19.3,
2026-10-01T04:30Z,IT,,6565.2,999.0,466.0,,,,,15920.0,606.0,560.0,,1695.0,,2.0,529.0,24.0,5212.0,4657.0,61.1,15.3,,,465.0,
2026-10-01T04:30Z,NL,,-2407.3,,,,3229.3,,,7111.7,,,,401.5,69.3,1020.7,259.0,,10667.0,9387.3,12.3,10.5,,472.1,,
2026-10-01T04:30Z,PL,-8.9,-1013.5,75.7,341.0,3927.8,7244.8,157.9,177.2,1264.3,,24.7,163.4,517.8,,237.2,5289.9,67.3,18773.3,13178.9,32.5,31.4,,,,58.8
2026-10-01T04:45Z,ES,-0.0,-933.6,312.0,388.0,,200.0,24.0,,11192.0,,2600.0,1968.0,12.0,236.0,,3932.0,48.0,26948.0,22968.0,27.7,28.7,,6984.0,,64.0
2026-10-01T04:45Z,FR,-115.7,-1768.6,1789.6,278.2,,,36.8,,4029.0,,1750.0,652.2,,410.8,687.2,2804.6,,41473.5,37981.8,18.1,17.4,-4.6,31430.3,15.7,
